row_id,record_type,release,tool_id,tool_name,software_role,anchor_key,pattern,domain,expected_rows,release_digest
000002:000689e8ecfb9b7291d6716c,domain,000002,catalog-edc77597bb699a1d,Faronics Deploy,rmm,host:deploy.faronics.com,deploy.faronics.com,deploy.faronics.com,1517,f483c46933a6c284e62d665a250c3e3f9d4582ea8741f67fe88c796e2e9b9472
000002:0036c1d760c8892e9ad741e7,process,000002,catalog-43304426a9556a32,IT Agent,rmm,name:itagentrmmsenderupdater.exe,itagentrmmsenderupdater.exe,,1517,f483c46933a6c284e62d665a250c3e3f9d4582ea8741f67fe88c796e2e9b9472
000002:006b1e76f212b8eaef5f867a,process,000002,catalog-ae3901777fab8022,pcAnywhere,rmm,name:pcaquickconnect.exe,pcaquickconnect.exe,,1517,f483c46933a6c284e62d665a250c3e3f9d4582ea8741f67fe88c796e2e9b9472
000002:008d1db111d03c0824cd04cd,process,000002,catalog-8ea1b8036102ba70,Teleport Connect,rmm,name:teleport connect.exe,teleport connect.exe,,1517,f483c46933a6c284e62d665a250c3e3f9d4582ea8741f67fe88c796e2e9b9472
000002:0147711f9da2acf2cb5a656a,domain,000002,catalog-1e085f489fa06707,Teramind,rmm,host:sentry.dev.teramind.co,sentry.dev.teramind.co,sentry.dev.teramind.co,1517,f483c46933a6c284e62d665a250c3e3f9d4582ea8741f67fe88c796e2e9b9472
000002:017b6a57dd0af3c1bd5bbf29,process,000002,catalog-ef6ed0c235fac5a6,Pcnow,rmm,name:webexpcnow.exe,webexpcnow.exe,,1517,f483c46933a6c284e62d665a250c3e3f9d4582ea8741f67fe88c796e2e9b9472
000002:01975fdabea00283c45271ba,domain,000002,catalog-ba32653cf5191163,ImmyBot,rmm,host:immy.bot,*.immy.bot,immy.bot,1517,f483c46933a6c284e62d665a250c3e3f9d4582ea8741f67fe88c796e2e9b9472
000002:0201ccad9f79f1a28293e995,domain,000002,catalog-f2d4886a319c0cdf,Alpemix,rmm,host:teknopars.com,*.teknopars.com,teknopars.com,1517,f483c46933a6c284e62d665a250c3e3f9d4582ea8741f67fe88c796e2e9b9472
000002:0224e1f39b202458ce74c584,domain,000002,catalog-d96fc5f7a4b802b5,DameWare,rmm,host:dameware.com,dameware.com,dameware.com,1517,f483c46933a6c284e62d665a250c3e3f9d4582ea8741f67fe88c796e2e9b9472
000002:022a70de2b02e3c2d1258c18,domain,000002,anydesk,AnyDesk,rmm,host:net.anydesk.com,relay-*.net.anydesk.com,net.anydesk.com,1517,f483c46933a6c284e62d665a250c3e3f9d4582ea8741f67fe88c796e2e9b9472
000002:024354ded2858371db324065,process,000002,site24x7,Site24x7,management,name:site24x7pluginagent.exe,site24x7pluginagent.exe,,1517,f483c46933a6c284e62d665a250c3e3f9d4582ea8741f67fe88c796e2e9b9472
000002:025ac2d9977f0e071acc5c57,domain,000002,catalog-19b198de7105fe49,Freshservice,rmm,host:static.freshdev.io,static.freshdev.io,static.freshdev.io,1517,f483c46933a6c284e62d665a250c3e3f9d4582ea8741f67fe88c796e2e9b9472
000002:027b2ad0e767107f650f3e98,process,000002,catalog-bcaaa38f1a847568,Zecurit,rmm,name:zecuritagentregister.exe,zecuritagentregister.exe,,1517,f483c46933a6c284e62d665a250c3e3f9d4582ea8741f67fe88c796e2e9b9472
000002:02b26856ef269d3ff3ec8c4f,process,000002,catalog-26fa64ab84197880,RMMmax,rmm,name:rmmmaxagentsetup.exe,rmmmaxagentsetup.exe,,1517,f483c46933a6c284e62d665a250c3e3f9d4582ea8741f67fe88c796e2e9b9472
000002:02bad00c91b7df3286da3f05,process,000002,catalog-14fb400d50727b0f,UniSystem RMM,rmm,name:unirmm.exe,unirmm.exe,,1517,f483c46933a6c284e62d665a250c3e3f9d4582ea8741f67fe88c796e2e9b9472
000002:02ca31655aafafed09efcb50,domain,000002,catalog-40fe2d02c1ca14b5,Addigy,rmm,host:agents.addigy.com,agents.addigy.com,agents.addigy.com,1517,f483c46933a6c284e62d665a250c3e3f9d4582ea8741f67fe88c796e2e9b9472
000002:030366ee58c98975315cf4c1,process,000002,catalog-117455c3b09c8245,Rapid7,rmm,name:rapid7_agent_core.exe,rapid7_agent_core.exe,,1517,f483c46933a6c284e62d665a250c3e3f9d4582ea8741f67fe88c796e2e9b9472
000002:0319c0500fedde28b8714473,process,000002,catalog-3ceffa3a22405883,iDrive,rmm,name:id_tray.exe,id_tray.exe,,1517,f483c46933a6c284e62d665a250c3e3f9d4582ea8741f67fe88c796e2e9b9472
000002:034869d4d4959cbc05b3e495,process,000002,qq,QQ / TIM (dual use),dual_use,name:qqpcmgr.exe,qqpcmgr.exe,,1517,f483c46933a6c284e62d665a250c3e3f9d4582ea8741f67fe88c796e2e9b9472
000002:03601ca87457dacc0fa46a3b,domain,000002,catalog-84b6f03ebe1a7594,ngrok,rmm,host:connect.ap.ngrok-agent.com,connect.ap.ngrok-agent.com,connect.ap.ngrok-agent.com,1517,f483c46933a6c284e62d665a250c3e3f9d4582ea8741f67fe88c796e2e9b9472
000002:0380d0db8c5277fcfa10ebba,process,000002,catalog-8e505bee2a84aaa8,GoToMyPC,rmm,name:g2mstart.exe,g2mstart.exe,,1517,f483c46933a6c284e62d665a250c3e3f9d4582ea8741f67fe88c796e2e9b9472
000002:03c1b7b6c9cff855cb14a598,process,000002,catalog-23e83aebc0d2d846,RemotePC,rmm,name:remotepc.exe,remotepc.exe,,1517,f483c46933a6c284e62d665a250c3e3f9d4582ea8741f67fe88c796e2e9b9472
000002:03eea65124fa9ec7e93a4c8b,domain,000002,catalog-c52e6b18e0f32d9f,CloudFlare Tunnel,rmm,host:region2.v2.argotunnel.com,region2.v2.argotunnel.com,region2.v2.argotunnel.com,1517,f483c46933a6c284e62d665a250c3e3f9d4582ea8741f67fe88c796e2e9b9472
000002:040e896e70af95790f19e494,domain,000002,catalog-60de39a68a770323,Xeox,rmm,host:xeox.com,*.xeox.com,xeox.com,1517,f483c46933a6c284e62d665a250c3e3f9d4582ea8741f67fe88c796e2e9b9472
000002:0426beb1490a59c0f8bf9472,process,000002,catalog-097f802b72a90b59,CentraStage (Now Datto),rmm,name:aemagent.exe,aemagent.exe,,1517,f483c46933a6c284e62d665a250c3e3f9d4582ea8741f67fe88c796e2e9b9472
000002:045c308e1669c2c37d7210cb,domain,000002,catalog-3ebdfee426cceb46,Atera,rmm,host:packagesstore.blob.core.windows.net,packagesstore.blob.core.windows.net,packagesstore.blob.core.windows.net,1517,f483c46933a6c284e62d665a250c3e3f9d4582ea8741f67fe88c796e2e9b9472
000002:045dff6479988fca7de67234,domain,000002,catalog-c0f87b68c95e8e35,DesktopNow,rmm,host:nchuser.com,*.nchuser.com,nchuser.com,1517,f483c46933a6c284e62d665a250c3e3f9d4582ea8741f67fe88c796e2e9b9472
000002:04d1c976f50bccf87798d427,domain,000002,catalog-f376d45ef7097e5b,ISL Light,rmm,host:islonline.com,islonline.com,islonline.com,1517,f483c46933a6c284e62d665a250c3e3f9d4582ea8741f67fe88c796e2e9b9472
000002:04df1f4584f48f29ba1425cf,process,000002,catalog-30dc308a2792e1e2,BeAnyWhere,rmm,name:basupappsrvc.exe,basupappsrvc.exe,,1517,f483c46933a6c284e62d665a250c3e3f9d4582ea8741f67fe88c796e2e9b9472
000002:0546e0129d5ea1a7ea14b692,domain,000002,catalog-928dd037614b3dc2,Sorillus,rmm,host:sorillus.com,*.sorillus.com,sorillus.com,1517,f483c46933a6c284e62d665a250c3e3f9d4582ea8741f67fe88c796e2e9b9472
000002:055ca97a7cb1d2c07cbe9461,process,000002,catalog-02d60382ee6d0dcd,Ninite Pro (Ninite Agent),rmm,name:ninite.exe,ninite.exe,,1517,f483c46933a6c284e62d665a250c3e3f9d4582ea8741f67fe88c796e2e9b9472
000002:057018667272ecd06976f9a6,domain,000002,catalog-edc77597bb699a1d,Faronics Deploy,rmm,host:www.faronicsdeploy.com,www.faronicsdeploy.com,www.faronicsdeploy.com,1517,f483c46933a6c284e62d665a250c3e3f9d4582ea8741f67fe88c796e2e9b9472
000002:0580883e64a9dca9ec123adb,domain,000002,catalog-ae92aaaa38b07179,SpyAnywhere,rmm,host:spyanywhere.com,spyanywhere.com,spyanywhere.com,1517,f483c46933a6c284e62d665a250c3e3f9d4582ea8741f67fe88c796e2e9b9472
000002:058fb682c1209db6c0bca8cf,domain,000002,catalog-9de6935b812ac8af,Duet Display,rmm,host:rdp.duetdisplay.com,rdp.duetdisplay.com,rdp.duetdisplay.com,1517,f483c46933a6c284e62d665a250c3e3f9d4582ea8741f67fe88c796e2e9b9472
000002:05a7e91bb68e18f7b1aca634,process,000002,catalog-b9997ff8ed783a9f,Beacon (Synertek),rmm,name:beacon-agent.exe,beacon-agent.exe,,1517,f483c46933a6c284e62d665a250c3e3f9d4582ea8741f67fe88c796e2e9b9472
000002:05b1ac6905cb5a2407382eca,domain,000002,catalog-cf6d58d43a488002,MyGreenPC,rmm,host:mygreenpc.com,*.mygreenpc.com,mygreenpc.com,1517,f483c46933a6c284e62d665a250c3e3f9d4582ea8741f67fe88c796e2e9b9472
000002:05bbeef75489de6e0975ab2f,process,000002,catalog-19b198de7105fe49,Freshservice,rmm,name:fsscheduler.exe,fsscheduler.exe,,1517,f483c46933a6c284e62d665a250c3e3f9d4582ea8741f67fe88c796e2e9b9472
000002:0632eaaf0f5e5476c3e888a7,domain,000002,catalog-63161cd474be006f,LiteManager,rmm,host:litemanager.ru,*.litemanager.ru,litemanager.ru,1517,f483c46933a6c284e62d665a250c3e3f9d4582ea8741f67fe88c796e2e9b9472
000002:0700436ad761b292c7f12291,process,000002,catalog-8e505bee2a84aaa8,GoToMyPC,rmm,name:g2mfeedback.exe,g2mfeedback.exe,,1517,f483c46933a6c284e62d665a250c3e3f9d4582ea8741f67fe88c796e2e9b9472
000002:071df5a7d2938d40a09bccc2,process,000002,catalog-956feedb2e7ebc4b,Mouse Without Borders,rmm,name:mousewithoutborders.exe,mousewithoutborders.exe,,1517,f483c46933a6c284e62d665a250c3e3f9d4582ea8741f67fe88c796e2e9b9472
000002:07239cf071fa5b56ede00d4e,process,000002,catalog-2cbb50e9512ef5d6,TeleDesktop,rmm,name:ptdskhost.exe,ptdskhost.exe,,1517,f483c46933a6c284e62d665a250c3e3f9d4582ea8741f67fe88c796e2e9b9472
000002:073376364ef657f8a56cf65a,domain,000002,chrome-remote-desktop,Chrome Remote Desktop,rmm,host:remotedesktop-pa.googleapis.com,*.remotedesktop-pa.googleapis.com,remotedesktop-pa.googleapis.com,1517,f483c46933a6c284e62d665a250c3e3f9d4582ea8741f67fe88c796e2e9b9472
000002:0785bd46ab8ba22dc0d589dc,process,000002,catalog-e8891772379fac13,Syncro,rmm,name:kabutosetup.exe,kabutosetup.exe,,1517,f483c46933a6c284e62d665a250c3e3f9d4582ea8741f67fe88c796e2e9b9472
000002:078953d463b09523d1050447,domain,000002,catalog-e56b9821adb88d0d,Pocket Controller (Soti Xsight),rmm,host:soti.net,*.soti.net,soti.net,1517,f483c46933a6c284e62d665a250c3e3f9d4582ea8741f67fe88c796e2e9b9472
000002:0793c36652037b7d04248b7e,domain,000002,catalog-74d3c028dbb300fc,NetSupport Manager,rmm,host:geo.netsupportsoftware.com,geo.netsupportsoftware.com,geo.netsupportsoftware.com,1517,f483c46933a6c284e62d665a250c3e3f9d4582ea8741f67fe88c796e2e9b9472
000002:081cef37f6d66e1d6c8bddf0,process,000002,catalog-c4ac628087cc440d,NetLock RMM,rmm,name:netlock_rmm_agent_installer.exe,netlock_rmm_agent_installer.exe,,1517,f483c46933a6c284e62d665a250c3e3f9d4582ea8741f67fe88c796e2e9b9472
000002:08505baa8d2ab1873099e5af,process,000002,catalog-88d90e2eef3374ce,Tailscale,rmm,prefix:tailscale,tailscale-*.exe,,1517,f483c46933a6c284e62d665a250c3e3f9d4582ea8741f67fe88c796e2e9b9472
000002:0860437c2b415568caee1c03,domain,000002,catalog-3ebdfee426cceb46,Atera,rmm,host:getalphacontrol.com,getalphacontrol.com,getalphacontrol.com,1517,f483c46933a6c284e62d665a250c3e3f9d4582ea8741f67fe88c796e2e9b9472
000002:08996c24c8472b534d675798,process,000002,catalog-1af53446e9d2b695,Controlio,rmm,name:bbl.exe,bbl.exe,,1517,f483c46933a6c284e62d665a250c3e3f9d4582ea8741f67fe88c796e2e9b9472
000002:08b383ff7e660e7a1f1984de,domain,000002,catalog-117455c3b09c8245,Rapid7,rmm,host:analytics.insight.rapid7.com,*.analytics.insight.rapid7.com,analytics.insight.rapid7.com,1517,f483c46933a6c284e62d665a250c3e3f9d4582ea8741f67fe88c796e2e9b9472
000002:08f3f34674b623d65d2a9577,process,000002,catalog-156d8f82ee60a049,Faronics Core,rmm,name:faronicscoreagent.exe,faronicscoreagent.exe,,1517,f483c46933a6c284e62d665a250c3e3f9d4582ea8741f67fe88c796e2e9b9472
000002:09051fadddf938bdaddd1d65,process,000002,rustdesk,RustDesk,rmm,name:rustdesk,rustdesk,,1517,f483c46933a6c284e62d665a250c3e3f9d4582ea8741f67fe88c796e2e9b9472
000002:0920dbcaf900bb606157d7af,process,000002,catalog-1d0ad89444a3845d,Netop Remote Control (Impero Connect),rmm,name:ngstw32.exe,ngstw32.exe,,1517,f483c46933a6c284e62d665a250c3e3f9d4582ea8741f67fe88c796e2e9b9472
000002:0921199f4685c1b1d1ebb258,domain,000002,catalog-e6dde8683d2b2937,Lavawall,rmm,host:lavawinupdate.lavawall.com,lavawinupdate.lavawall.com,lavawinupdate.lavawall.com,1517,f483c46933a6c284e62d665a250c3e3f9d4582ea8741f67fe88c796e2e9b9472
000002:092de85a227549badabfd9ca,process,000002,catalog-53b6d6d5420e470d,VIZOR,rmm,name:vnconfigutils.exe,vnconfigutils.exe,,1517,f483c46933a6c284e62d665a250c3e3f9d4582ea8741f67fe88c796e2e9b9472
000002:094d8b81acd0e86e824104ef,process,000002,catalog-673fa557d7aa8ae5,WinSCP,rmm,name:winscp.exe,winscp.exe,,1517,f483c46933a6c284e62d665a250c3e3f9d4582ea8741f67fe88c796e2e9b9472
000002:09f5880117a190a00e10e654,domain,000002,catalog-53943ad052783090,RMMCRAT,rmm,host:softbymade.top,softbymade.top,softbymade.top,1517,f483c46933a6c284e62d665a250c3e3f9d4582ea8741f67fe88c796e2e9b9472
000002:09f85f5b4575493c412d3472,process,000002,catalog-fc5e79df91209451,PSEXEC (Clone),rmm,name:remcom.exe,remcom.exe,,1517,f483c46933a6c284e62d665a250c3e3f9d4582ea8741f67fe88c796e2e9b9472
000002:0a6e20687c4933f1bd6e0568,domain,000002,catalog-29fe29f95ab91f7b,AliWangWang-remote-control,rmm,host:wangwang.taobao.com,wangwang.taobao.com,wangwang.taobao.com,1517,f483c46933a6c284e62d665a250c3e3f9d4582ea8741f67fe88c796e2e9b9472
000002:0a7f0523417999b756ae37b0,process,000002,catalog-ef6ed0c235fac5a6,Pcnow,rmm,name:mwcliun.exe,mwcliun.exe,,1517,f483c46933a6c284e62d665a250c3e3f9d4582ea8741f67fe88c796e2e9b9472
000002:0a8fcf93c2f264e63f8b0b5b,domain,000002,catalog-ae851acb9464e734,Iperius Remote,rmm,host:iperiusremote.com,*.iperiusremote.com,iperiusremote.com,1517,f483c46933a6c284e62d665a250c3e3f9d4582ea8741f67fe88c796e2e9b9472
000002:0ab521682a80c5ed2f41c7ee,domain,000002,catalog-93115f6856c5fec3,NetBird,rmm,host:googl-6c11f.firebaseapp.com,googl-6c11f.firebaseapp.com,googl-6c11f.firebaseapp.com,1517,f483c46933a6c284e62d665a250c3e3f9d4582ea8741f67fe88c796e2e9b9472
000002:0afbafa3a3b379f551087e9c,process,000002,catalog-8e505bee2a84aaa8,GoToMyPC,rmm,name:g2mvideoconference.exe,g2mvideoconference.exe,,1517,f483c46933a6c284e62d665a250c3e3f9d4582ea8741f67fe88c796e2e9b9472
000002:0b5bc70fc92d06396a7994a4,domain,000002,catalog-79f52aadf000fb06,IntelliAdmin Remote Control,rmm,host:intelliadmin.com,*.intelliadmin.com,intelliadmin.com,1517,f483c46933a6c284e62d665a250c3e3f9d4582ea8741f67fe88c796e2e9b9472
000002:0b7511dce4ba79ec0c2b0fb1,domain,000002,catalog-3e93ab9fa5a4e67f,Itarian,rmm,host:cmdm.comodo.com,*.cmdm.comodo.com,cmdm.comodo.com,1517,f483c46933a6c284e62d665a250c3e3f9d4582ea8741f67fe88c796e2e9b9472
000002:0b790dd7dde51276077784de,domain,000002,catalog-5b4c6c01aa0e9759,ISL Online,rmm,host:islonline.com,*.islonline.com,islonline.com,1517,f483c46933a6c284e62d665a250c3e3f9d4582ea8741f67fe88c796e2e9b9472
000002:0b7f455655e0fbbf12091167,process,000002,catalog-a048362b91f0d448,MSP360,rmm,name:cloud.backup.scheduler.exe,cloud.backup.scheduler.exe,,1517,f483c46933a6c284e62d665a250c3e3f9d4582ea8741f67fe88c796e2e9b9472
000002:0b8da9609e990080a0452b91,process,000002,catalog-9aa6fcc20ffa26a9,HelpWire,rmm,name:helpwire quick.exe,helpwire quick.exe,,1517,f483c46933a6c284e62d665a250c3e3f9d4582ea8741f67fe88c796e2e9b9472
000002:0bec8b883ef4666ce41095da,domain,000002,catalog-e2a0f74619359504,Acronis Cyber Protect (Remotix),rmm,host:acronis.com,agents*-cloud.acronis.com,acronis.com,1517,f483c46933a6c284e62d665a250c3e3f9d4582ea8741f67fe88c796e2e9b9472
000002:0c142ddf14637204e9078d25,process,000002,catalog-8a42d37e2ea82b1a,SuperOps,rmm,name:superopsticket.exe,superopsticket.exe,,1517,f483c46933a6c284e62d665a250c3e3f9d4582ea8741f67fe88c796e2e9b9472
000002:0c7932024f005ef9a01bf604,process,000002,catalog-60de39a68a770323,Xeox,rmm,name:xeox_service_windows.exe,xeox_service_windows.exe,,1517,f483c46933a6c284e62d665a250c3e3f9d4582ea8741f67fe88c796e2e9b9472
000002:0c83c0b51379680deebedf47,domain,000002,catalog-21e65df4e86b4b08,Neturo,rmm,host:neturo.uplus.co.kr,neturo.uplus.co.kr,neturo.uplus.co.kr,1517,f483c46933a6c284e62d665a250c3e3f9d4582ea8741f67fe88c796e2e9b9472
000002:0c989d814ac6da4f2259bd92,domain,000002,quickassist,Microsoft Quick Assist,rmm,host:support.services.microsoft.com,*.support.services.microsoft.com,support.services.microsoft.com,1517,f483c46933a6c284e62d665a250c3e3f9d4582ea8741f67fe88c796e2e9b9472
000002:0cb3fa6425a41634791e2bc0,process,000002,catalog-8af9b8f9f766bf43,GoToAssist (GoTo Resolve),rmm,name:gotoresolveterminal.exe,gotoresolveterminal.exe,,1517,f483c46933a6c284e62d665a250c3e3f9d4582ea8741f67fe88c796e2e9b9472
000002:0cf95f0a08d5e4b7f9778b0c,domain,000002,catalog-c351786f54292575,RPort,rmm,host:rport.io,rport.io,rport.io,1517,f483c46933a6c284e62d665a250c3e3f9d4582ea8741f67fe88c796e2e9b9472
000002:0d943f3cc357f192e84da315,domain,000002,catalog-3ebdfee426cceb46,Atera,rmm,host:pubsub.atera.com,pubsub.atera.com,pubsub.atera.com,1517,f483c46933a6c284e62d665a250c3e3f9d4582ea8741f67fe88c796e2e9b9472
000002:0db64cd53beb6d9b86293e86,domain,000002,rustdesk,RustDesk,rmm,host:rs-ny.rustdesk.com,rs-ny.rustdesk.com,rs-ny.rustdesk.com,1517,f483c46933a6c284e62d665a250c3e3f9d4582ea8741f67fe88c796e2e9b9472
000002:0db6aae03204146cb5c7e4c4,process,000002,catalog-bf2638a75793a7b8,ezHelp,rmm,name:ezhelpmanager.exe,ezhelpmanager.exe,,1517,f483c46933a6c284e62d665a250c3e3f9d4582ea8741f67fe88c796e2e9b9472
000002:0dd48eab5816a4488bfa0ae0,domain,000002,catalog-df65e7533d62a81a,Faronics Deep Freeze,rmm,host:www.deepfreeze.com,www.deepfreeze.com,www.deepfreeze.com,1517,f483c46933a6c284e62d665a250c3e3f9d4582ea8741f67fe88c796e2e9b9472
000002:0de9eeeeeefa70240960bbff,process,000002,catalog-8e505bee2a84aaa8,GoToMyPC,rmm,name:g2msessioncontrol.exe,g2msessioncontrol.exe,,1517,f483c46933a6c284e62d665a250c3e3f9d4582ea8741f67fe88c796e2e9b9472
000002:0debad0ce1f7dc897e5b3d86,process,000002,catalog-9b32da4dee4b74a8,CrossLoop,rmm,name:winvncstub.exe,winvncstub.exe,,1517,f483c46933a6c284e62d665a250c3e3f9d4582ea8741f67fe88c796e2e9b9472
000002:0e05ae27d0e06a5e7faa129a,domain,000002,catalog-53b6d6d5420e470d,VIZOR,rmm,host:downloads.vector-networks.com,downloads.vector-networks.com,downloads.vector-networks.com,1517,f483c46933a6c284e62d665a250c3e3f9d4582ea8741f67fe88c796e2e9b9472
000002:0e1334b4051d075175877584,process,000002,catalog-c79663945a08bb60,Remotely,rmm,name:remotely_desktop.exe,remotely_desktop.exe,,1517,f483c46933a6c284e62d665a250c3e3f9d4582ea8741f67fe88c796e2e9b9472
000002:0e48b193b24fca3c1c331fa9,domain,000002,catalog-fb9d3f978633f4bd,Royal TS,rmm,host:royalapps.com,royalapps.com,royalapps.com,1517,f483c46933a6c284e62d665a250c3e3f9d4582ea8741f67fe88c796e2e9b9472
000002:0e502939b18843f548c8996c,process,000002,catalog-42e50b829f949d47,Monitic,rmm,name:moniticinstaller.exe,moniticinstaller.exe,,1517,f483c46933a6c284e62d665a250c3e3f9d4582ea8741f67fe88c796e2e9b9472
000002:0e52293c3e563a7ceb22b7b8,domain,000002,endpoint-central,ManageEngine Endpoint Central,management,host:dms.zoho.com.eu,*.dms.zoho.com.eu,dms.zoho.com.eu,1517,f483c46933a6c284e62d665a250c3e3f9d4582ea8741f67fe88c796e2e9b9472
000002:0e552db2d3c4330a791aa46f,process,000002,catalog-efa8e08b880acd8b,Action1,rmm,name:action1_agent.exe,action1_agent.exe,,1517,f483c46933a6c284e62d665a250c3e3f9d4582ea8741f67fe88c796e2e9b9472
000002:0e63cf84f989a095103c0f4e,domain,000002,catalog-7caae9f3cece9eff,DeskDay,rmm,host:deskday.ai,deskday.ai,deskday.ai,1517,f483c46933a6c284e62d665a250c3e3f9d4582ea8741f67fe88c796e2e9b9472
000002:0ec41e1db7ea4dcfe7197e66,domain,000002,catalog-4aa53e7ac73606db,RemSupp,rmm,host:download.remsupp.com,download.remsupp.com,download.remsupp.com,1517,f483c46933a6c284e62d665a250c3e3f9d4582ea8741f67fe88c796e2e9b9472
000002:0edb17d90c9e11c28fd5fda2,domain,000002,catalog-5128db8cd4ae8dec,Comodo RMM,rmm,host:one.comodo.com,one.comodo.com,one.comodo.com,1517,f483c46933a6c284e62d665a250c3e3f9d4582ea8741f67fe88c796e2e9b9472
000002:0f2cd3061b1ea3a5d7958a65,process,000002,catalog-7c0ae94946204a53,Obliance,rmm,name:obliance-watchdog.exe,obliance-watchdog.exe,,1517,f483c46933a6c284e62d665a250c3e3f9d4582ea8741f67fe88c796e2e9b9472
000002:0f5b1966cfc0ba925a64cd2d,process,000002,catalog-16556f79cd2448b7,Laplink Everywhere,rmm,name:oosysagent.exe,oosysagent.exe,,1517,f483c46933a6c284e62d665a250c3e3f9d4582ea8741f67fe88c796e2e9b9472
000002:0f714bb4d925bb7e5d170f07,process,000002,catalog-60849355f54453bc,Supremo,rmm,name:supremohelper.exe,supremohelper.exe,,1517,f483c46933a6c284e62d665a250c3e3f9d4582ea8741f67fe88c796e2e9b9472
000002:0f88019fd7522452213e2ac0,process,000002,catalog-b417d531a0a34211,Veyon,rmm,name:veyon-service.exe,veyon-service.exe,,1517,f483c46933a6c284e62d665a250c3e3f9d4582ea8741f67fe88c796e2e9b9472
000002:0faf8d617ca3ac89d9836d80,process,000002,catalog-b65c5d5d98d6ebfc,BreezeRMM,rmm,name:breeze-watchdog.exe,breeze-watchdog.exe,,1517,f483c46933a6c284e62d665a250c3e3f9d4582ea8741f67fe88c796e2e9b9472
000002:0fb919273f68ba9de17dd92b,domain,000002,catalog-8c39d368ca004ef0,Jump Desktop,rmm,host:jumpdesktop.com,jumpdesktop.com,jumpdesktop.com,1517,f483c46933a6c284e62d665a250c3e3f9d4582ea8741f67fe88c796e2e9b9472
000002:101dfdc7941bee13e14169d8,process,000002,catalog-8e505bee2a84aaa8,GoToMyPC,rmm,name:g2host.exe,g2host.exe,,1517,f483c46933a6c284e62d665a250c3e3f9d4582ea8741f67fe88c796e2e9b9472
000002:1067d1245a0a1cbaf83889f4,process,000002,catalog-43304426a9556a32,IT Agent,rmm,name:itagentrmmsender.exe,itagentrmmsender.exe,,1517,f483c46933a6c284e62d665a250c3e3f9d4582ea8741f67fe88c796e2e9b9472
000002:10b0ddc865a5af2be38e6043,process,000002,catalog-6f90b491913c9019,LS RMM,rmm,name:ls rmm.exe,ls rmm.exe,,1517,f483c46933a6c284e62d665a250c3e3f9d4582ea8741f67fe88c796e2e9b9472
000002:10b608ceea88895a88028aa3,domain,000002,catalog-93115f6856c5fec3,NetBird,rmm,host:googl-6c11f.web.app,googl-6c11f.web.app,googl-6c11f.web.app,1517,f483c46933a6c284e62d665a250c3e3f9d4582ea8741f67fe88c796e2e9b9472
000002:10c831e9386086f919ceabb0,domain,000002,catalog-330dd78fc312f0b0,ManageEngine ServiceDesk Plus,rmm,host:manageengine.com,manageengine.com,manageengine.com,1517,f483c46933a6c284e62d665a250c3e3f9d4582ea8741f67fe88c796e2e9b9472
000002:10e3114ac2bf6ba7658ade2a,process,000002,catalog-1e085f489fa06707,Teramind,rmm,name:tmagentsvc.exe,tmagentsvc.exe,,1517,f483c46933a6c284e62d665a250c3e3f9d4582ea8741f67fe88c796e2e9b9472
000002:10e4b82e661a597fa7bf1e3a,process,000002,catalog-5aafcfeba8484447,Net Monitor for Employees,rmm,name:winpty-agent64.exe,winpty-agent64.exe,,1517,f483c46933a6c284e62d665a250c3e3f9d4582ea8741f67fe88c796e2e9b9472
000002:10f460af7705c645ff817eab,process,000002,catalog-ae3901777fab8022,pcAnywhere,rmm,name:winaw32.exe,winaw32.exe,,1517,f483c46933a6c284e62d665a250c3e3f9d4582ea8741f67fe88c796e2e9b9472
000002:110670e6f8f165b645b278d6,domain,000002,catalog-bcaaa38f1a847568,Zecurit,rmm,host:dms.zecurit.com,dms.zecurit.com,dms.zecurit.com,1517,f483c46933a6c284e62d665a250c3e3f9d4582ea8741f67fe88c796e2e9b9472
000002:1143f969c06de81faa5ecd52,domain,000002,catalog-550a0cd696f121c7,RuDesktop,rmm,host:rudesktop.ru,*.rudesktop.ru,rudesktop.ru,1517,f483c46933a6c284e62d665a250c3e3f9d4582ea8741f67fe88c796e2e9b9472
000002:118ec20dfcbfbc655aa4ff4e,domain,000002,catalog-b65c5d5d98d6ebfc,BreezeRMM,rmm,host:us.2breeze.app,us.2breeze.app,us.2breeze.app,1517,f483c46933a6c284e62d665a250c3e3f9d4582ea8741f67fe88c796e2e9b9472
000002:119660566b1405ccf06bfec9,process,000002,ambiguous-bdfdc940c5432a23,Ambiguous: Ultra VNC / VNC,ambiguous,name:winvnc.exe,winvnc.exe,,1517,f483c46933a6c284e62d665a250c3e3f9d4582ea8741f67fe88c796e2e9b9472
000002:11b649ac339d54fc3901fde6,process,000002,catalog-999190b03999bb15,Any Support,rmm,name:manuallauncher.exe,manuallauncher.exe,,1517,f483c46933a6c284e62d665a250c3e3f9d4582ea8741f67fe88c796e2e9b9472
000002:12297982d82387987ebd37e8,domain,000002,catalog-b11823ea2cb74c56,N-Able Advanced Monitoring Agent,rmm,host:cloudbackup.management,cloudbackup.management,cloudbackup.management,1517,f483c46933a6c284e62d665a250c3e3f9d4582ea8741f67fe88c796e2e9b9472
000002:12c5b254b9a280e93c7fb5ad,domain,000002,catalog-90e9757057a183fb,ZeroTier,rmm,host:zerotier.com,*.zerotier.com,zerotier.com,1517,f483c46933a6c284e62d665a250c3e3f9d4582ea8741f67fe88c796e2e9b9472
000002:12db4e73703c9174082b24b9,domain,000002,catalog-74d3c028dbb300fc,NetSupport Manager,rmm,host:netsupportmanager.com,*.netsupportmanager.com,netsupportmanager.com,1517,f483c46933a6c284e62d665a250c3e3f9d4582ea8741f67fe88c796e2e9b9472
000002:12db79af8fdc687abb43af02,process,000002,ambiguous-3a007a5162dec09d,Ambiguous: CrossTec Remote Control / RdClient,ambiguous,name:supporttool.exe,supporttool.exe,,1517,f483c46933a6c284e62d665a250c3e3f9d4582ea8741f67fe88c796e2e9b9472
000002:12e95f3512dde1c6c37969cc,process,000002,catalog-53b6d6d5420e470d,VIZOR,rmm,name:recycler.exe,recycler.exe,,1517,f483c46933a6c284e62d665a250c3e3f9d4582ea8741f67fe88c796e2e9b9472
000002:136b7d8ee4346c064d0ee589,process,000002,catalog-a75e4c9e91678258,FleetDeck.io,rmm,name:fleetdeck_installer.exe,fleetdeck_installer.exe,,1517,f483c46933a6c284e62d665a250c3e3f9d4582ea8741f67fe88c796e2e9b9472
000002:137572e67c48b9998a9cbcca,process,000002,catalog-53b6d6d5420e470d,VIZOR,rmm,name:mqmailintegration.exe,mqmailintegration.exe,,1517,f483c46933a6c284e62d665a250c3e3f9d4582ea8741f67fe88c796e2e9b9472
000002:13e76062300216307e7e31ee,process,000002,catalog-c08465e36ce01e50,BeamYourScreen,rmm,name:beamyourscreen-host.exe,beamyourscreen-host.exe,,1517,f483c46933a6c284e62d665a250c3e3f9d4582ea8741f67fe88c796e2e9b9472
000002:13f9a48c92202acdfcfd920f,domain,000002,catalog-19b198de7105fe49,Freshservice,rmm,host:rtschannel.com,*.rtschannel.com,rtschannel.com,1517,f483c46933a6c284e62d665a250c3e3f9d4582ea8741f67fe88c796e2e9b9472
000002:14095f70d58677ffda8fecff,domain,000002,catalog-c52e6b18e0f32d9f,CloudFlare Tunnel,rmm,host:api.cloudflare.com,api.cloudflare.com,api.cloudflare.com,1517,f483c46933a6c284e62d665a250c3e3f9d4582ea8741f67fe88c796e2e9b9472
000002:1463f67e6afbb5d60432ffee,process,000002,catalog-60849355f54453bc,Supremo,rmm,name:supremo.exe,supremo.exe,,1517,f483c46933a6c284e62d665a250c3e3f9d4582ea8741f67fe88c796e2e9b9472
000002:1470f4c383ffbfab38af070f,process,000002,catalog-2a1b90632d61ad3d,Seetrol,rmm,name:seetrolremote.exe,seetrolremote.exe,,1517,f483c46933a6c284e62d665a250c3e3f9d4582ea8741f67fe88c796e2e9b9472
000002:1546137055018badbe9e0921,domain,000002,catalog-55116adb99b0850d,ShellHub,rmm,host:www.shellhub.io,www.shellhub.io,www.shellhub.io,1517,f483c46933a6c284e62d665a250c3e3f9d4582ea8741f67fe88c796e2e9b9472
000002:168e25391ef5451ff9fe2ebd,domain,000002,catalog-84b6f03ebe1a7594,ngrok,rmm,host:ngrok-free.app,*.ngrok-free.app,ngrok-free.app,1517,f483c46933a6c284e62d665a250c3e3f9d4582ea8741f67fe88c796e2e9b9472
000002:16940eaa72eddb18f5069497,process,000002,catalog-bd598b0060473e1f,HopToDesk,rmm,name:hoptodesk-standalone.exe,hoptodesk-standalone.exe,,1517,f483c46933a6c284e62d665a250c3e3f9d4582ea8741f67fe88c796e2e9b9472
000002:177b899f3fab1cda0fd32867,domain,000002,catalog-3ebdfee426cceb46,Atera,rmm,host:app.atera.com,app.atera.com,app.atera.com,1517,f483c46933a6c284e62d665a250c3e3f9d4582ea8741f67fe88c796e2e9b9472
000002:17c23a7009617dd3bad6f448,process,000002,catalog-8af9b8f9f766bf43,GoToAssist (GoTo Resolve),rmm,name:gotoresolveregistryeditor.exe,gotoresolveregistryeditor.exe,,1517,f483c46933a6c284e62d665a250c3e3f9d4582ea8741f67fe88c796e2e9b9472
000002:17e021b9797a2b0a61a691c8,process,000002,catalog-edc77597bb699a1d,Faronics Deploy,rmm,name:modulesupgrademgr.exe,modulesupgrademgr.exe,,1517,f483c46933a6c284e62d665a250c3e3f9d4582ea8741f67fe88c796e2e9b9472
000002:17f5e765b4850aa1b82ea4e5,process,000002,catalog-c41e79529432a597,Pcvisit,rmm,name:pcvisit.exe,pcvisit.exe,,1517,f483c46933a6c284e62d665a250c3e3f9d4582ea8741f67fe88c796e2e9b9472
000002:18276c7b0b04b8d573de1d19,process,000002,catalog-02a58e4503fc1f09,DW Service,rmm,name:dwaglnc.exe,dwaglnc.exe,,1517,f483c46933a6c284e62d665a250c3e3f9d4582ea8741f67fe88c796e2e9b9472
000002:183cbe01aab40673c44fb721,process,000002,catalog-8902bceb12b18d52,LANDesk,rmm,name:landeskagentbootstrap.exe,landeskagentbootstrap.exe,,1517,f483c46933a6c284e62d665a250c3e3f9d4582ea8741f67fe88c796e2e9b9472
000002:18400f282c37644fed35d8c0,process,000002,ambiguous-190ca0572b623d1e,Ambiguous: Ultra VNC / VNC,ambiguous,name:vncviewer.exe,vncviewer.exe,,1517,f483c46933a6c284e62d665a250c3e3f9d4582ea8741f67fe88c796e2e9b9472
000002:184c851b99c29489dea7182d,process,000002,anydesk,AnyDesk,rmm,prefix:anydesk,anydesk-*.exe,,1517,f483c46933a6c284e62d665a250c3e3f9d4582ea8741f67fe88c796e2e9b9472
000002:186686d5197948f37b56b2fa,domain,000002,catalog-edc77597bb699a1d,Faronics Deploy,rmm,host:8z5x4rqbxi.execute-api.eu-west-1.amazonaws.com,8z5x4rqbxi.execute-api.eu-west-1.amazonaws.com,8z5x4rqbxi.execute-api.eu-west-1.amazonaws.com,1517,f483c46933a6c284e62d665a250c3e3f9d4582ea8741f67fe88c796e2e9b9472
000002:186fd7b41d8ee9e0b461f927,process,000002,catalog-279efe93ccb7d9eb,Goverlan,rmm,name:govagentinstallhelper.exe,govagentinstallhelper.exe,,1517,f483c46933a6c284e62d665a250c3e3f9d4582ea8741f67fe88c796e2e9b9472
000002:18747af2b6ecf6e2f776aca1,process,000002,catalog-8af9b8f9f766bf43,GoToAssist (GoTo Resolve),rmm,name:gotoresolvenetworkchecker.exe,gotoresolvenetworkchecker.exe,,1517,f483c46933a6c284e62d665a250c3e3f9d4582ea8741f67fe88c796e2e9b9472
000002:1883cd6248aed18b5765c843,process,000002,catalog-d7cde74c495ef49b,rdp2tcp,rmm,name:rdp2tcp.exe,rdp2tcp.exe,,1517,f483c46933a6c284e62d665a250c3e3f9d4582ea8741f67fe88c796e2e9b9472
000002:18c584609fb4ba11ad599756,domain,000002,catalog-c9131c873766f2a1,OptiTune,rmm,host:optitune.us,*.optitune.us,optitune.us,1517,f483c46933a6c284e62d665a250c3e3f9d4582ea8741f67fe88c796e2e9b9472
000002:18f4490fec775def5f31f0a0,process,000002,catalog-3127e56803b5f1a8,BeyondTrust (Bomgar),rmm,name:bomgar-scc.exe,bomgar-scc.exe,,1517,f483c46933a6c284e62d665a250c3e3f9d4582ea8741f67fe88c796e2e9b9472
000002:18f9b9e210fe254b4fd7f924,process,000002,catalog-117455c3b09c8245,Rapid7,rmm,name:rapid7_endpoint_broker.exe,rapid7_endpoint_broker.exe,,1517,f483c46933a6c284e62d665a250c3e3f9d4582ea8741f67fe88c796e2e9b9472
000002:18fd4164bd08adf788551c61,process,000002,catalog-eac2e347232421be,SimpleHelp,rmm,name:vhost.exe,vhost.exe,,1517,f483c46933a6c284e62d665a250c3e3f9d4582ea8741f67fe88c796e2e9b9472
000002:195278c7532bb3e9d630485d,domain,000002,catalog-02207626bac0d92e,Zabbix Agent,rmm,host:zabbix.com,zabbix.com,zabbix.com,1517,f483c46933a6c284e62d665a250c3e3f9d4582ea8741f67fe88c796e2e9b9472
000002:19a94e8172f21caf1816f94f,process,000002,catalog-16556f79cd2448b7,Laplink Everywhere,rmm,name:serverproxyservice.exe,serverproxyservice.exe,,1517,f483c46933a6c284e62d665a250c3e3f9d4582ea8741f67fe88c796e2e9b9472
000002:19b3d9564c28399a7c0ef699,process,000002,catalog-654a35e6d873af10,RES Automation Manager,rmm,name:wmc_deployer.exe,wmc_deployer.exe,,1517,f483c46933a6c284e62d665a250c3e3f9d4582ea8741f67fe88c796e2e9b9472
000002:19ca74ae90a273852db1179a,domain,000002,catalog-fb285a7592efa994,LightRmmAgent,rmm,host:light-rmm-monitor-20260825.azurewebsites.net,light-rmm-monitor-20260825.azurewebsites.net,light-rmm-monitor-20260825.azurewebsites.net,1517,f483c46933a6c284e62d665a250c3e3f9d4582ea8741f67fe88c796e2e9b9472
000002:1a1387eb3cf037d738187d99,process,000002,catalog-8a42d37e2ea82b1a,SuperOps,rmm,name:superops.exe,superops.exe,,1517,f483c46933a6c284e62d665a250c3e3f9d4582ea8741f67fe88c796e2e9b9472
000002:1a1a713bca043825cf7ffd12,domain,000002,catalog-90e9757057a183fb,ZeroTier,rmm,host:zerotier.com,zerotier.com,zerotier.com,1517,f483c46933a6c284e62d665a250c3e3f9d4582ea8741f67fe88c796e2e9b9472
000002:1a572380241d4996f46c4ed3,domain,000002,catalog-bd598b0060473e1f,HopToDesk,rmm,host:turn.hoptodesk.com,turn.hoptodesk.com,turn.hoptodesk.com,1517,f483c46933a6c284e62d665a250c3e3f9d4582ea8741f67fe88c796e2e9b9472
000002:1a778f09636d625f46fd1838,domain,000002,catalog-dd67af2755ccfb71,Jump Cloud,rmm,host:api.jumpcloud.com,*.api.jumpcloud.com,api.jumpcloud.com,1517,f483c46933a6c284e62d665a250c3e3f9d4582ea8741f67fe88c796e2e9b9472
000002:1a859f92479b01aafcf3803b,domain,000002,catalog-6f90b491913c9019,LS RMM,rmm,host:www.logistical-software.co.uk,www.logistical-software.co.uk,www.logistical-software.co.uk,1517,f483c46933a6c284e62d665a250c3e3f9d4582ea8741f67fe88c796e2e9b9472
000002:1a8f723145d2679f3adb652d,domain,000002,catalog-0ef104fa1ae80a26,LogMeIn,rmm,host:logmein.com,*.logmein.com,logmein.com,1517,f483c46933a6c284e62d665a250c3e3f9d4582ea8741f67fe88c796e2e9b9472
000002:1ac61017a6ba626ed6a61164,domain,000002,catalog-3127e56803b5f1a8,BeyondTrust (Bomgar),rmm,host:bomgarcloud.com,*.bomgarcloud.com,bomgarcloud.com,1517,f483c46933a6c284e62d665a250c3e3f9d4582ea8741f67fe88c796e2e9b9472
000002:1afa01f2bab4db6874859833,process,000002,catalog-edc77597bb699a1d,Faronics Deploy,rmm,name:frcserver.exe,frcserver.exe,,1517,f483c46933a6c284e62d665a250c3e3f9d4582ea8741f67fe88c796e2e9b9472
000002:1afe7deb6936a0c4717cb626,domain,000002,catalog-3d1ade013018456b,RemotePulse,rmm,host:www.remotepulse.io,www.remotepulse.io,www.remotepulse.io,1517,f483c46933a6c284e62d665a250c3e3f9d4582ea8741f67fe88c796e2e9b9472
000002:1b4542c4ab8c2cd9c10a8e53,domain,000002,catalog-8bb0e13358b13690,Tanium,rmm,host:cloud.tanium.com,cloud.tanium.com,cloud.tanium.com,1517,f483c46933a6c284e62d665a250c3e3f9d4582ea8741f67fe88c796e2e9b9472
000002:1b6e6d394cdc63df5eb677f3,process,000002,catalog-932e1d256f604d98,Nezha,rmm,name:nezha-agent.exe,nezha-agent.exe,,1517,f483c46933a6c284e62d665a250c3e3f9d4582ea8741f67fe88c796e2e9b9472
000002:1bebe48636b26cc13dbb2bfe,process,000002,ambiguous-fb0d4f05e06bc719,Ambiguous: Netop Remote Control (Impero Connect) / Netop Remote Control (aka Impero Connect),ambiguous,name:rmserverconsolemediator.exe,rmserverconsolemediator.exe,,1517,f483c46933a6c284e62d665a250c3e3f9d4582ea8741f67fe88c796e2e9b9472
000002:1c06db3daf3f210232c9946b,domain,000002,catalog-edc77597bb699a1d,Faronics Deploy,rmm,host:remotepro-eu-west-1.faronicsdeploy.com,remotepro-eu-west-1.faronicsdeploy.com,remotepro-eu-west-1.faronicsdeploy.com,1517,f483c46933a6c284e62d665a250c3e3f9d4582ea8741f67fe88c796e2e9b9472
000002:1c117889a1d68d6c9eaf619b,domain,000002,catalog-1e085f489fa06707,Teramind,rmm,host:www.teramind.co,www.teramind.co,www.teramind.co,1517,f483c46933a6c284e62d665a250c3e3f9d4582ea8741f67fe88c796e2e9b9472
000002:1c224472b513903830c40244,process,000002,catalog-4e45bb06c9d03ab3,eHorus,rmm,name:ehorus_cmd.exe,ehorus_cmd.exe,,1517,f483c46933a6c284e62d665a250c3e3f9d4582ea8741f67fe88c796e2e9b9472
000002:1c2d28fbb7c8140ccdf0696c,domain,000002,catalog-88d90e2eef3374ce,Tailscale,rmm,host:tailscale.io,*.tailscale.io,tailscale.io,1517,f483c46933a6c284e62d665a250c3e3f9d4582ea8741f67fe88c796e2e9b9472
000002:1c8b81c98d0a6da269b016b3,process,000002,catalog-8c39d368ca004ef0,Jump Desktop,rmm,name:jumpconnect.exe,jumpconnect.exe,,1517,f483c46933a6c284e62d665a250c3e3f9d4582ea8741f67fe88c796e2e9b9472
000002:1cb6acd44ed19d7e556dc04e,process,000002,catalog-ae3901777fab8022,pcAnywhere,rmm,name:awrem32.exe,awrem32.exe,,1517,f483c46933a6c284e62d665a250c3e3f9d4582ea8741f67fe88c796e2e9b9472
000002:1cd3ab7c3310df0edc19811b,process,000002,catalog-60849355f54453bc,Supremo,rmm,name:supremosystem.exe,supremosystem.exe,,1517,f483c46933a6c284e62d665a250c3e3f9d4582ea8741f67fe88c796e2e9b9472
000002:1d25999be4f4d8b1ab8c102a,process,000002,splashtop,Splashtop,rmm,name:sragent.exe,sragent.exe,,1517,f483c46933a6c284e62d665a250c3e3f9d4582ea8741f67fe88c796e2e9b9472
000002:1ddcd1720f3c3b6699010b3c,domain,000002,catalog-edc77597bb699a1d,Faronics Deploy,rmm,host:nv0mddxkh7.execute-api.us-west-2.amazonaws.com,nv0mddxkh7.execute-api.us-west-2.amazonaws.com,nv0mddxkh7.execute-api.us-west-2.amazonaws.com,1517,f483c46933a6c284e62d665a250c3e3f9d4582ea8741f67fe88c796e2e9b9472
000002:1de9a8d41d880d251133adf4,process,000002,catalog-ef056b508ae76713,Absolute (Computrace),rmm,name:ctespersistence.exe,ctespersistence.exe,,1517,f483c46933a6c284e62d665a250c3e3f9d4582ea8741f67fe88c796e2e9b9472
000002:1e247352f214acaffd27eaa7,domain,000002,catalog-928dd037614b3dc2,Sorillus,rmm,host:sorillus.com,sorillus.com,sorillus.com,1517,f483c46933a6c284e62d665a250c3e3f9d4582ea8741f67fe88c796e2e9b9472
000002:1e4121c20d887a3d2ca68cd9,domain,000002,catalog-b65c5d5d98d6ebfc,BreezeRMM,rmm,host:breeze.app,breeze.app,breeze.app,1517,f483c46933a6c284e62d665a250c3e3f9d4582ea8741f67fe88c796e2e9b9472
000002:1e4450d05c182da296915170,process,000002,catalog-3e93ab9fa5a4e67f,Itarian,rmm,name:rdesktop.exe,rdesktop.exe,,1517,f483c46933a6c284e62d665a250c3e3f9d4582ea8741f67fe88c796e2e9b9472
000002:1e7054b31c350c4226899b02,process,000002,catalog-8902bceb12b18d52,LANDesk,rmm,name:tmcsvc.exe,tmcsvc.exe,,1517,f483c46933a6c284e62d665a250c3e3f9d4582ea8741f67fe88c796e2e9b9472
000002:1e96d290bb89a14a2106b9bb,process,000002,catalog-b417d531a0a34211,Veyon,rmm,name:veyon-wcli.exe,veyon-wcli.exe,,1517,f483c46933a6c284e62d665a250c3e3f9d4582ea8741f67fe88c796e2e9b9472
000002:1ec2ef6e8ae9e72cbd237280,domain,000002,catalog-bd598b0060473e1f,HopToDesk,rmm,host:hoptodesk.com,hoptodesk.com,hoptodesk.com,1517,f483c46933a6c284e62d665a250c3e3f9d4582ea8741f67fe88c796e2e9b9472
000002:1f73046459291a65948ffbdc,domain,000002,catalog-d8ec3b9e845dc0c6,Impero Connect,rmm,host:imperosoftware.com,imperosoftware.com,imperosoftware.com,1517,f483c46933a6c284e62d665a250c3e3f9d4582ea8741f67fe88c796e2e9b9472
000002:1fa34ebabd0a8d570a092cbf,process,000002,catalog-4aa53e7ac73606db,RemSupp,rmm,name:remsupp.exe,remsupp.exe,,1517,f483c46933a6c284e62d665a250c3e3f9d4582ea8741f67fe88c796e2e9b9472
000002:1fab7a0221eb15013d7be1dd,domain,000002,catalog-5bdf60e20c459eed,KickIdler,rmm,host:kickidler.com,kickidler.com,kickidler.com,1517,f483c46933a6c284e62d665a250c3e3f9d4582ea8741f67fe88c796e2e9b9472
000002:206c4a29c606e39713c804ad,process,000002,catalog-8af9b8f9f766bf43,GoToAssist (GoTo Resolve),rmm,name:gotoresolvefilemanager.exe,gotoresolvefilemanager.exe,,1517,f483c46933a6c284e62d665a250c3e3f9d4582ea8741f67fe88c796e2e9b9472
000002:208877c8ababe8676d9c8b38,process,000002,catalog-6f40ebf2937949e0,CrossTec Remote Control,rmm,name:pcivideo.exe,pcivideo.exe,,1517,f483c46933a6c284e62d665a250c3e3f9d4582ea8741f67fe88c796e2e9b9472
000002:208d9b1b1372e556061f4cdd,process,000002,catalog-107001909fe08f50,Pulseway,rmm,name:pcmonitorsrv.exe,pcmonitorsrv.exe,,1517,f483c46933a6c284e62d665a250c3e3f9d4582ea8741f67fe88c796e2e9b9472
000002:20a3216f57731822ff5d0437,process,000002,catalog-ae3901777fab8022,pcAnywhere,rmm,name:awhost32.exe,awhost32.exe,,1517,f483c46933a6c284e62d665a250c3e3f9d4582ea8741f67fe88c796e2e9b9472
000002:20d5c3194e1ddc15e3cf11b0,domain,000002,catalog-9ff09b32116aeedd,Panorama9,rmm,host:panorama9.com,panorama9.com,panorama9.com,1517,f483c46933a6c284e62d665a250c3e3f9d4582ea8741f67fe88c796e2e9b9472
000002:219e6534534c9e93a8bdc865,domain,000002,catalog-e320fa2669c88f4f,LogMeIn rescue,rmm,host:rescue-data-cetner.logmein-gateway.com,rescue-data-cetner.logmein-gateway.com,rescue-data-cetner.logmein-gateway.com,1517,f483c46933a6c284e62d665a250c3e3f9d4582ea8741f67fe88c796e2e9b9472
000002:223b2456c341ff3dc5abfeb2,process,000002,catalog-1af53446e9d2b695,Controlio,rmm,name:wesvc.exe,wesvc.exe,,1517,f483c46933a6c284e62d665a250c3e3f9d4582ea8741f67fe88c796e2e9b9472
000002:2240a31bffa6eeaa7318f619,process,000002,catalog-450e807e8604c49f,FixMe.it,rmm,name:fixmeitclient.exe,fixmeitclient.exe,,1517,f483c46933a6c284e62d665a250c3e3f9d4582ea8741f67fe88c796e2e9b9472
000002:23210c26153e0ae35dc40575,domain,000002,catalog-6fb0db047c3a739e,Vicarius vRx,rmm,host:vicarius.cloud,*.vicarius.cloud,vicarius.cloud,1517,f483c46933a6c284e62d665a250c3e3f9d4582ea8741f67fe88c796e2e9b9472
000002:232b7bb1cf22ccbcab0eed81,domain,000002,catalog-75c050028a47742e,Lunixar,rmm,host:devrmm.lunixar.com,devrmm.lunixar.com,devrmm.lunixar.com,1517,f483c46933a6c284e62d665a250c3e3f9d4582ea8741f67fe88c796e2e9b9472
000002:2364c8b1db9159979f2c77e0,domain,000002,catalog-53b6d6d5420e470d,VIZOR,rmm,host:www.metaquest.com,www.metaquest.com,www.metaquest.com,1517,f483c46933a6c284e62d665a250c3e3f9d4582ea8741f67fe88c796e2e9b9472
000002:241aa50e29e6a3df8a9add43,process,000002,catalog-b65c5d5d98d6ebfc,BreezeRMM,rmm,name:breeze-agent.exe,breeze-agent.exe,,1517,f483c46933a6c284e62d665a250c3e3f9d4582ea8741f67fe88c796e2e9b9472
000002:241c2cbcc54e8836b0e20aff,process,000002,splashtop,Splashtop,rmm,name:srservice.exe,srservice.exe,,1517,f483c46933a6c284e62d665a250c3e3f9d4582ea8741f67fe88c796e2e9b9472
000002:245151cf6c1acfb289fc85c1,process,000002,catalog-b65c5d5d98d6ebfc,BreezeRMM,rmm,name:pixoit-agent.exe,pixoit-agent.exe,,1517,f483c46933a6c284e62d665a250c3e3f9d4582ea8741f67fe88c796e2e9b9472
000002:24767cb191b7f180388f4573,process,000002,catalog-1e56767c5f9119ca,Overlord,rmm,prefix:agent,agent-*.exe,,1517,f483c46933a6c284e62d665a250c3e3f9d4582ea8741f67fe88c796e2e9b9472
000002:24769f771001e0dead6607df,process,000002,catalog-47d751a25665480e,TiFLUX,rmm,name:tiagent.exe,tiagent.exe,,1517,f483c46933a6c284e62d665a250c3e3f9d4582ea8741f67fe88c796e2e9b9472
000002:248790c2ab496df5bdc82544,process,000002,catalog-74d3c028dbb300fc,NetSupport Manager,rmm,name:client32.exe,client32.exe,,1517,f483c46933a6c284e62d665a250c3e3f9d4582ea8741f67fe88c796e2e9b9472
000002:24a04004e08dcf9370375b85,domain,000002,catalog-d1fa137fd100b8a3,RemoteView,rmm,host:content.rview.com,*.content.rview.com,content.rview.com,1517,f483c46933a6c284e62d665a250c3e3f9d4582ea8741f67fe88c796e2e9b9472
000002:24c54d98946542ae8139595f,domain,000002,catalog-702e2cee7c16eaf7,Dataplicity,rmm,host:dataplicity.com,*.dataplicity.com,dataplicity.com,1517,f483c46933a6c284e62d665a250c3e3f9d4582ea8741f67fe88c796e2e9b9472
000002:24f4a1da7af604c73b249065,domain,000002,catalog-93115f6856c5fec3,NetBird,rmm,host:web-16fe.app,web-16fe.app,web-16fe.app,1517,f483c46933a6c284e62d665a250c3e3f9d4582ea8741f67fe88c796e2e9b9472
000002:253a23086ae074a1d0034dc5,process,000002,catalog-cb73f3c1f3b2f7e0,ServerEye,rmm,name:serviceproxylocalsys.exe,serviceproxylocalsys.exe,,1517,f483c46933a6c284e62d665a250c3e3f9d4582ea8741f67fe88c796e2e9b9472
000002:253b335a5993da15ba3c9c53,process,000002,catalog-6fb0db047c3a739e,Vicarius vRx,rmm,name:topiad.exe,topiad.exe,,1517,f483c46933a6c284e62d665a250c3e3f9d4582ea8741f67fe88c796e2e9b9472
000002:2547f306fecef0d2b8ca0689,process,000002,catalog-04b0540266845c60,Weezo,rmm,name:weezohttpd.exe,weezohttpd.exe,,1517,f483c46933a6c284e62d665a250c3e3f9d4582ea8741f67fe88c796e2e9b9472
000002:255bc6b0aa5c72dccf2c59b1,process,000002,catalog-33a7ed21a570d883,GatherPlace-desktop sharing,rmm,name:gp3.exe,gp3.exe,,1517,f483c46933a6c284e62d665a250c3e3f9d4582ea8741f67fe88c796e2e9b9472
000002:25cfc26a9feae465b7c3b840,domain,000002,catalog-f2d4886a319c0cdf,Alpemix,rmm,host:alpemix.com,*.alpemix.com,alpemix.com,1517,f483c46933a6c284e62d665a250c3e3f9d4582ea8741f67fe88c796e2e9b9472
000002:262115a7254712078c8f018e,process,000002,catalog-107001909fe08f50,Pulseway,rmm,name:pcmonitormanager.exe,pcmonitormanager.exe,,1517,f483c46933a6c284e62d665a250c3e3f9d4582ea8741f67fe88c796e2e9b9472
000002:26399d382c5526af5bb930a8,process,000002,catalog-8e505bee2a84aaa8,GoToMyPC,rmm,name:g2m.exe,g2m.exe,,1517,f483c46933a6c284e62d665a250c3e3f9d4582ea8741f67fe88c796e2e9b9472
000002:2652cf16d43311adff9bd74f,domain,000002,catalog-df65e7533d62a81a,Faronics Deep Freeze,rmm,host:cloud.faronics.com,cloud.faronics.com,cloud.faronics.com,1517,f483c46933a6c284e62d665a250c3e3f9d4582ea8741f67fe88c796e2e9b9472
000002:266c392f4afd28fdaa7f8328,domain,000002,catalog-056f7c00cc9e2807,Encapto,rmm,host:encapto.com,encapto.com,encapto.com,1517,f483c46933a6c284e62d665a250c3e3f9d4582ea8741f67fe88c796e2e9b9472
000002:267645c5132c7bc9597846a8,process,000002,catalog-edc77597bb699a1d,Faronics Deploy,rmm,name:fwa_ui_agent.exe,fwa_ui_agent.exe,,1517,f483c46933a6c284e62d665a250c3e3f9d4582ea8741f67fe88c796e2e9b9472
000002:26964c9972672c17620e4d1b,domain,000002,catalog-6fb0db047c3a739e,Vicarius vRx,rmm,host:vicarius-ap-southeast-3-patches.s3.amazonaws.com,vicarius-ap-southeast-3-patches.s3.amazonaws.com,vicarius-ap-southeast-3-patches.s3.amazonaws.com,1517,f483c46933a6c284e62d665a250c3e3f9d4582ea8741f67fe88c796e2e9b9472
000002:26a8017ff9dca723cde7494d,process,000002,catalog-19b198de7105fe49,Freshservice,rmm,name:freshservice.discoveryprobe.scanservice.exe,freshservice.discoveryprobe.scanservice.exe,,1517,f483c46933a6c284e62d665a250c3e3f9d4582ea8741f67fe88c796e2e9b9472
000002:270ea4ed0d57e9cc8ddb4397,domain,000002,catalog-e320fa2669c88f4f,LogMeIn rescue,rmm,host:logmeinrescue.com,*.logmeinrescue.com,logmeinrescue.com,1517,f483c46933a6c284e62d665a250c3e3f9d4582ea8741f67fe88c796e2e9b9472
000002:271031009151005ef9d2a818,process,000002,catalog-4aa53e7ac73606db,RemSupp,rmm,name:remsupp_setup_x64.exe,remsupp_setup_x64.exe,,1517,f483c46933a6c284e62d665a250c3e3f9d4582ea8741f67fe88c796e2e9b9472
000002:2790bb3d77731becd45c9647,domain,000002,catalog-b55eae1cba3b4cb9,UltraViewer,rmm,host:ultraviewer.net,ultraviewer.net,ultraviewer.net,1517,f483c46933a6c284e62d665a250c3e3f9d4582ea8741f67fe88c796e2e9b9472
000002:27c0a99c2926e0942694dc99,domain,000002,catalog-b11823ea2cb74c56,N-Able Advanced Monitoring Agent,rmm,host:swi-tc.com,*.swi-tc.com,swi-tc.com,1517,f483c46933a6c284e62d665a250c3e3f9d4582ea8741f67fe88c796e2e9b9472
000002:280780242fc96fbe8dd8ca0e,process,000002,catalog-ae851acb9464e734,Iperius Remote,rmm,name:iperius.exe,iperius.exe,,1517,f483c46933a6c284e62d665a250c3e3f9d4582ea8741f67fe88c796e2e9b9472
000002:28109fc2b722c3917b889c51,process,000002,catalog-efa8e08b880acd8b,Action1,rmm,name:action1_update.exe,action1_update.exe,,1517,f483c46933a6c284e62d665a250c3e3f9d4582ea8741f67fe88c796e2e9b9472
000002:2812fbb3f7a25e39239b1d00,process,000002,catalog-b55eae1cba3b4cb9,UltraViewer,rmm,name:ultraviewer.exe,ultraviewer.exe,,1517,f483c46933a6c284e62d665a250c3e3f9d4582ea8741f67fe88c796e2e9b9472
000002:284148efe10e8cdd930a29fe,process,000002,catalog-8ea1b8036102ba70,Teleport Connect,rmm,name:tsh.exe,tsh.exe,,1517,f483c46933a6c284e62d665a250c3e3f9d4582ea8741f67fe88c796e2e9b9472
000002:286d827e019f11db050b3dc0,process,000002,catalog-30dc308a2792e1e2,BeAnyWhere,rmm,name:takecontrol.exe,takecontrol.exe,,1517,f483c46933a6c284e62d665a250c3e3f9d4582ea8741f67fe88c796e2e9b9472
000002:287806350c87eda1b8f64fa3,domain,000002,catalog-2fa9a945d0d121d9,Instant Housecall,rmm,host:instanthousecall.net,*.instanthousecall.net,instanthousecall.net,1517,f483c46933a6c284e62d665a250c3e3f9d4582ea8741f67fe88c796e2e9b9472
000002:28ac4f495288b51299b497f4,process,000002,catalog-84b6f03ebe1a7594,ngrok,rmm,name:ngrok.exe,ngrok.exe,,1517,f483c46933a6c284e62d665a250c3e3f9d4582ea8741f67fe88c796e2e9b9472
000002:28bd303fbd8dcb3585b3dede,process,000002,catalog-1e085f489fa06707,Teramind,rmm,name:dwm.exe,dwm.exe,,1517,f483c46933a6c284e62d665a250c3e3f9d4582ea8741f67fe88c796e2e9b9472
000002:28d71bd043ee99221802bdd5,domain,000002,catalog-8a42d37e2ea82b1a,SuperOps,rmm,host:superopsbeta.com,*.superopsbeta.com,superopsbeta.com,1517,f483c46933a6c284e62d665a250c3e3f9d4582ea8741f67fe88c796e2e9b9472
000002:2913e5afd2c791abf545ade0,process,000002,catalog-efa8e08b880acd8b,Action1,rmm,name:action1_connector.exe,action1_connector.exe,,1517,f483c46933a6c284e62d665a250c3e3f9d4582ea8741f67fe88c796e2e9b9472
000002:2914aed15518df53ddaca207,domain,000002,catalog-b11823ea2cb74c56,N-Able Advanced Monitoring Agent,rmm,host:systemmonitor.us,*.systemmonitor.us,systemmonitor.us,1517,f483c46933a6c284e62d665a250c3e3f9d4582ea8741f67fe88c796e2e9b9472
000002:29330c28bbb79bd8d4125184,process,000002,screenconnect,ScreenConnect / ConnectWise Control,rmm,name:screenconnect.clientservice.exe,screenconnect.clientservice.exe,,1517,f483c46933a6c284e62d665a250c3e3f9d4582ea8741f67fe88c796e2e9b9472
000002:293c1f5622e5b1f4ff120ea2,process,000002,ambiguous-37e7e9a5b19b2c55,Ambiguous: ISL Light / ISL Online,ambiguous,name:islalwaysonmonitor.exe,islalwaysonmonitor.exe,,1517,f483c46933a6c284e62d665a250c3e3f9d4582ea8741f67fe88c796e2e9b9472
000002:293da15713e241c342974098,domain,000002,catalog-6fb0db047c3a739e,Vicarius vRx,rmm,host:vicarius-installer.s3.amazonaws.com,vicarius-installer.s3.amazonaws.com,vicarius-installer.s3.amazonaws.com,1517,f483c46933a6c284e62d665a250c3e3f9d4582ea8741f67fe88c796e2e9b9472
000002:29ace950568f5c37714e4c33,domain,000002,catalog-c52e6b18e0f32d9f,CloudFlare Tunnel,rmm,host:quic.cftunnel.com,quic.cftunnel.com,quic.cftunnel.com,1517,f483c46933a6c284e62d665a250c3e3f9d4582ea8741f67fe88c796e2e9b9472
000002:29c973dae6f98806ddddae60,domain,000002,catalog-4ff6a47a34b0e00c,GoToAssist,rmm,host:gotoassist.me,*.gotoassist.me,gotoassist.me,1517,f483c46933a6c284e62d665a250c3e3f9d4582ea8741f67fe88c796e2e9b9472
000002:29ed57ff4940ffccf9941d0c,domain,000002,catalog-450e807e8604c49f,FixMe.it,rmm,host:techinline.net,*.techinline.net,techinline.net,1517,f483c46933a6c284e62d665a250c3e3f9d4582ea8741f67fe88c796e2e9b9472
000002:2a52e316b5b5649f598b959a,process,000002,catalog-3694a3d7392f1b09,Faronics Insight,rmm,name:insightinstallerstudent.exe,insightinstallerstudent.exe,,1517,f483c46933a6c284e62d665a250c3e3f9d4582ea8741f67fe88c796e2e9b9472
000002:2a72ae767a87a189ada23620,process,000002,ambiguous-6e3e0bc5d4142601,Ambiguous: MioNet (Also known as WD Anywhere Access) / MioNet (WD Anywhere Access),ambiguous,name:mionetmanager.exe,mionetmanager.exe,,1517,f483c46933a6c284e62d665a250c3e3f9d4582ea8741f67fe88c796e2e9b9472
000002:2a781a7894c57819e83e1c29,process,000002,catalog-690bc94bb57a5bc3,Parallels Access,rmm,name:prl_pm_service.exe,prl_pm_service.exe,,1517,f483c46933a6c284e62d665a250c3e3f9d4582ea8741f67fe88c796e2e9b9472
000002:2a851f2244a4470c143889d5,process,000002,ambiguous-43ae19581cc5741d,Ambiguous: Splashtop / Splashtop (Beta),ambiguous,name:splashtopsos.exe,splashtopsos.exe,,1517,f483c46933a6c284e62d665a250c3e3f9d4582ea8741f67fe88c796e2e9b9472
000002:2a8fa3483c76e87b4d987d02,domain,000002,catalog-47d751a25665480e,TiFLUX,rmm,host:www.tiflux.com.br,www.tiflux.com.br,www.tiflux.com.br,1517,f483c46933a6c284e62d665a250c3e3f9d4582ea8741f67fe88c796e2e9b9472
000002:2aa40d2bc637c2d1caa50747,domain,000002,catalog-df254c01d3a56a2d,Allocentra,rmm,host:api.allocentra.co.za,api.allocentra.co.za,api.allocentra.co.za,1517,f483c46933a6c284e62d665a250c3e3f9d4582ea8741f67fe88c796e2e9b9472
000002:2aff79200b5cc44f5e7a5e49,domain,000002,catalog-3e93ab9fa5a4e67f,Itarian,rmm,host:mdmsupport.comodo.com,mdmsupport.comodo.com,mdmsupport.comodo.com,1517,f483c46933a6c284e62d665a250c3e3f9d4582ea8741f67fe88c796e2e9b9472
000002:2b2f3262b796d2be17476309,process,000002,catalog-df65e7533d62a81a,Faronics Deep Freeze,rmm,name:dfc.exe,dfc.exe,,1517,f483c46933a6c284e62d665a250c3e3f9d4582ea8741f67fe88c796e2e9b9472
000002:2b592f5ce19b11c1e97d43a0,process,000002,catalog-b34ff75330fc58c8,OpsBridge Agent,rmm,name:opsbridgeagent.exe,opsbridgeagent.exe,,1517,f483c46933a6c284e62d665a250c3e3f9d4582ea8741f67fe88c796e2e9b9472
000002:2b812f88d0a90c46c9b34486,domain,000002,catalog-47d751a25665480e,TiFLUX,rmm,host:tiflux.com,tiflux.com,tiflux.com,1517,f483c46933a6c284e62d665a250c3e3f9d4582ea8741f67fe88c796e2e9b9472
000002:2b8206afb0f2ed1f522fc94a,process,000002,catalog-67558ae5fcbed70e,InvGate,rmm,name:invgaterd.exe,invgaterd.exe,,1517,f483c46933a6c284e62d665a250c3e3f9d4582ea8741f67fe88c796e2e9b9472
000002:2bd28b747125806db8fa6b33,domain,000002,catalog-c612721a1545c8f7,Domotz,rmm,host:cell-1.domotz.com,cell-1.domotz.com,cell-1.domotz.com,1517,f483c46933a6c284e62d665a250c3e3f9d4582ea8741f67fe88c796e2e9b9472
000002:2bfbcb3ca8ed16e4bd959f7c,domain,000002,catalog-4ff6a47a34b0e00c,GoToAssist,rmm,host:desktopstreaming.com,*.desktopstreaming.com,desktopstreaming.com,1517,f483c46933a6c284e62d665a250c3e3f9d4582ea8741f67fe88c796e2e9b9472
000002:2c20a38b6644f430be0f5af7,process,000002,catalog-edc77597bb699a1d,Faronics Deploy,rmm,name:faronicsdeployagent.exe,faronicsdeployagent.exe,,1517,f483c46933a6c284e62d665a250c3e3f9d4582ea8741f67fe88c796e2e9b9472
000002:2c2687156bcbcc367b862c2f,domain,000002,catalog-1e56767c5f9119ca,Overlord,rmm,host:ngrok-free.app,*.ngrok-free.app,ngrok-free.app,1517,f483c46933a6c284e62d665a250c3e3f9d4582ea8741f67fe88c796e2e9b9472
000002:2c3154fede7cdb45aba954c9,domain,000002,catalog-e2a0f74619359504,Acronis Cyber Protect (Remotix),rmm,host:connect.acronis.com,connect.acronis.com,connect.acronis.com,1517,f483c46933a6c284e62d665a250c3e3f9d4582ea8741f67fe88c796e2e9b9472
000002:2c49f2de72abe3f5f4811b7d,process,000002,catalog-9de6935b812ac8af,Duet Display,rmm,name:duetsetup.exe,duetsetup.exe,,1517,f483c46933a6c284e62d665a250c3e3f9d4582ea8741f67fe88c796e2e9b9472
000002:2c4a93591926d4053afe107f,domain,000002,catalog-a7a0753bb8051d2b,N-able N-central,rmm,host:prd.cdo.system-monitor.com,*.prd.cdo.system-monitor.com,prd.cdo.system-monitor.com,1517,f483c46933a6c284e62d665a250c3e3f9d4582ea8741f67fe88c796e2e9b9472
000002:2c64ad8c966a7637296d8c22,process,000002,catalog-ef056b508ae76713,Absolute (Computrace),rmm,name:cteshostsvc.exe,cteshostsvc.exe,,1517,f483c46933a6c284e62d665a250c3e3f9d4582ea8741f67fe88c796e2e9b9472
000002:2c86031f0b194b94c2ec0bfa,process,000002,qq,QQ / TIM (dual use),dual_use,name:qqprotect.exe,qqprotect.exe,,1517,f483c46933a6c284e62d665a250c3e3f9d4582ea8741f67fe88c796e2e9b9472
000002:2cad1a96bcab8811105f92fd,process,000002,catalog-e2a0f74619359504,Acronis Cyber Protect (Remotix),rmm,name:acroniscyberprotectconnectagent.exe,acroniscyberprotectconnectagent.exe,,1517,f483c46933a6c284e62d665a250c3e3f9d4582ea8741f67fe88c796e2e9b9472
000002:2cfabb8d0619e0c0fcaedc37,domain,000002,catalog-54d05f68342f7b10,GLPI Agent,rmm,host:services.glpi-network.com,services.glpi-network.com,services.glpi-network.com,1517,f483c46933a6c284e62d665a250c3e3f9d4582ea8741f67fe88c796e2e9b9472
000002:2d11315dac5e83ad9d2a05a7,process,000002,catalog-f0777172ed3a529d,RdClient,rmm,name:rdclient.exe,rdclient.exe,,1517,f483c46933a6c284e62d665a250c3e3f9d4582ea8741f67fe88c796e2e9b9472
000002:2d349e8a3a22ebcb8a931b96,process,000002,catalog-8e505bee2a84aaa8,GoToMyPC,rmm,name:appcore.exe,appcore.exe,,1517,f483c46933a6c284e62d665a250c3e3f9d4582ea8741f67fe88c796e2e9b9472
000002:2dd88515782bc7241ea2b140,process,000002,catalog-6da9c5ce9232a402,Mini RMM Agent,rmm,name:minirmmagent.exe,minirmmagent.exe,,1517,f483c46933a6c284e62d665a250c3e3f9d4582ea8741f67fe88c796e2e9b9472
000002:2e01ad2ea7375d5c595a0f1f,process,000002,catalog-8e505bee2a84aaa8,GoToMyPC,rmm,name:g2mpolling.exe,g2mpolling.exe,,1517,f483c46933a6c284e62d665a250c3e3f9d4582ea8741f67fe88c796e2e9b9472
000002:2e23d39d88ba5195f10dfcdb,process,000002,catalog-f6dad3d64616d49b,GxM RMM Agent,rmm,name:gxm.agent.exe,gxm.agent.exe,,1517,f483c46933a6c284e62d665a250c3e3f9d4582ea8741f67fe88c796e2e9b9472
000002:2e258bd14ad35529c76f062d,domain,000002,zoho-assist,Zoho Assist,rmm,host:zoho.in,*.zoho.in,zoho.in,1517,f483c46933a6c284e62d665a250c3e3f9d4582ea8741f67fe88c796e2e9b9472
000002:2e29850b3e412ef84e6f2aaf,domain,000002,catalog-70e7fa11e2474af8,GetScreen,rmm,host:image.getscreen.me,image.getscreen.me,image.getscreen.me,1517,f483c46933a6c284e62d665a250c3e3f9d4582ea8741f67fe88c796e2e9b9472
000002:2e791e9c15c99274af4781f5,process,000002,catalog-1e085f489fa06707,Teramind,rmm,name:update-shim.exe,update-shim.exe,,1517,f483c46933a6c284e62d665a250c3e3f9d4582ea8741f67fe88c796e2e9b9472
000002:2e7ef3ddb1fd67006ede9a16,process,000002,catalog-9744de5953a8e5fd,Syncthing,rmm,name:syncthing.exe,syncthing.exe,,1517,f483c46933a6c284e62d665a250c3e3f9d4582ea8741f67fe88c796e2e9b9472
000002:2e881e7edaeb53d8e5720dc5,process,000002,catalog-48eae8f12dce9ed7,MyIVO,rmm,name:myivomanager.exe,myivomanager.exe,,1517,f483c46933a6c284e62d665a250c3e3f9d4582ea8741f67fe88c796e2e9b9472
000002:2e8c019d11962392a06d257e,domain,000002,catalog-279efe93ccb7d9eb,Goverlan,rmm,host:goverlan.com,goverlan.com,goverlan.com,1517,f483c46933a6c284e62d665a250c3e3f9d4582ea8741f67fe88c796e2e9b9472
000002:2eb4f9dcd316bf7f4ed611fb,domain,000002,catalog-7275ecb7bf70b179,Remote Manipulator System,rmm,host:rmansys.ru,rmansys.ru,rmansys.ru,1517,f483c46933a6c284e62d665a250c3e3f9d4582ea8741f67fe88c796e2e9b9472
000002:2edd87e2c024ef69bd9846dc,domain,000002,catalog-f97fd28a28d4e8c5,Gorelo RMM,rmm,host:lr.rmm.pod1.usw.gorelo.tech,lr.rmm.pod1.usw.gorelo.tech,lr.rmm.pod1.usw.gorelo.tech,1517,f483c46933a6c284e62d665a250c3e3f9d4582ea8741f67fe88c796e2e9b9472
000002:2ee4b02a6e0d52632c92a55b,domain,000002,rustdesk,RustDesk,rmm,host:web.rustdesk.com,web.rustdesk.com,web.rustdesk.com,1517,f483c46933a6c284e62d665a250c3e3f9d4582ea8741f67fe88c796e2e9b9472
000002:2ef8c8678e24144592707387,process,000002,catalog-02a58e4503fc1f09,DW Service,rmm,name:dwagsvc.exe,dwagsvc.exe,,1517,f483c46933a6c284e62d665a250c3e3f9d4582ea8741f67fe88c796e2e9b9472
000002:2f2668340580fe0014b0e760,domain,000002,catalog-84b6f03ebe1a7594,ngrok,rmm,host:connect.eu.ngrok-agent.com,connect.eu.ngrok-agent.com,connect.eu.ngrok-agent.com,1517,f483c46933a6c284e62d665a250c3e3f9d4582ea8741f67fe88c796e2e9b9472
000002:2f27bf607cd81992ea4d5249,process,000002,catalog-87bcdcc84dd22d1d,ShowMyPC,rmm,name:showmypc.exe,showmypc.exe,,1517,f483c46933a6c284e62d665a250c3e3f9d4582ea8741f67fe88c796e2e9b9472
000002:2f4852cf6b0deaed396fec5f,process,000002,catalog-53b6d6d5420e470d,VIZOR,rmm,name:regapps.exe,regapps.exe,,1517,f483c46933a6c284e62d665a250c3e3f9d4582ea8741f67fe88c796e2e9b9472
000002:2f5d94971a27be3cb131fe38,domain,000002,screenconnect,ScreenConnect / ConnectWise Control,rmm,host:control.connectwise.com,control.connectwise.com,control.connectwise.com,1517,f483c46933a6c284e62d665a250c3e3f9d4582ea8741f67fe88c796e2e9b9472
000002:2ff7c46b1f76abe375a08fe2,process,000002,catalog-fc5e79df91209451,PSEXEC (Clone),rmm,name:csexec.exe,csexec.exe,,1517,f483c46933a6c284e62d665a250c3e3f9d4582ea8741f67fe88c796e2e9b9472
000002:30126082198b1e9e8b463b11,domain,000002,catalog-67558ae5fcbed70e,InvGate,rmm,host:invgate.net,invgate.net,invgate.net,1517,f483c46933a6c284e62d665a250c3e3f9d4582ea8741f67fe88c796e2e9b9472
000002:3013ae59c91dd80beb9fbb2e,domain,000002,catalog-c99866fa3bf72d26,Mremote,rmm,host:api.mremote.io,api.mremote.io,api.mremote.io,1517,f483c46933a6c284e62d665a250c3e3f9d4582ea8741f67fe88c796e2e9b9472
000002:304a8d7682d2abdbcd74a120,process,000002,catalog-67ea16bf2c725837,ITSupport247 (ConnectWise),rmm,name:saazapsc.exe,saazapsc.exe,,1517,f483c46933a6c284e62d665a250c3e3f9d4582ea8741f67fe88c796e2e9b9472
000002:30554cac876fc445fe8218ef,process,000002,catalog-9b7c9820ef5da6fc,AnyViewer,rmm,name:rcclient.exe,rcclient.exe,,1517,f483c46933a6c284e62d665a250c3e3f9d4582ea8741f67fe88c796e2e9b9472
000002:306a182385abd8461bd4172f,domain,000002,catalog-edc77597bb699a1d,Faronics Deploy,rmm,host:docs.faronics.com,docs.faronics.com,docs.faronics.com,1517,f483c46933a6c284e62d665a250c3e3f9d4582ea8741f67fe88c796e2e9b9472
000002:30a16c0dd1efb9948a118468,process,000002,catalog-b55eae1cba3b4cb9,UltraViewer,rmm,name:ultraviewer_desktop.exe,ultraviewer_desktop.exe,,1517,f483c46933a6c284e62d665a250c3e3f9d4582ea8741f67fe88c796e2e9b9472
000002:30e0700732577f832a2e1d95,domain,000002,catalog-b9844b54a710ca37,Rodex RMM,rmm,host:www.rodex.cc,www.rodex.cc,www.rodex.cc,1517,f483c46933a6c284e62d665a250c3e3f9d4582ea8741f67fe88c796e2e9b9472
000002:30ec863a2d0ff6efbb5c807e,process,000002,catalog-4ff6a47a34b0e00c,GoToAssist,rmm,name:goto opener.exe,goto opener.exe,,1517,f483c46933a6c284e62d665a250c3e3f9d4582ea8741f67fe88c796e2e9b9472
000002:30f31d19ba4b8b2dc306b8ce,domain,000002,catalog-b11823ea2cb74c56,N-Able Advanced Monitoring Agent,rmm,host:systemmonitor.us,systemmonitor.us,systemmonitor.us,1517,f483c46933a6c284e62d665a250c3e3f9d4582ea8741f67fe88c796e2e9b9472
000002:3126ff7f8556a9549daa3565,process,000002,catalog-3127e56803b5f1a8,BeyondTrust (Bomgar),rmm,name:bomgar-pac.exe,bomgar-pac.exe,,1517,f483c46933a6c284e62d665a250c3e3f9d4582ea8741f67fe88c796e2e9b9472
000002:312d125b0034c1bea8946d24,process,000002,catalog-279efe93ccb7d9eb,Goverlan,rmm,name:govsrv.exe,govsrv.exe,,1517,f483c46933a6c284e62d665a250c3e3f9d4582ea8741f67fe88c796e2e9b9472
000002:313c4aff3bcce86984b8e60f,domain,000002,catalog-a75e4c9e91678258,FleetDeck.io,rmm,host:fleetdeck.io,*.fleetdeck.io,fleetdeck.io,1517,f483c46933a6c284e62d665a250c3e3f9d4582ea8741f67fe88c796e2e9b9472
000002:3144cefab266dd561344dbc5,process,000002,ambiguous-6b53aa5f2dc0df42,Ambiguous: Comodo RMM / Itarian,ambiguous,name:itsmagent.exe,itsmagent.exe,,1517,f483c46933a6c284e62d665a250c3e3f9d4582ea8741f67fe88c796e2e9b9472
000002:31cb4c1111ef38332d61249e,process,000002,ambiguous-1ab0bc2a341af98b,Ambiguous: MioNet (Also known as WD Anywhere Access) / MioNet (WD Anywhere Access),ambiguous,name:mionet.exe,mionet.exe,,1517,f483c46933a6c284e62d665a250c3e3f9d4582ea8741f67fe88c796e2e9b9472
000002:31d19074ce6f15ffd70a02c9,domain,000002,chrome-remote-desktop,Chrome Remote Desktop,rmm,host:chromoting-oauth.talkgadget.google.com,chromoting-oauth.talkgadget.google.com,chromoting-oauth.talkgadget.google.com,1517,f483c46933a6c284e62d665a250c3e3f9d4582ea8741f67fe88c796e2e9b9472
000002:31f75203acd9ee4b31d60f16,domain,000002,catalog-e1b9fdfb07f0a1b6,AeroAdmin,rmm,host:aeroadmin.com,aeroadmin.com,aeroadmin.com,1517,f483c46933a6c284e62d665a250c3e3f9d4582ea8741f67fe88c796e2e9b9472
000002:32033d2a4ee848f5f261ffd9,domain,000002,endpoint-central,ManageEngine Endpoint Central,management,host:-dms.zoho.com.cn,*.-dms.zoho.com.cn,-dms.zoho.com.cn,1517,f483c46933a6c284e62d665a250c3e3f9d4582ea8741f67fe88c796e2e9b9472
000002:3220cd3744ff0818cec77f4b,process,000002,catalog-cf6d58d43a488002,MyGreenPC,rmm,name:mygreenpc.exe,mygreenpc.exe,,1517,f483c46933a6c284e62d665a250c3e3f9d4582ea8741f67fe88c796e2e9b9472
000002:32652ede5621b946be9bceb3,process,000002,catalog-80367b185343ba4e,Senso.cloud,rmm,name:aadg.exe,aadg.exe,,1517,f483c46933a6c284e62d665a250c3e3f9d4582ea8741f67fe88c796e2e9b9472
000002:3275d216fcc343e2417ca64c,domain,000002,catalog-b17d66fb261be877,Ammyy Admin,rmm,host:ammyy.com,ammyy.com,ammyy.com,1517,f483c46933a6c284e62d665a250c3e3f9d4582ea8741f67fe88c796e2e9b9472
000002:3295f5db5bc63e35ba309f9a,process,000002,catalog-30dc308a2792e1e2,BeAnyWhere,rmm,name:basupsysinf.exe,basupsysinf.exe,,1517,f483c46933a6c284e62d665a250c3e3f9d4582ea8741f67fe88c796e2e9b9472
000002:32a32aa68f43512d3a38e3a8,domain,000002,catalog-f97fd28a28d4e8c5,Gorelo RMM,rmm,host:public.rmm.pod1.usw.gorelo.tech,public.rmm.pod1.usw.gorelo.tech,public.rmm.pod1.usw.gorelo.tech,1517,f483c46933a6c284e62d665a250c3e3f9d4582ea8741f67fe88c796e2e9b9472
000002:32bd105f656a330f037781a7,process,000002,catalog-17f3b459e9f40378,Sophos-Remote Management System,rmm,name:mgntsvc.exe,mgntsvc.exe,,1517,f483c46933a6c284e62d665a250c3e3f9d4582ea8741f67fe88c796e2e9b9472
000002:32dd4ccb21e4b554c8fbe6b2,process,000002,ambiguous-13c694223aa4b262,Ambiguous: Netop Remote Control (Impero Connect) / Netop Remote Control (aka Impero Connect),ambiguous,name:nldrw32.exe,nldrw32.exe,,1517,f483c46933a6c284e62d665a250c3e3f9d4582ea8741f67fe88c796e2e9b9472
000002:330ce44d3698f35e3fd401b6,process,000002,catalog-23e83aebc0d2d846,RemotePC,rmm,name:remotepcservice.exe,remotepcservice.exe,,1517,f483c46933a6c284e62d665a250c3e3f9d4582ea8741f67fe88c796e2e9b9472
000002:336cc52e6b3c1dc1c4f3efbb,domain,000002,catalog-685f81fb8f1a7da0,UltraVNC,rmm,host:ultravnc.com,ultravnc.com,ultravnc.com,1517,f483c46933a6c284e62d665a250c3e3f9d4582ea8741f67fe88c796e2e9b9472
000002:33bdb385dc3445380fb46d11,domain,000002,catalog-bd598b0060473e1f,HopToDesk,rmm,host:api.hoptodesk.com,api.hoptodesk.com,api.hoptodesk.com,1517,f483c46933a6c284e62d665a250c3e3f9d4582ea8741f67fe88c796e2e9b9472
000002:33c83b1dc4c89245db878326,process,000002,catalog-53b6d6d5420e470d,VIZOR,rmm,name:nuke32.exe,nuke32.exe,,1517,f483c46933a6c284e62d665a250c3e3f9d4582ea8741f67fe88c796e2e9b9472
000002:33e2fb0ac904871cff71cacf,domain,000002,catalog-b11823ea2cb74c56,N-Able Advanced Monitoring Agent,rmm,host:cloudbackup.management,*.cloudbackup.management,cloudbackup.management,1517,f483c46933a6c284e62d665a250c3e3f9d4582ea8741f67fe88c796e2e9b9472
000002:33ea0d9e0f183b5737eb54fd,domain,000002,catalog-de04c50288dafa94,Kaseya (VSA),rmm,host:kaseya.com,kaseya.com,kaseya.com,1517,f483c46933a6c284e62d665a250c3e3f9d4582ea8741f67fe88c796e2e9b9472
000002:33fff9e7d4e01f553fd730a7,process,000002,catalog-ef056b508ae76713,Absolute (Computrace),rmm,name:ctes.exe,ctes.exe,,1517,f483c46933a6c284e62d665a250c3e3f9d4582ea8741f67fe88c796e2e9b9472
000002:34578649414429efbe75f06c,process,000002,catalog-5463f7cb4814e95b,Syspectr,rmm,name:oolocker.exe,oolocker.exe,,1517,f483c46933a6c284e62d665a250c3e3f9d4582ea8741f67fe88c796e2e9b9472
000002:34680fe995fdd2df8fca21cb,domain,000002,catalog-654a35e6d873af10,RES Automation Manager,rmm,host:ivanti.com,ivanti.com,ivanti.com,1517,f483c46933a6c284e62d665a250c3e3f9d4582ea8741f67fe88c796e2e9b9472
000002:34ca92317feda83e241ca691,domain,000002,catalog-5a475a9e2cdfe5c4,Miradore,rmm,host:gateway.miradore.com,gateway.miradore.com,gateway.miradore.com,1517,f483c46933a6c284e62d665a250c3e3f9d4582ea8741f67fe88c796e2e9b9472
000002:34ce1d3f4286795545534d8a,process,000002,catalog-218c9157d7523e5e,rdpwrap,rmm,name:rdpcheck.exe,rdpcheck.exe,,1517,f483c46933a6c284e62d665a250c3e3f9d4582ea8741f67fe88c796e2e9b9472
000002:34e2e968c858032a117bd889,process,000002,catalog-ae92aaaa38b07179,SpyAnywhere,rmm,name:sysdiag.exe,sysdiag.exe,,1517,f483c46933a6c284e62d665a250c3e3f9d4582ea8741f67fe88c796e2e9b9472
000002:350e13c1ea679d2e690efd3f,domain,000002,catalog-a25d42512a1c11c8,Bluetrait,rmm,host:bluetrait.io,bluetrait.io,bluetrait.io,1517,f483c46933a6c284e62d665a250c3e3f9d4582ea8741f67fe88c796e2e9b9472
000002:351ce5824a5b7d88000cab75,domain,000002,catalog-26eda82b361104f8,Pilixo,rmm,host:pilixo.com,pilixo.com,pilixo.com,1517,f483c46933a6c284e62d665a250c3e3f9d4582ea8741f67fe88c796e2e9b9472
000002:352af9fa99460ca67dca46de,domain,000002,catalog-53b6d6d5420e470d,VIZOR,rmm,host:www.vector-networks.com,www.vector-networks.com,www.vector-networks.com,1517,f483c46933a6c284e62d665a250c3e3f9d4582ea8741f67fe88c796e2e9b9472
000002:352c56951bb78ffa30e544d3,process,000002,ambiguous-719d5ad9d99662ef,Ambiguous: ISL Light / ISL Online,ambiguous,name:isllight.exe,isllight.exe,,1517,f483c46933a6c284e62d665a250c3e3f9d4582ea8741f67fe88c796e2e9b9472
000002:35438e88648f0b19f057047e,domain,000002,catalog-d1fa137fd100b8a3,RemoteView,rmm,host:rview.com,*.rview.com,rview.com,1517,f483c46933a6c284e62d665a250c3e3f9d4582ea8741f67fe88c796e2e9b9472
000002:354684face0418c09d4a0deb,domain,000002,catalog-0ef104fa1ae80a26,LogMeIn,rmm,host:logmein-gateway.com,logmein-gateway.com,logmein-gateway.com,1517,f483c46933a6c284e62d665a250c3e3f9d4582ea8741f67fe88c796e2e9b9472
000002:35c0e98c827f56c33c61c521,domain,000002,catalog-edc77597bb699a1d,Faronics Deploy,rmm,host:1wuccjc4a3.execute-api.eu-west-1.amazonaws.com,1wuccjc4a3.execute-api.eu-west-1.amazonaws.com,1wuccjc4a3.execute-api.eu-west-1.amazonaws.com,1517,f483c46933a6c284e62d665a250c3e3f9d4582ea8741f67fe88c796e2e9b9472
000002:35dd56592974f895941dd5f4,process,000002,catalog-a048362b91f0d448,MSP360,rmm,name:cbb.exe,cbb.exe,,1517,f483c46933a6c284e62d665a250c3e3f9d4582ea8741f67fe88c796e2e9b9472
000002:35dff2a0b29fc70e8d050adf,domain,000002,catalog-b17d66fb261be877,Ammyy Admin,rmm,host:ammyy.com,*.ammyy.com,ammyy.com,1517,f483c46933a6c284e62d665a250c3e3f9d4582ea8741f67fe88c796e2e9b9472
000002:35eb4d04e9e2c95c1e435e49,process,000002,catalog-3ebdfee426cceb46,Atera,rmm,name:agentpackagenetworkdiscovery.exe,agentpackagenetworkdiscovery.exe,,1517,f483c46933a6c284e62d665a250c3e3f9d4582ea8741f67fe88c796e2e9b9472
000002:36179c077f6f97fedf40aa75,process,000002,catalog-23e83aebc0d2d846,RemotePC,rmm,name:remotepchost.exe,remotepchost.exe,,1517,f483c46933a6c284e62d665a250c3e3f9d4582ea8741f67fe88c796e2e9b9472
000002:366fdc6949f169361ca77a68,domain,000002,catalog-cb73f3c1f3b2f7e0,ServerEye,rmm,host:server-eye.de,*.server-eye.de,server-eye.de,1517,f483c46933a6c284e62d665a250c3e3f9d4582ea8741f67fe88c796e2e9b9472
000002:36de239c6c086b65891d84f9,domain,000002,catalog-e8891772379fac13,Syncro,rmm,host:kabutoservices.com,*.kabutoservices.com,kabutoservices.com,1517,f483c46933a6c284e62d665a250c3e3f9d4582ea8741f67fe88c796e2e9b9472
000002:3743c211e9deb3880df6df76,process,000002,catalog-f02dd9126ee341c8,TurboMeeting,rmm,name:turbomeetingstarter.exe,turbomeetingstarter.exe,,1517,f483c46933a6c284e62d665a250c3e3f9d4582ea8741f67fe88c796e2e9b9472
000002:378fdcc5e1b1c9283955c679,process,000002,catalog-8bb0e13358b13690,Tanium,rmm,name:taniumcx.exe,taniumcx.exe,,1517,f483c46933a6c284e62d665a250c3e3f9d4582ea8741f67fe88c796e2e9b9472
000002:37a276e2649b9312f8552b8e,domain,000002,catalog-0ef104fa1ae80a26,LogMeIn,rmm,host:logmein.eu,*.logmein.eu,logmein.eu,1517,f483c46933a6c284e62d665a250c3e3f9d4582ea8741f67fe88c796e2e9b9472
000002:380533582dd81c2c04ecbfb9,domain,000002,catalog-c08465e36ce01e50,BeamYourScreen,rmm,host:beamyourscreen.com,beamyourscreen.com,beamyourscreen.com,1517,f483c46933a6c284e62d665a250c3e3f9d4582ea8741f67fe88c796e2e9b9472
000002:38065c07867fd74001d14fc3,process,000002,catalog-1e085f489fa06707,Teramind,rmm,name:clm.exe,clm.exe,,1517,f483c46933a6c284e62d665a250c3e3f9d4582ea8741f67fe88c796e2e9b9472
000002:3828f21f1d7d1ed63cd430d8,domain,000002,catalog-5a475a9e2cdfe5c4,Miradore,rmm,host:miradore.com,*.miradore.com,miradore.com,1517,f483c46933a6c284e62d665a250c3e3f9d4582ea8741f67fe88c796e2e9b9472
000002:3881377ff7216140f644bedd,domain,000002,catalog-a25d42512a1c11c8,Bluetrait,rmm,host:bluetrait.io,*.bluetrait.io,bluetrait.io,1517,f483c46933a6c284e62d665a250c3e3f9d4582ea8741f67fe88c796e2e9b9472
000002:38a12890ef80f54fae1366cb,domain,000002,catalog-9108722c77f0ac7f,N-ABLE Remote Access Software,rmm,host:n-able.com,n-able.com,n-able.com,1517,f483c46933a6c284e62d665a250c3e3f9d4582ea8741f67fe88c796e2e9b9472
000002:38a914bc945dadf8e3b65042,process,000002,catalog-53b6d6d5420e470d,VIZOR,rmm,name:cldistsvc.exe,cldistsvc.exe,,1517,f483c46933a6c284e62d665a250c3e3f9d4582ea8741f67fe88c796e2e9b9472
000002:38e13a657b3177748fcb5803,domain,000002,catalog-67558ae5fcbed70e,InvGate,rmm,host:releases.invgate.com,releases.invgate.com,releases.invgate.com,1517,f483c46933a6c284e62d665a250c3e3f9d4582ea8741f67fe88c796e2e9b9472
000002:38f7783d85960868b7ac2224,domain,000002,catalog-510fd4be305ad43e,Mikogo,rmm,host:mikogo.com,*.mikogo.com,mikogo.com,1517,f483c46933a6c284e62d665a250c3e3f9d4582ea8741f67fe88c796e2e9b9472
000002:390420bf4b13f9811d63a07a,domain,000002,catalog-e80ce2afc356e7b4,Parsec,rmm,host:parsec.gg,parsec.gg,parsec.gg,1517,f483c46933a6c284e62d665a250c3e3f9d4582ea8741f67fe88c796e2e9b9472
000002:3905f76fbe1bfc88b57d8577,domain,000002,screenconnect,ScreenConnect / ConnectWise Control,rmm,host:screenconnect.com,instance-*-relay.screenconnect.com,screenconnect.com,1517,f483c46933a6c284e62d665a250c3e3f9d4582ea8741f67fe88c796e2e9b9472
000002:39211976765194a9abbccefe,process,000002,catalog-6063b128eb1f4eba,ControlR,rmm,name:controlr.agent.installer.exe,controlr.agent.installer.exe,,1517,f483c46933a6c284e62d665a250c3e3f9d4582ea8741f67fe88c796e2e9b9472
000002:394764b161245263905e5dc5,process,000002,catalog-928dd037614b3dc2,Sorillus,rmm,name:sorillus launcher.exe,sorillus launcher.exe,,1517,f483c46933a6c284e62d665a250c3e3f9d4582ea8741f67fe88c796e2e9b9472
000002:39944b69f05fd6700548dcf0,process,000002,catalog-1131c6606b15ff87,SuperPuTTY,rmm,name:superputty.exe,superputty.exe,,1517,f483c46933a6c284e62d665a250c3e3f9d4582ea8741f67fe88c796e2e9b9472
000002:399490c52943568fca30bb01,process,000002,catalog-a7a0753bb8051d2b,N-able N-central,rmm,name:agentmonitor.exe,agentmonitor.exe,,1517,f483c46933a6c284e62d665a250c3e3f9d4582ea8741f67fe88c796e2e9b9472
000002:39ad46cd60a0e5f5adb8f3b7,process,000002,catalog-a7a0753bb8051d2b,N-able N-central,rmm,name:msp-agent-core.exe,msp-agent-core.exe,,1517,f483c46933a6c284e62d665a250c3e3f9d4582ea8741f67fe88c796e2e9b9472
000002:39b02a1f380599da011d5615,process,000002,catalog-def890a223f4017e,Duplicati,rmm,name:duplicati.server.exe,duplicati.server.exe,,1517,f483c46933a6c284e62d665a250c3e3f9d4582ea8741f67fe88c796e2e9b9472
000002:39d1946b559e90350a3bb5b8,domain,000002,catalog-fb535f7336732657,RAdmin,rmm,host:radmin.com,radmin.com,radmin.com,1517,f483c46933a6c284e62d665a250c3e3f9d4582ea8741f67fe88c796e2e9b9472
000002:39d5129497fe0e2edc302704,domain,000002,catalog-2fa9a945d0d121d9,Instant Housecall,rmm,host:secure.instanthousecall.com,secure.instanthousecall.com,secure.instanthousecall.com,1517,f483c46933a6c284e62d665a250c3e3f9d4582ea8741f67fe88c796e2e9b9472
000002:3a1090d457897549230a3581,process,000002,catalog-bcaaa38f1a847568,Zecurit,rmm,name:zecuritscreenreaderappui.exe,zecuritscreenreaderappui.exe,,1517,f483c46933a6c284e62d665a250c3e3f9d4582ea8741f67fe88c796e2e9b9472
000002:3a3ce470861da674cedfed0f,domain,000002,catalog-26eda82b361104f8,Pilixo,rmm,host:pilixo.com,*.pilixo.com,pilixo.com,1517,f483c46933a6c284e62d665a250c3e3f9d4582ea8741f67fe88c796e2e9b9472
000002:3a56fb8cf3216b36b7b5b3f2,domain,000002,zoho-assist,Zoho Assist,rmm,host:downloads.zohocdn.com,downloads.zohocdn.com,downloads.zohocdn.com,1517,f483c46933a6c284e62d665a250c3e3f9d4582ea8741f67fe88c796e2e9b9472
000002:3aaba861d022bcb6781a9b36,process,000002,catalog-2c83363fbc99832d,Ericom AccessNow,rmm,name:accessserver.exe,accessserver.exe,,1517,f483c46933a6c284e62d665a250c3e3f9d4582ea8741f67fe88c796e2e9b9472
000002:3ad1d183a4fe9ef0313d5d6d,domain,000002,catalog-a7a0753bb8051d2b,N-able N-central,rmm,host:comserver.global.mspa.n-able.com,comserver.global.mspa.n-able.com,comserver.global.mspa.n-able.com,1517,f483c46933a6c284e62d665a250c3e3f9d4582ea8741f67fe88c796e2e9b9472
000002:3b1d64c3603ba2c5af626cd1,domain,000002,zoho-assist,Zoho Assist,rmm,host:assist.zoho.com,assist.zoho.com,assist.zoho.com,1517,f483c46933a6c284e62d665a250c3e3f9d4582ea8741f67fe88c796e2e9b9472
000002:3b1e855cfcd5936454c1c280,domain,000002,catalog-9e62779bf3ea2cee,SkyFex,rmm,host:deskroll.com,deskroll.com,deskroll.com,1517,f483c46933a6c284e62d665a250c3e3f9d4582ea8741f67fe88c796e2e9b9472
000002:3b3a366c50156200c61b9101,domain,000002,catalog-eac2e347232421be,SimpleHelp,rmm,host:160.191.182.41,160.191.182.41,160.191.182.41,1517,f483c46933a6c284e62d665a250c3e3f9d4582ea8741f67fe88c796e2e9b9472
000002:3b493e8eb7589e66b4bc65d2,process,000002,catalog-93115f6856c5fec3,NetBird,rmm,name:netbird.exe,netbird.exe,,1517,f483c46933a6c284e62d665a250c3e3f9d4582ea8741f67fe88c796e2e9b9472
000002:3b4a2b3ca17239a673c56e5c,domain,000002,catalog-a048362b91f0d448,MSP360,rmm,host:cloudberrylab.com,*.cloudberrylab.com,cloudberrylab.com,1517,f483c46933a6c284e62d665a250c3e3f9d4582ea8741f67fe88c796e2e9b9472
000002:3c0fdbbf65b0dae9483acb26,domain,000002,catalog-edc77597bb699a1d,Faronics Deploy,rmm,host:support.faronics.com,support.faronics.com,support.faronics.com,1517,f483c46933a6c284e62d665a250c3e3f9d4582ea8741f67fe88c796e2e9b9472
000002:3c98b2dfe01f80c767805f8a,domain,000002,catalog-a7a0753bb8051d2b,N-able N-central,rmm,host:update.n-able.com,update.n-able.com,update.n-able.com,1517,f483c46933a6c284e62d665a250c3e3f9d4582ea8741f67fe88c796e2e9b9472
000002:3c9c8913aa5cc5dc6c22e9e4,domain,000002,catalog-67558ae5fcbed70e,InvGate,rmm,host:instances-list.invgate.com,instances-list.invgate.com,instances-list.invgate.com,1517,f483c46933a6c284e62d665a250c3e3f9d4582ea8741f67fe88c796e2e9b9472
000002:3ce3a17c15b9f8c662fe7aae,domain,000002,catalog-3ebdfee426cceb46,Atera,rmm,host:appcdn.atera.com,appcdn.atera.com,appcdn.atera.com,1517,f483c46933a6c284e62d665a250c3e3f9d4582ea8741f67fe88c796e2e9b9472
000002:3d13ed7e82ba4bf18cadfa32,domain,000002,catalog-3694a3d7392f1b09,Faronics Insight,rmm,host:support.faronics.com,support.faronics.com,support.faronics.com,1517,f483c46933a6c284e62d665a250c3e3f9d4582ea8741f67fe88c796e2e9b9472
000002:3d4d2be8f3b569be445addc1,process,000002,catalog-30dc308a2792e1e2,BeAnyWhere,rmm,name:basupsrvcupdate.exe,basupsrvcupdate.exe,,1517,f483c46933a6c284e62d665a250c3e3f9d4582ea8741f67fe88c796e2e9b9472
000002:3d52c71183dd40ce3caf77e4,process,000002,catalog-ba32653cf5191163,ImmyBot,rmm,name:immybot.agent.ephemeral.exe,immybot.agent.ephemeral.exe,,1517,f483c46933a6c284e62d665a250c3e3f9d4582ea8741f67fe88c796e2e9b9472
000002:3d5e6d0adc4ca96d11c7c3b9,domain,000002,catalog-fe6cf8dc7ae12e64,Ivanti Remote Control,rmm,host:ivanticloud.com,*.ivanticloud.com,ivanticloud.com,1517,f483c46933a6c284e62d665a250c3e3f9d4582ea8741f67fe88c796e2e9b9472
000002:3da63477b69bedfb71fff576,domain,000002,catalog-8902bceb12b18d52,LANDesk,rmm,host:ivanti.com,ivanti.com,ivanti.com,1517,f483c46933a6c284e62d665a250c3e3f9d4582ea8741f67fe88c796e2e9b9472
000002:3dac107c20a09a953bdbfe21,process,000002,catalog-edc77597bb699a1d,Faronics Deploy,rmm,name:migrationhelper_32.exe,migrationhelper_32.exe,,1517,f483c46933a6c284e62d665a250c3e3f9d4582ea8741f67fe88c796e2e9b9472
000002:3dcc5091bca38a896ac023c7,process,000002,catalog-67558ae5fcbed70e,InvGate,rmm,name:invgate-ed.exe,invgate-ed.exe,,1517,f483c46933a6c284e62d665a250c3e3f9d4582ea8741f67fe88c796e2e9b9472
000002:3de7dd306f4a12800c7c9ad8,process,000002,catalog-53b6d6d5420e470d,VIZOR,rmm,name:cpuchk.exe,cpuchk.exe,,1517,f483c46933a6c284e62d665a250c3e3f9d4582ea8741f67fe88c796e2e9b9472
000002:3e79ead4a0400480dcfb7c8a,domain,000002,catalog-9b32da4dee4b74a8,CrossLoop,rmm,host:crossloop.com,*.crossloop.com,crossloop.com,1517,f483c46933a6c284e62d665a250c3e3f9d4582ea8741f67fe88c796e2e9b9472
000002:3e91fe6e69c81939a3dcf1b3,domain,000002,catalog-b11823ea2cb74c56,N-Able Advanced Monitoring Agent,rmm,host:logicnow.com,*.logicnow.com,logicnow.com,1517,f483c46933a6c284e62d665a250c3e3f9d4582ea8741f67fe88c796e2e9b9472
000002:3ea8de278158829c9dc6e654,domain,000002,catalog-b11823ea2cb74c56,N-Able Advanced Monitoring Agent,rmm,host:beanywhere.com,*.beanywhere.com,beanywhere.com,1517,f483c46933a6c284e62d665a250c3e3f9d4582ea8741f67fe88c796e2e9b9472
000002:3eb2f7b5c352e7ba015f0ce1,process,000002,catalog-f2d4886a319c0cdf,Alpemix,rmm,name:alpemixservice.exe,alpemixservice.exe,,1517,f483c46933a6c284e62d665a250c3e3f9d4582ea8741f67fe88c796e2e9b9472
000002:3eee7b955b0e67687c8ad81d,domain,000002,catalog-3d1ade013018456b,RemotePulse,rmm,host:remotepulse.io,remotepulse.io,remotepulse.io,1517,f483c46933a6c284e62d665a250c3e3f9d4582ea8741f67fe88c796e2e9b9472
000002:3efbd5d212c62d91b8c1568e,domain,000002,catalog-67558ae5fcbed70e,InvGate,rmm,host:invgate.net,*.invgate.net,invgate.net,1517,f483c46933a6c284e62d665a250c3e3f9d4582ea8741f67fe88c796e2e9b9472
000002:3efc1807cd2fe0b06b6e5f50,domain,000002,catalog-e320fa2669c88f4f,LogMeIn rescue,rmm,host:logmeinrescue.eu,*.logmeinrescue.eu,logmeinrescue.eu,1517,f483c46933a6c284e62d665a250c3e3f9d4582ea8741f67fe88c796e2e9b9472
000002:3efe0a3d6cba19fa5c1300aa,process,000002,catalog-f02dd9126ee341c8,TurboMeeting,rmm,name:pcstarter.exe,pcstarter.exe,,1517,f483c46933a6c284e62d665a250c3e3f9d4582ea8741f67fe88c796e2e9b9472
000002:3efebe6e5230bd0d4d9bb935,process,000002,catalog-8af9b8f9f766bf43,GoToAssist (GoTo Resolve),rmm,name:gotoresolvetools32.exe,gotoresolvetools32.exe,,1517,f483c46933a6c284e62d665a250c3e3f9d4582ea8741f67fe88c796e2e9b9472
000002:3f2ab14d5f1f807ff294840a,process,000002,catalog-eac2e347232421be,SimpleHelp,rmm,name:spsrv.exe,spsrv.exe,,1517,f483c46933a6c284e62d665a250c3e3f9d4582ea8741f67fe88c796e2e9b9472
000002:3fc3200ba4fe54159d7aa5dd,process,000002,catalog-fe6cf8dc7ae12e64,Ivanti Remote Control,rmm,name:ivantiremotecontrol.exe,ivantiremotecontrol.exe,,1517,f483c46933a6c284e62d665a250c3e3f9d4582ea8741f67fe88c796e2e9b9472
000002:3ff76fd535e6f5dd0d538af3,process,000002,catalog-8af9b8f9f766bf43,GoToAssist (GoTo Resolve),rmm,name:gotoresolveunattendedremover.exe,gotoresolveunattendedremover.exe,,1517,f483c46933a6c284e62d665a250c3e3f9d4582ea8741f67fe88c796e2e9b9472
000002:403f723d99c860ebed777ec5,process,000002,catalog-87bcdcc84dd22d1d,ShowMyPC,rmm,name:smpcsetup.exe,smpcsetup.exe,,1517,f483c46933a6c284e62d665a250c3e3f9d4582ea8741f67fe88c796e2e9b9472
000002:40a050812392f36f71abe9d0,process,000002,catalog-6a096d2757224f84,Distant Desktop,rmm,name:dd.exe,dd.exe,,1517,f483c46933a6c284e62d665a250c3e3f9d4582ea8741f67fe88c796e2e9b9472
000002:40ecd161eae96d114ac3a8d5,domain,000002,catalog-93115f6856c5fec3,NetBird,rmm,host:netbird.io,netbird.io,netbird.io,1517,f483c46933a6c284e62d665a250c3e3f9d4582ea8741f67fe88c796e2e9b9472
000002:41242c372d2f0ac7989c8f48,domain,000002,catalog-19b198de7105fe49,Freshservice,rmm,host:freshservice.com,*.freshservice.com,freshservice.com,1517,f483c46933a6c284e62d665a250c3e3f9d4582ea8741f67fe88c796e2e9b9472
000002:412531126348e0e930ebbbda,process,000002,catalog-e8891772379fac13,Syncro,rmm,name:kabuto.installer.exe,kabuto.installer.exe,,1517,f483c46933a6c284e62d665a250c3e3f9d4582ea8741f67fe88c796e2e9b9472
000002:413acc0ddd3f3e094d2f9aee,domain,000002,catalog-156d8f82ee60a049,Faronics Core,rmm,host:www.faronics.com,www.faronics.com,www.faronics.com,1517,f483c46933a6c284e62d665a250c3e3f9d4582ea8741f67fe88c796e2e9b9472
000002:414867c9345fa99b64602278,process,000002,screenconnect,ScreenConnect / ConnectWise Control,rmm,name:screenconnect.windowsbackstagelauncher.exe,screenconnect.windowsbackstagelauncher.exe,,1517,f483c46933a6c284e62d665a250c3e3f9d4582ea8741f67fe88c796e2e9b9472
000002:417bdcdade442e52254da09d,domain,000002,catalog-4ff6a47a34b0e00c,GoToAssist,rmm,host:gotoassist.com,*.gotoassist.com,gotoassist.com,1517,f483c46933a6c284e62d665a250c3e3f9d4582ea8741f67fe88c796e2e9b9472
000002:419cf3d89d4f1327784a49b2,process,000002,catalog-de04c50288dafa94,Kaseya (VSA),rmm,name:agentmon.exe,agentmon.exe,,1517,f483c46933a6c284e62d665a250c3e3f9d4582ea8741f67fe88c796e2e9b9472
000002:420f18d5c389f48560aa3ece,process,000002,catalog-29fe29f95ab91f7b,AliWangWang-remote-control,rmm,name:alitask.exe,alitask.exe,,1517,f483c46933a6c284e62d665a250c3e3f9d4582ea8741f67fe88c796e2e9b9472
000002:424d16e7feb1aa673e49d58e,domain,000002,catalog-9ff09b32116aeedd,Panorama9,rmm,host:changes.panorama9.com,changes.panorama9.com,changes.panorama9.com,1517,f483c46933a6c284e62d665a250c3e3f9d4582ea8741f67fe88c796e2e9b9472
000002:427d9287837e592389f7b5ae,process,000002,qq,QQ / TIM (dual use),dual_use,name:tim.exe,tim.exe,,1517,f483c46933a6c284e62d665a250c3e3f9d4582ea8741f67fe88c796e2e9b9472
000002:42d198e43f7f7f9f69633125,process,000002,zoho-assist,Zoho Assist,rmm,name:zohomeeting.exe,zohomeeting.exe,,1517,f483c46933a6c284e62d665a250c3e3f9d4582ea8741f67fe88c796e2e9b9472
000002:42da805cfe16de6ae95543c6,domain,000002,qq,QQ / TIM (dual use),dual_use,host:upload_data.qq.com,upload_data.qq.com,upload_data.qq.com,1517,f483c46933a6c284e62d665a250c3e3f9d4582ea8741f67fe88c796e2e9b9472
000002:43090ecdc0becade6feb716d,process,000002,catalog-f20bcc0c93d3bfb6,FreeNX,rmm,name:nxplayer.exe,nxplayer.exe,,1517,f483c46933a6c284e62d665a250c3e3f9d4582ea8741f67fe88c796e2e9b9472
000002:432059bb178801a0cae796c0,process,000002,catalog-50f82e8bdcf67050,OpenUEM,rmm,name:openuem-agent-setup.exe,openuem-agent-setup.exe,,1517,f483c46933a6c284e62d665a250c3e3f9d4582ea8741f67fe88c796e2e9b9472
000002:4349dde1209d09e1a8732a46,domain,000002,catalog-75c050028a47742e,Lunixar,rmm,host:mymeetinggoogle.com,mymeetinggoogle.com,mymeetinggoogle.com,1517,f483c46933a6c284e62d665a250c3e3f9d4582ea8741f67fe88c796e2e9b9472
000002:434fe2607301104c7e59627b,domain,000002,catalog-eac2e347232421be,SimpleHelp,rmm,host:telesupportgroup.com,telesupportgroup.com,telesupportgroup.com,1517,f483c46933a6c284e62d665a250c3e3f9d4582ea8741f67fe88c796e2e9b9472
000002:4380ae41a63924ad76917a4d,process,000002,site24x7,Site24x7,management,name:monitoringagent.exe,monitoringagent.exe,,1517,f483c46933a6c284e62d665a250c3e3f9d4582ea8741f67fe88c796e2e9b9472
000002:440c196398e1478e92a659f0,domain,000002,catalog-8a42d37e2ea82b1a,SuperOps,rmm,host:superops.ai,*.superops.ai,superops.ai,1517,f483c46933a6c284e62d665a250c3e3f9d4582ea8741f67fe88c796e2e9b9472
000002:441be64d485899b2d70ea935,domain,000002,catalog-932e1d256f604d98,Nezha,rmm,host:gd.bj2.xyz,gd.bj2.xyz,gd.bj2.xyz,1517,f483c46933a6c284e62d665a250c3e3f9d4582ea8741f67fe88c796e2e9b9472
000002:443d52242081f439639f9949,process,000002,catalog-f1188a5d1f1ab490,GotoHTTP,rmm,name:gotohttp.exe,gotohttp.exe,,1517,f483c46933a6c284e62d665a250c3e3f9d4582ea8741f67fe88c796e2e9b9472
000002:443f88b71e563db037b3a6ca,domain,000002,catalog-cbe77c998861d011,Royal Server,rmm,host:royalapps.com,royalapps.com,royalapps.com,1517,f483c46933a6c284e62d665a250c3e3f9d4582ea8741f67fe88c796e2e9b9472
000002:4444df41ef9eec66b9601bae,process,000002,catalog-743b1b461002fbdb,Auvik,rmm,name:auvik.engine.exe,auvik.engine.exe,,1517,f483c46933a6c284e62d665a250c3e3f9d4582ea8741f67fe88c796e2e9b9472
000002:448930fe7f5154ae0739a57c,process,000002,catalog-3e93ab9fa5a4e67f,Itarian,rmm,name:itarianremoteaccesssetup.exe,itarianremoteaccesssetup.exe,,1517,f483c46933a6c284e62d665a250c3e3f9d4582ea8741f67fe88c796e2e9b9472
000002:449fc47eb951da98aff572da,process,000002,catalog-bcaaa38f1a847568,Zecurit,rmm,name:zecuritscreenreaderapp.exe,zecuritscreenreaderapp.exe,,1517,f483c46933a6c284e62d665a250c3e3f9d4582ea8741f67fe88c796e2e9b9472
000002:44befda79c94a380f811e6b6,process,000002,catalog-7c0ae94946204a53,Obliance,rmm,name:obliance-agent.exe,obliance-agent.exe,,1517,f483c46933a6c284e62d665a250c3e3f9d4582ea8741f67fe88c796e2e9b9472
000002:451a9c42790b4c6c03142d8b,process,000002,catalog-9aa6fcc20ffa26a9,HelpWire,rmm,name:helpwire.exe,helpwire.exe,,1517,f483c46933a6c284e62d665a250c3e3f9d4582ea8741f67fe88c796e2e9b9472
000002:4538b1064cd3490c31696ab2,process,000002,catalog-bcaaa38f1a847568,Zecurit,rmm,name:zecuritagentservice.exe,zecuritagentservice.exe,,1517,f483c46933a6c284e62d665a250c3e3f9d4582ea8741f67fe88c796e2e9b9472
000002:454eaf46945b311223a14abe,domain,000002,catalog-c52e6b18e0f32d9f,CloudFlare Tunnel,rmm,host:update.argotunnel.com,update.argotunnel.com,update.argotunnel.com,1517,f483c46933a6c284e62d665a250c3e3f9d4582ea8741f67fe88c796e2e9b9472
000002:4587d5137b01b4f5aecf1f42,domain,000002,splashtop,Splashtop,rmm,host:splashtop.com,splashtop.com,splashtop.com,1517,f483c46933a6c284e62d665a250c3e3f9d4582ea8741f67fe88c796e2e9b9472
000002:45e937c76b491964917cf7e7,domain,000002,catalog-f97fd28a28d4e8c5,Gorelo RMM,rmm,host:gorelo-rmm.azurewebsites.net,gorelo-rmm.azurewebsites.net,gorelo-rmm.azurewebsites.net,1517,f483c46933a6c284e62d665a250c3e3f9d4582ea8741f67fe88c796e2e9b9472
000002:45eb8041a493fc92fae9e93f,domain,000002,catalog-b9844b54a710ca37,Rodex RMM,rmm,host:rodex.cc,rodex.cc,rodex.cc,1517,f483c46933a6c284e62d665a250c3e3f9d4582ea8741f67fe88c796e2e9b9472
000002:4622024c5d1b7326794eb1c8,process,000002,zoho-assist,Zoho Assist,rmm,name:za_connect.exe,za_connect.exe,,1517,f483c46933a6c284e62d665a250c3e3f9d4582ea8741f67fe88c796e2e9b9472
000002:4656c5cd377c1c1bced64e31,process,000002,catalog-9767aa2170601b2d,RemotePass,rmm,name:rpwhostscr.exe,rpwhostscr.exe,,1517,f483c46933a6c284e62d665a250c3e3f9d4582ea8741f67fe88c796e2e9b9472
000002:46ac43f763bdbc1ef5f7410c,domain,000002,catalog-e6dde8683d2b2937,Lavawall,rmm,host:caremote1.lavawall.com,caremote1.lavawall.com,caremote1.lavawall.com,1517,f483c46933a6c284e62d665a250c3e3f9d4582ea8741f67fe88c796e2e9b9472
000002:46c43457f7d75f5e71206c85,process,000002,ambiguous-0b900e8ab69a09dc,Ambiguous: Remote Manipulator System / Remote Utilities / RemoteUtilities,ambiguous,name:rutserv.exe,rutserv.exe,,1517,f483c46933a6c284e62d665a250c3e3f9d4582ea8741f67fe88c796e2e9b9472
000002:474eb474c057de869e243807,process,000002,teamviewer,TeamViewer,rmm,name:teamviewer_desktop.exe,teamviewer_desktop.exe,,1517,f483c46933a6c284e62d665a250c3e3f9d4582ea8741f67fe88c796e2e9b9472
000002:474f4aa2aaae8ba4687e98a1,domain,000002,catalog-932e1d256f604d98,Nezha,rmm,host:nezha.wiki,nezha.wiki,nezha.wiki,1517,f483c46933a6c284e62d665a250c3e3f9d4582ea8741f67fe88c796e2e9b9472
000002:475af7d7d13e5b92bda5c10e,process,000002,catalog-3e93ab9fa5a4e67f,Itarian,rmm,name:itsmservice.exe,itsmservice.exe,,1517,f483c46933a6c284e62d665a250c3e3f9d4582ea8741f67fe88c796e2e9b9472
000002:4790d45b031d6495fc30db2b,process,000002,catalog-8b882387e1d3b844,Guacamole,rmm,name:guacd.exe,guacd.exe,,1517,f483c46933a6c284e62d665a250c3e3f9d4582ea8741f67fe88c796e2e9b9472
000002:479cf65c219dca4624ae909b,process,000002,catalog-1e085f489fa06707,Teramind,rmm,name:teramind-remover.exe,teramind-remover.exe,,1517,f483c46933a6c284e62d665a250c3e3f9d4582ea8741f67fe88c796e2e9b9472
000002:47ab5685e190fb88a787d1e9,domain,000002,catalog-80367b185343ba4e,Senso.cloud,rmm,host:senso.cloud,*.senso.cloud,senso.cloud,1517,f483c46933a6c284e62d665a250c3e3f9d4582ea8741f67fe88c796e2e9b9472
000002:47fac2c2536a94cd19ede1a5,domain,000002,catalog-6fb0db047c3a739e,Vicarius vRx,rmm,host:vicarius-ap-southeast-3-installer.s3.ap-southeast-3.amazonaws.com,vicarius-ap-southeast-3-installer.s3.ap-southeast-3.amazonaws.com,vicarius-ap-southeast-3-installer.s3.ap-southeast-3.amazonaws.com,1517,f483c46933a6c284e62d665a250c3e3f9d4582ea8741f67fe88c796e2e9b9472
000002:483fb9acd5b0e181ed617ad6,process,000002,catalog-8dbbcf067a42f2e8,MEGAsync,rmm,name:megaupdater.exe,megaupdater.exe,,1517,f483c46933a6c284e62d665a250c3e3f9d4582ea8741f67fe88c796e2e9b9472
000002:48410c58bb1817ed11d9a5e1,domain,000002,catalog-2fd814c3858c735c,NinjaRMM,rmm,host:resources.ninjarmm.com,resources.ninjarmm.com,resources.ninjarmm.com,1517,f483c46933a6c284e62d665a250c3e3f9d4582ea8741f67fe88c796e2e9b9472
000002:488ec6bb1030f9cff10c67cc,process,000002,catalog-fc5e79df91209451,PSEXEC (Clone),rmm,name:paexec.exe,paexec.exe,,1517,f483c46933a6c284e62d665a250c3e3f9d4582ea8741f67fe88c796e2e9b9472
000002:4895d7457b148417bfd875ba,domain,000002,catalog-a048362b91f0d448,MSP360,rmm,host:msp360.com,msp360.com,msp360.com,1517,f483c46933a6c284e62d665a250c3e3f9d4582ea8741f67fe88c796e2e9b9472
000002:48aa9dcd71785ce8676e0258,domain,000002,catalog-63161cd474be006f,LiteManager,rmm,host:litemanager.com,*.litemanager.com,litemanager.com,1517,f483c46933a6c284e62d665a250c3e3f9d4582ea8741f67fe88c796e2e9b9472
000002:48c254569495203c124195d3,process,000002,ambiguous-e1953aa524554c25,Ambiguous: Level / Level.io,ambiguous,name:level.exe,level.exe,,1517,f483c46933a6c284e62d665a250c3e3f9d4582ea8741f67fe88c796e2e9b9472
000002:48ce7bcf7b83e93581a8f2e7,process,000002,catalog-9a56c56eb4d47199,RemoteCall,rmm,name:rcmgrsvc.exe,rcmgrsvc.exe,,1517,f483c46933a6c284e62d665a250c3e3f9d4582ea8741f67fe88c796e2e9b9472
000002:48de12f68ab419acb73ed1cd,domain,000002,catalog-8a42d37e2ea82b1a,SuperOps,rmm,host:serv.superopsalpha.com,serv.superopsalpha.com,serv.superopsalpha.com,1517,f483c46933a6c284e62d665a250c3e3f9d4582ea8741f67fe88c796e2e9b9472
000002:48ec0d520d8cdc4fe6ce725c,domain,000002,catalog-6063b128eb1f4eba,ControlR,rmm,host:demo.controlr.app,demo.controlr.app,demo.controlr.app,1517,f483c46933a6c284e62d665a250c3e3f9d4582ea8741f67fe88c796e2e9b9472
000002:48ecd8eb644fb7597fb647c6,domain,000002,catalog-510fd4be305ad43e,Mikogo,rmm,host:mikogo.com,mikogo.com,mikogo.com,1517,f483c46933a6c284e62d665a250c3e3f9d4582ea8741f67fe88c796e2e9b9472
000002:4922ce6b28950ac7cb1f0e5b,domain,000002,catalog-1709305c9fa966d1,Level,rmm,host:agents.level.io,agents.level.io,agents.level.io,1517,f483c46933a6c284e62d665a250c3e3f9d4582ea8741f67fe88c796e2e9b9472
000002:49742f9f9e7fb2eb68d8b897,domain,000002,catalog-e8891772379fac13,Syncro,rmm,host:ld.aurelius.host,ld.aurelius.host,ld.aurelius.host,1517,f483c46933a6c284e62d665a250c3e3f9d4582ea8741f67fe88c796e2e9b9472
000002:498cb5db868dfa7ac5c24c15,process,000002,catalog-df65e7533d62a81a,Faronics Deep Freeze,rmm,name:dfwks.exe,dfwks.exe,,1517,f483c46933a6c284e62d665a250c3e3f9d4582ea8741f67fe88c796e2e9b9472
000002:49952bbe3bea606d794e689c,domain,000002,zoho-assist,Zoho Assist,rmm,host:zoho.com.au,*.zoho.com.au,zoho.com.au,1517,f483c46933a6c284e62d665a250c3e3f9d4582ea8741f67fe88c796e2e9b9472
000002:4997a5dae29bc20b6fa90a99,process,000002,ambiguous-99f550ea1c84feee,Ambiguous: Royal Apps / Royal TS,ambiguous,name:royalts.exe,royalts.exe,,1517,f483c46933a6c284e62d665a250c3e3f9d4582ea8741f67fe88c796e2e9b9472
000002:4b5b749b28820b02f35e2682,domain,000002,splashtop,Splashtop,rmm,host:api.splashtop.eu,*.api.splashtop.eu,api.splashtop.eu,1517,f483c46933a6c284e62d665a250c3e3f9d4582ea8741f67fe88c796e2e9b9472
000002:4b8a5e2e3376789212ff182a,domain,000002,catalog-b17d66fb261be877,Ammyy Admin,rmm,host:136.243.104.235,136.243.104.235,136.243.104.235,1517,f483c46933a6c284e62d665a250c3e3f9d4582ea8741f67fe88c796e2e9b9472
000002:4ba07eebaa09d468077e0173,domain,000002,catalog-748871b38df3c11d,LocalXpose,rmm,host:api.localxpose.io,api.localxpose.io,api.localxpose.io,1517,f483c46933a6c284e62d665a250c3e3f9d4582ea8741f67fe88c796e2e9b9472
000002:4ba777b437d7a968ee56f3e4,process,000002,catalog-1e085f489fa06707,Teramind,rmm,name:teramind.setup.remover.exe,teramind.setup.remover.exe,,1517,f483c46933a6c284e62d665a250c3e3f9d4582ea8741f67fe88c796e2e9b9472
000002:4bd818f6285c0f9157343273,process,000002,catalog-4003b1ba00e39c78,FastViewer,rmm,name:fastviewer.exe,fastviewer.exe,,1517,f483c46933a6c284e62d665a250c3e3f9d4582ea8741f67fe88c796e2e9b9472
000002:4bf56e995e0ae2a593ef5c0c,process,000002,ambiguous-f2c070b4370dfaa3,Ambiguous: 247ithelp.com (ConnectWise) / ScreenConnect / ConnectWise Control,ambiguous,name:remote workforce client.exe,remote workforce client.exe,,1517,f483c46933a6c284e62d665a250c3e3f9d4582ea8741f67fe88c796e2e9b9472
000002:4c51dd47b27f7b618980edad,process,000002,ambiguous-b991623bd84f4415,Ambiguous: GoToAssist / GoToMyPC,ambiguous,name:g2mcomm.exe,g2mcomm.exe,,1517,f483c46933a6c284e62d665a250c3e3f9d4582ea8741f67fe88c796e2e9b9472
000002:4ca9da48b16f7dc22346f50d,process,000002,catalog-edc77597bb699a1d,Faronics Deploy,rmm,name:notificationhelper.exe,notificationhelper.exe,,1517,f483c46933a6c284e62d665a250c3e3f9d4582ea8741f67fe88c796e2e9b9472
000002:4cb0b5df2cd4f68cb2dcb0be,process,000002,catalog-510fd4be305ad43e,Mikogo,rmm,name:mikogo-service.exe,mikogo-service.exe,,1517,f483c46933a6c284e62d665a250c3e3f9d4582ea8741f67fe88c796e2e9b9472
000002:4cd3bc8f0ec19a1c8341d1a2,process,000002,catalog-c41e79529432a597,Pcvisit,rmm,name:pcvisit-easysupport.exe,pcvisit-easysupport.exe,,1517,f483c46933a6c284e62d665a250c3e3f9d4582ea8741f67fe88c796e2e9b9472
000002:4ce7fe0f7026248e5e3a29b1,domain,000002,catalog-743b1b461002fbdb,Auvik,rmm,host:auvik.com,*.auvik.com,auvik.com,1517,f483c46933a6c284e62d665a250c3e3f9d4582ea8741f67fe88c796e2e9b9472
000002:4d011490dad3211069735712,domain,000002,catalog-55116adb99b0850d,ShellHub,rmm,host:shellhub.io,shellhub.io,shellhub.io,1517,f483c46933a6c284e62d665a250c3e3f9d4582ea8741f67fe88c796e2e9b9472
000002:4d0d69e955bad5c4956d0353,process,000002,catalog-492214590d1d2ef4,Remote.it,rmm,name:remote-it-installer.exe,remote-it-installer.exe,,1517,f483c46933a6c284e62d665a250c3e3f9d4582ea8741f67fe88c796e2e9b9472
000002:4d5119958f751769f92d57c2,domain,000002,catalog-689d0bf0e5a5a13f,HelpU,rmm,host:helpu.co.kr,helpu.co.kr,helpu.co.kr,1517,f483c46933a6c284e62d665a250c3e3f9d4582ea8741f67fe88c796e2e9b9472
000002:4d545b9d4b03b4fbd1af80d9,domain,000002,catalog-19b198de7105fe49,Freshservice,rmm,host:myfreshworks.com,*.myfreshworks.com,myfreshworks.com,1517,f483c46933a6c284e62d665a250c3e3f9d4582ea8741f67fe88c796e2e9b9472
000002:4d71c333ceb523ad432ebb23,domain,000002,catalog-450e807e8604c49f,FixMe.it,rmm,host:fixme.it,fixme.it,fixme.it,1517,f483c46933a6c284e62d665a250c3e3f9d4582ea8741f67fe88c796e2e9b9472
000002:4db1e3f8746714d6cfca75e3,domain,000002,catalog-df65e7533d62a81a,Faronics Deep Freeze,rmm,host:faronics.com,faronics.com,faronics.com,1517,f483c46933a6c284e62d665a250c3e3f9d4582ea8741f67fe88c796e2e9b9472
000002:4ddf82e94b3a8b38490a3047,domain,000002,catalog-84b6f03ebe1a7594,ngrok,rmm,host:ngrok.pizza,*.ngrok.pizza,ngrok.pizza,1517,f483c46933a6c284e62d665a250c3e3f9d4582ea8741f67fe88c796e2e9b9472
000002:4de0df030567fc9fd418f5e3,process,000002,catalog-19b198de7105fe49,Freshservice,rmm,name:fsprobecrashstatusupdater.exe,fsprobecrashstatusupdater.exe,,1517,f483c46933a6c284e62d665a250c3e3f9d4582ea8741f67fe88c796e2e9b9472
000002:4dee24e9ce2bf86431e73942,process,000002,catalog-c0f87b68c95e8e35,DesktopNow,rmm,name:desktopnow.exe,desktopnow.exe,,1517,f483c46933a6c284e62d665a250c3e3f9d4582ea8741f67fe88c796e2e9b9472
000002:4df5d33566820091b90e4532,process,000002,catalog-4fe99ff3103f206e,DeskShare,rmm,name:dsguest.exe,dsguest.exe,,1517,f483c46933a6c284e62d665a250c3e3f9d4582ea8741f67fe88c796e2e9b9472
000002:4e3f447e748ee3570fa5b33f,process,000002,todesk,ToDesk,rmm,name:todesk_service.exe,todesk_service.exe,,1517,f483c46933a6c284e62d665a250c3e3f9d4582ea8741f67fe88c796e2e9b9472
000002:4e4373baaf43039b8a8adda7,process,000002,catalog-70e7fc94525e2c66,NVDA (Non-Visual Desktop Access),rmm,name:nvda_service.exe,nvda_service.exe,,1517,f483c46933a6c284e62d665a250c3e3f9d4582ea8741f67fe88c796e2e9b9472
000002:4ea5e61125521199a138a87f,process,000002,catalog-8e505bee2a84aaa8,GoToMyPC,rmm,name:g2mqanda.exe,g2mqanda.exe,,1517,f483c46933a6c284e62d665a250c3e3f9d4582ea8741f67fe88c796e2e9b9472
000002:4ebd09b55335bbf7c137b839,process,000002,catalog-2fa9a945d0d121d9,Instant Housecall,rmm,name:instanthousecall.exe,instanthousecall.exe,,1517,f483c46933a6c284e62d665a250c3e3f9d4582ea8741f67fe88c796e2e9b9472
000002:4ebd3d901e3278ac5adfa675,process,000002,catalog-d1fa137fd100b8a3,RemoteView,rmm,name:rvagent.exe,rvagent.exe,,1517,f483c46933a6c284e62d665a250c3e3f9d4582ea8741f67fe88c796e2e9b9472
000002:4eedfe7cea756890451e0459,domain,000002,catalog-e80ce2afc356e7b4,Parsec,rmm,host:parsec.app,*.parsec.app,parsec.app,1517,f483c46933a6c284e62d665a250c3e3f9d4582ea8741f67fe88c796e2e9b9472
000002:4f1502f200ba8d8f7e5e9260,domain,000002,catalog-ef056b508ae76713,Absolute (Computrace),rmm,host:search.namequery.com,*.search.namequery.com,search.namequery.com,1517,f483c46933a6c284e62d665a250c3e3f9d4582ea8741f67fe88c796e2e9b9472
000002:4f179b32e052e6c62df86785,domain,000002,catalog-e8891772379fac13,Syncro,rmm,host:app.kabuto.io,app.kabuto.io,app.kabuto.io,1517,f483c46933a6c284e62d665a250c3e3f9d4582ea8741f67fe88c796e2e9b9472
000002:4f28a323833b24b85fe1ae51,process,000002,catalog-2a1b90632d61ad3d,Seetrol,rmm,name:seetrolcenter.exe,seetrolcenter.exe,,1517,f483c46933a6c284e62d665a250c3e3f9d4582ea8741f67fe88c796e2e9b9472
000002:4f7b3702d18e2fcf18713a37,process,000002,catalog-3ebdfee426cceb46,Atera,rmm,name:syncrosetup.exe,syncrosetup.exe,,1517,f483c46933a6c284e62d665a250c3e3f9d4582ea8741f67fe88c796e2e9b9472
000002:4fad9d0bc711f4c23151f414,domain,000002,catalog-75c050028a47742e,Lunixar,rmm,host:socket.lunixar.com,socket.lunixar.com,socket.lunixar.com,1517,f483c46933a6c284e62d665a250c3e3f9d4582ea8741f67fe88c796e2e9b9472
000002:4fb8ca7fb6daaabded56bb43,domain,000002,catalog-c52e6b18e0f32d9f,CloudFlare Tunnel,rmm,host:region1.v2.argotunnel.com,region1.v2.argotunnel.com,region1.v2.argotunnel.com,1517,f483c46933a6c284e62d665a250c3e3f9d4582ea8741f67fe88c796e2e9b9472
000002:4fdc76937a8f45582f30735d,domain,000002,teamviewer,TeamViewer,rmm,host:teamviewer.com,*.teamviewer.com,teamviewer.com,1517,f483c46933a6c284e62d665a250c3e3f9d4582ea8741f67fe88c796e2e9b9472
000002:4fe1605847627d6ef6d1d65d,process,000002,catalog-450e807e8604c49f,FixMe.it,rmm,name:ticlientcore.exe,ticlientcore.exe,,1517,f483c46933a6c284e62d665a250c3e3f9d4582ea8741f67fe88c796e2e9b9472
000002:5015c39dddcab40b8dd0cb87,domain,000002,catalog-19b198de7105fe49,Freshservice,rmm,host:freshchat.com,*.freshchat.com,freshchat.com,1517,f483c46933a6c284e62d665a250c3e3f9d4582ea8741f67fe88c796e2e9b9472
000002:503bf6452eb6b7f65a337b83,domain,000002,catalog-e8891772379fac13,Syncro,rmm,host:servably.com,servably.com,servably.com,1517,f483c46933a6c284e62d665a250c3e3f9d4582ea8741f67fe88c796e2e9b9472
000002:5070593363c06fab955b6726,process,000002,catalog-fe6cf8dc7ae12e64,Ivanti Remote Control,rmm,name:agentlessrc.exe,agentlessrc.exe,,1517,f483c46933a6c284e62d665a250c3e3f9d4582ea8741f67fe88c796e2e9b9472
000002:50731eb6916b1942f74cf73e,domain,000002,catalog-ae92aaaa38b07179,SpyAnywhere,rmm,host:spytech-web.com,*.spytech-web.com,spytech-web.com,1517,f483c46933a6c284e62d665a250c3e3f9d4582ea8741f67fe88c796e2e9b9472
000002:50871a5d5d5a86cde9a00b27,process,000002,catalog-9de6935b812ac8af,Duet Display,rmm,name:duetdisp.exe,duetdisp.exe,,1517,f483c46933a6c284e62d665a250c3e3f9d4582ea8741f67fe88c796e2e9b9472
000002:515ac8d5a98c6bdc52d9adc9,domain,000002,catalog-4ff6a47a34b0e00c,GoToAssist,rmm,host:fastsupport.com,*.fastsupport.com,fastsupport.com,1517,f483c46933a6c284e62d665a250c3e3f9d4582ea8741f67fe88c796e2e9b9472
000002:515f28d39b9b63440f2362b9,process,000002,catalog-f1188a5d1f1ab490,GotoHTTP,rmm,name:gotohttp_x64.exe,gotohttp_x64.exe,,1517,f483c46933a6c284e62d665a250c3e3f9d4582ea8741f67fe88c796e2e9b9472
000002:517e13b1881daf54144e2e2c,domain,000002,catalog-6a0111a9aab2bcd8,Komari,rmm,host:www.komari.wiki,www.komari.wiki,www.komari.wiki,1517,f483c46933a6c284e62d665a250c3e3f9d4582ea8741f67fe88c796e2e9b9472
000002:519e3e2a1165e00ce26775a0,process,000002,catalog-17f3b459e9f40378,Sophos-Remote Management System,rmm,name:routernt.exe,routernt.exe,,1517,f483c46933a6c284e62d665a250c3e3f9d4582ea8741f67fe88c796e2e9b9472
000002:519f045e1001b48eef387d76,domain,000002,catalog-a7a0753bb8051d2b,N-able N-central,rmm,host:eb.us-west-2.prd.davinci.system-monitor.com,eb.us-west-2.prd.davinci.system-monitor.com,eb.us-west-2.prd.davinci.system-monitor.com,1517,f483c46933a6c284e62d665a250c3e3f9d4582ea8741f67fe88c796e2e9b9472
000002:51d5feeb34649fc0e7b6217c,domain,000002,catalog-a7a0753bb8051d2b,N-able N-central,rmm,host:sis.n-able.com,sis.n-able.com,sis.n-able.com,1517,f483c46933a6c284e62d665a250c3e3f9d4582ea8741f67fe88c796e2e9b9472
000002:51fc9c2bfe70bb97d4554745,domain,000002,catalog-6fb0db047c3a739e,Vicarius vRx,rmm,host:vicarius-static-organizationinstallations.vicarius-cdn.com,vicarius-static-organizationinstallations.vicarius-cdn.com,vicarius-static-organizationinstallations.vicarius-cdn.com,1517,f483c46933a6c284e62d665a250c3e3f9d4582ea8741f67fe88c796e2e9b9472
000002:521c3921077301a675c9c2a1,domain,000002,catalog-84b6f03ebe1a7594,ngrok,rmm,host:ngrok.app,*.ngrok.app,ngrok.app,1517,f483c46933a6c284e62d665a250c3e3f9d4582ea8741f67fe88c796e2e9b9472
000002:521f223f64f1c6057a3389b5,process,000002,catalog-53b6d6d5420e470d,VIZOR,rmm,name:prep64.exe,prep64.exe,,1517,f483c46933a6c284e62d665a250c3e3f9d4582ea8741f67fe88c796e2e9b9472
000002:52b05a681c9297787ac63d3e,domain,000002,catalog-67558ae5fcbed70e,InvGate,rmm,host:www.invgate.com,www.invgate.com,www.invgate.com,1517,f483c46933a6c284e62d665a250c3e3f9d4582ea8741f67fe88c796e2e9b9472
000002:52d3eb9c71498d83cc6e5158,domain,000002,catalog-1e56767c5f9119ca,Overlord,rmm,host:savaliyapriyal874-code.github.io,savaliyapriyal874-code.github.io,savaliyapriyal874-code.github.io,1517,f483c46933a6c284e62d665a250c3e3f9d4582ea8741f67fe88c796e2e9b9472
000002:5305b75aa7b5bf2cfecde931,domain,000002,catalog-42e50b829f949d47,Monitic,rmm,host:app.monitic.com,app.monitic.com,app.monitic.com,1517,f483c46933a6c284e62d665a250c3e3f9d4582ea8741f67fe88c796e2e9b9472
000002:532c065c71459b2dee7e5702,process,000002,catalog-eac2e347232421be,SimpleHelp,rmm,name:simpleservice.exe,simpleservice.exe,,1517,f483c46933a6c284e62d665a250c3e3f9d4582ea8741f67fe88c796e2e9b9472
000002:5351cd2a6da93ed6917a1745,process,000002,catalog-8902bceb12b18d52,LANDesk,rmm,name:issuser.exe,issuser.exe,,1517,f483c46933a6c284e62d665a250c3e3f9d4582ea8741f67fe88c796e2e9b9472
000002:5370bdf1381157fce2d9c494,process,000002,catalog-04b0540266845c60,Weezo,rmm,name:weezo.exe,weezo.exe,,1517,f483c46933a6c284e62d665a250c3e3f9d4582ea8741f67fe88c796e2e9b9472
000002:539957886909409480d3b1d0,domain,000002,catalog-40fe2d02c1ca14b5,Addigy,rmm,host:prod.addigy.com,prod.addigy.com,prod.addigy.com,1517,f483c46933a6c284e62d665a250c3e3f9d4582ea8741f67fe88c796e2e9b9472
000002:53a119b315bc080f444643ec,process,000002,catalog-43304426a9556a32,IT Agent,rmm,name:itagentrmmsendersl.exe,itagentrmmsendersl.exe,,1517,f483c46933a6c284e62d665a250c3e3f9d4582ea8741f67fe88c796e2e9b9472
000002:5402576f19829040c1eca1db,process,000002,catalog-8e505bee2a84aaa8,GoToMyPC,rmm,name:g2mui.exe,g2mui.exe,,1517,f483c46933a6c284e62d665a250c3e3f9d4582ea8741f67fe88c796e2e9b9472
000002:543b927ddf328d693102e35c,domain,000002,rustdesk,RustDesk,rmm,host:api.rustdesk.com,api.rustdesk.com,api.rustdesk.com,1517,f483c46933a6c284e62d665a250c3e3f9d4582ea8741f67fe88c796e2e9b9472
000002:54492d8bcf65d5ef7b797715,process,000002,catalog-3694a3d7392f1b09,Faronics Insight,rmm,name:stahelper.exe,stahelper.exe,,1517,f483c46933a6c284e62d665a250c3e3f9d4582ea8741f67fe88c796e2e9b9472
000002:54918583c66040a659d8df64,domain,000002,catalog-75c050028a47742e,Lunixar,rmm,host:lunixar.com,lunixar.com,lunixar.com,1517,f483c46933a6c284e62d665a250c3e3f9d4582ea8741f67fe88c796e2e9b9472
000002:54b1e461a9c501586f7614a1,process,000002,catalog-2fa9a945d0d121d9,Instant Housecall,rmm,name:ihcserver.exe,ihcserver.exe,,1517,f483c46933a6c284e62d665a250c3e3f9d4582ea8741f67fe88c796e2e9b9472
000002:54b56f3978d03f81c5bbb7ba,domain,000002,catalog-743b1b461002fbdb,Auvik,rmm,host:auvik.com,auvik.com,auvik.com,1517,f483c46933a6c284e62d665a250c3e3f9d4582ea8741f67fe88c796e2e9b9472
000002:54d23834ac61936ffd60449a,domain,000002,catalog-9b32da4dee4b74a8,CrossLoop,rmm,host:crossloop.en.softonic.com,crossloop.en.softonic.com,crossloop.en.softonic.com,1517,f483c46933a6c284e62d665a250c3e3f9d4582ea8741f67fe88c796e2e9b9472
000002:54fd020f47505e25da44e5f5,domain,000002,catalog-6dc7ffa4255666fe,Adobe Connect,rmm,host:adobeconnect.com,*.adobeconnect.com,adobeconnect.com,1517,f483c46933a6c284e62d665a250c3e3f9d4582ea8741f67fe88c796e2e9b9472
000002:550d0166a2a167c4059825e4,domain,000002,catalog-54d05f68342f7b10,GLPI Agent,rmm,host:www.glpi-project.org,www.glpi-project.org,www.glpi-project.org,1517,f483c46933a6c284e62d665a250c3e3f9d4582ea8741f67fe88c796e2e9b9472
000002:554b70edf023376902a32b59,process,000002,catalog-3b4bcd371004ddde,OpenDesk RMM Agent,rmm,name:opendesk-rmm-agent.exe,opendesk-rmm-agent.exe,,1517,f483c46933a6c284e62d665a250c3e3f9d4582ea8741f67fe88c796e2e9b9472
000002:555e2959d698327f1759f857,domain,000002,catalog-47d751a25665480e,TiFLUX,rmm,host:app.tiflux.com,app.tiflux.com,app.tiflux.com,1517,f483c46933a6c284e62d665a250c3e3f9d4582ea8741f67fe88c796e2e9b9472
000002:55620c6826fc0a4e24c9d72f,domain,000002,catalog-6fb0db047c3a739e,Vicarius vRx,rmm,host:vicarius-ap-southeast-3-release.s3.ap-southeast-3.amazonaws.com,vicarius-ap-southeast-3-release.s3.ap-southeast-3.amazonaws.com,vicarius-ap-southeast-3-release.s3.ap-southeast-3.amazonaws.com,1517,f483c46933a6c284e62d665a250c3e3f9d4582ea8741f67fe88c796e2e9b9472
000002:55814d2f14de86a46477c8b8,domain,000002,catalog-17f3b459e9f40378,Sophos-Remote Management System,rmm,host:sophosupd.com,*.sophosupd.com,sophosupd.com,1517,f483c46933a6c284e62d665a250c3e3f9d4582ea8741f67fe88c796e2e9b9472
000002:559c1d80b76a1837f7a9cf75,domain,000002,catalog-8ea1b8036102ba70,Teleport Connect,rmm,host:reporting-connect.teleportinfra.sh,reporting-connect.teleportinfra.sh,reporting-connect.teleportinfra.sh,1517,f483c46933a6c284e62d665a250c3e3f9d4582ea8741f67fe88c796e2e9b9472
000002:55d03513668662ed16056974,process,000002,catalog-e41a2b6503b00fb4,VNC,rmm,name:winvncsc.exe,winvncsc.exe,,1517,f483c46933a6c284e62d665a250c3e3f9d4582ea8741f67fe88c796e2e9b9472
000002:5645bf3b657a28b2097a5a8a,domain,000002,chrome-remote-desktop,Chrome Remote Desktop,rmm,host:chromoting-client.talkgadget.google.com,chromoting-client.talkgadget.google.com,chromoting-client.talkgadget.google.com,1517,f483c46933a6c284e62d665a250c3e3f9d4582ea8741f67fe88c796e2e9b9472
000002:569b25755704fb3427ae16e8,process,000002,catalog-e41a2b6503b00fb4,VNC,rmm,name:vncserverui.exe,vncserverui.exe,,1517,f483c46933a6c284e62d665a250c3e3f9d4582ea8741f67fe88c796e2e9b9472
000002:56ee9f7e4cdf10c1daa132b2,domain,000002,catalog-8f0982dc67fe55d1,BeInSync,rmm,host:beinsync.com,*.beinsync.com,beinsync.com,1517,f483c46933a6c284e62d665a250c3e3f9d4582ea8741f67fe88c796e2e9b9472
000002:56f5041fabcbb156486b2138,domain,000002,catalog-29e7961dd818e511,Remobo,rmm,host:remobo.en.softonic.com,remobo.en.softonic.com,remobo.en.softonic.com,1517,f483c46933a6c284e62d665a250c3e3f9d4582ea8741f67fe88c796e2e9b9472
000002:571aee61ad9cbfff0a522621,domain,000002,catalog-84b6f03ebe1a7594,ngrok,rmm,host:connect.us.ngrok-agent.com,connect.us.ngrok-agent.com,connect.us.ngrok-agent.com,1517,f483c46933a6c284e62d665a250c3e3f9d4582ea8741f67fe88c796e2e9b9472
000002:576563b842499bf3a3726080,domain,000002,catalog-e8891772379fac13,Syncro,rmm,host:kabutoservices.com,kabutoservices.com,kabutoservices.com,1517,f483c46933a6c284e62d665a250c3e3f9d4582ea8741f67fe88c796e2e9b9472
000002:576df2059c8f7f02498cb020,process,000002,catalog-7940b91aed85c7bf,EMCO Remote Console,rmm,name:remoteconsole.exe,remoteconsole.exe,,1517,f483c46933a6c284e62d665a250c3e3f9d4582ea8741f67fe88c796e2e9b9472
000002:57906de2d106b70428aabd0f,domain,000002,catalog-04b0540266845c60,Weezo,rmm,host:weezo.net,weezo.net,weezo.net,1517,f483c46933a6c284e62d665a250c3e3f9d4582ea8741f67fe88c796e2e9b9472
000002:57943c7353029ae06cfc4044,domain,000002,teamviewer,TeamViewer,rmm,host:client.teamviewer.com,client.teamviewer.com,client.teamviewer.com,1517,f483c46933a6c284e62d665a250c3e3f9d4582ea8741f67fe88c796e2e9b9472
000002:57cc24f10a83e556c92c5213,process,000002,catalog-02d60382ee6d0dcd,Ninite Pro (Ninite Agent),rmm,name:niniteone.exe,niniteone.exe,,1517,f483c46933a6c284e62d665a250c3e3f9d4582ea8741f67fe88c796e2e9b9472
000002:57e13c4d92f5f259406e9991,process,000002,catalog-eac2e347232421be,SimpleHelp,rmm,name:remote access.exe,remote access.exe,,1517,f483c46933a6c284e62d665a250c3e3f9d4582ea8741f67fe88c796e2e9b9472
000002:57ed0ceb41acde19e3237d68,process,000002,catalog-492214590d1d2ef4,Remote.it,rmm,name:remoteit.exe,remoteit.exe,,1517,f483c46933a6c284e62d665a250c3e3f9d4582ea8741f67fe88c796e2e9b9472
000002:58465aa17d6a8ebb98b7d919,domain,000002,catalog-f65437dbbc085dab,Netreo,rmm,host:activation.netreo.net,activation.netreo.net,activation.netreo.net,1517,f483c46933a6c284e62d665a250c3e3f9d4582ea8741f67fe88c796e2e9b9472
000002:58a13e1c5f3f3ebc447d9517,domain,000002,catalog-5b4c6c01aa0e9759,ISL Online,rmm,host:islonline.net,*.islonline.net,islonline.net,1517,f483c46933a6c284e62d665a250c3e3f9d4582ea8741f67fe88c796e2e9b9472
000002:58b0c574667e5c75c0f8dc49,domain,000002,catalog-edc77597bb699a1d,Faronics Deploy,rmm,host:remotepro-us-west-2.faronics.com,remotepro-us-west-2.faronics.com,remotepro-us-west-2.faronics.com,1517,f483c46933a6c284e62d665a250c3e3f9d4582ea8741f67fe88c796e2e9b9472
000002:58c0f7cc0fcdefe1c31f44f8,domain,000002,catalog-de04c50288dafa94,Kaseya (VSA),rmm,host:managedsupport.kaseya.net,managedsupport.kaseya.net,managedsupport.kaseya.net,1517,f483c46933a6c284e62d665a250c3e3f9d4582ea8741f67fe88c796e2e9b9472
000002:58e57c265f4a2af20e0bb6da,domain,000002,catalog-e2a0f74619359504,Acronis Cyber Protect (Remotix),rmm,host:gw.remotix.com,gw.remotix.com,gw.remotix.com,1517,f483c46933a6c284e62d665a250c3e3f9d4582ea8741f67fe88c796e2e9b9472
000002:58f3fd430a27c6e4c3c3faf9,process,000002,catalog-8e505bee2a84aaa8,GoToMyPC,rmm,name:g2mtesting.exe,g2mtesting.exe,,1517,f483c46933a6c284e62d665a250c3e3f9d4582ea8741f67fe88c796e2e9b9472
000002:594510a58e716c2716440df0,domain,000002,catalog-b11823ea2cb74c56,N-Able Advanced Monitoring Agent,rmm,host:systemmonitor.eu.com,*.systemmonitor.eu.com,systemmonitor.eu.com,1517,f483c46933a6c284e62d665a250c3e3f9d4582ea8741f67fe88c796e2e9b9472
000002:59abd9f7449b04dacf60f439,process,000002,catalog-d06cef58026e8d00,RDCMan,rmm,name:rdcman.exe,rdcman.exe,,1517,f483c46933a6c284e62d665a250c3e3f9d4582ea8741f67fe88c796e2e9b9472
000002:59d97c4f95a2d774197ad7b4,process,000002,catalog-5aafcfeba8484447,Net Monitor for Employees,rmm,name:nmep_agtconfig.exe,nmep_agtconfig.exe,,1517,f483c46933a6c284e62d665a250c3e3f9d4582ea8741f67fe88c796e2e9b9472
000002:59db2c9c8297678adb0db923,domain,000002,catalog-edc77597bb699a1d,Faronics Deploy,rmm,host:faronicscloud.com,faronicscloud.com,faronicscloud.com,1517,f483c46933a6c284e62d665a250c3e3f9d4582ea8741f67fe88c796e2e9b9472
000002:59eb8490802472c17f85f168,process,000002,catalog-6a0111a9aab2bcd8,Komari,rmm,name:komari.exe,komari.exe,,1517,f483c46933a6c284e62d665a250c3e3f9d4582ea8741f67fe88c796e2e9b9472
000002:5a0764d83eced0e3fee78d83,process,000002,ambiguous-46b180c5291e5909,Ambiguous: Lite Manager / LiteManager,ambiguous,name:lmnoipserver.exe,lmnoipserver.exe,,1517,f483c46933a6c284e62d665a250c3e3f9d4582ea8741f67fe88c796e2e9b9472
000002:5a701768171ad44419e36a85,domain,000002,catalog-6fb0db047c3a739e,Vicarius vRx,rmm,host:vicarius-release.s3.us-east-1.amazonaws.com,vicarius-release.s3.us-east-1.amazonaws.com,vicarius-release.s3.us-east-1.amazonaws.com,1517,f483c46933a6c284e62d665a250c3e3f9d4582ea8741f67fe88c796e2e9b9472
000002:5a85bc47ffd39c30a66fff05,process,000002,catalog-8dbbcf067a42f2e8,MEGAsync,rmm,name:megasyncsetup64.exe,megasyncsetup64.exe,,1517,f483c46933a6c284e62d665a250c3e3f9d4582ea8741f67fe88c796e2e9b9472
000002:5a8b7a461bc4f8db8f91d5e4,process,000002,catalog-8c39d368ca004ef0,Jump Desktop,rmm,name:jumpclient.exe,jumpclient.exe,,1517,f483c46933a6c284e62d665a250c3e3f9d4582ea8741f67fe88c796e2e9b9472
000002:5ad833cf0f78130f247e2f5b,domain,000002,catalog-4ff6a47a34b0e00c,GoToAssist,rmm,host:helpme.net,helpme.net,helpme.net,1517,f483c46933a6c284e62d665a250c3e3f9d4582ea8741f67fe88c796e2e9b9472
000002:5af9b07b5ed4cfe29d513d25,domain,000002,catalog-c08465e36ce01e50,BeamYourScreen,rmm,host:beamyourscreen.com,*.beamyourscreen.com,beamyourscreen.com,1517,f483c46933a6c284e62d665a250c3e3f9d4582ea8741f67fe88c796e2e9b9472
000002:5b3ae506b2ddff42ce57d4e4,process,000002,catalog-bcaaa38f1a847568,Zecurit,rmm,name:zecuritscreenreaderservice.exe,zecuritscreenreaderservice.exe,,1517,f483c46933a6c284e62d665a250c3e3f9d4582ea8741f67fe88c796e2e9b9472
000002:5b500d4a3d35ebc8fe2ce96f,process,000002,catalog-bf2638a75793a7b8,ezHelp,rmm,name:ezhelpclientmanager.exe,ezhelpclientmanager.exe,,1517,f483c46933a6c284e62d665a250c3e3f9d4582ea8741f67fe88c796e2e9b9472
000002:5b51823721adb75fc6bfc534,domain,000002,catalog-45e104cb8109de38,Remote Utilities,rmm,host:internetid.ru,*.internetid.ru,internetid.ru,1517,f483c46933a6c284e62d665a250c3e3f9d4582ea8741f67fe88c796e2e9b9472
000002:5b891514fb9ed6c2ef79b6e0,process,000002,catalog-510fd4be305ad43e,Mikogo,rmm,name:mikogo-starter.exe,mikogo-starter.exe,,1517,f483c46933a6c284e62d665a250c3e3f9d4582ea8741f67fe88c796e2e9b9472
000002:5b91a6d7ddb5a5667134ba07,domain,000002,catalog-19b198de7105fe49,Freshservice,rmm,host:freshconnect.io,*.freshconnect.io,freshconnect.io,1517,f483c46933a6c284e62d665a250c3e3f9d4582ea8741f67fe88c796e2e9b9472
000002:5ba56f308a1ff6287394127c,process,000002,catalog-690bc94bb57a5bc3,Parallels Access,rmm,name:prl_deskctl_wizard.exe,prl_deskctl_wizard.exe,,1517,f483c46933a6c284e62d665a250c3e3f9d4582ea8741f67fe88c796e2e9b9472
000002:5bd6faabf1f18207f6a5b5e7,process,000002,catalog-8af9b8f9f766bf43,GoToAssist (GoTo Resolve),rmm,name:gotoresolveunattended.exe,gotoresolveunattended.exe,,1517,f483c46933a6c284e62d665a250c3e3f9d4582ea8741f67fe88c796e2e9b9472
000002:5c0c18b7bcfb163a690dd9e7,domain,000002,catalog-8e505bee2a84aaa8,GoToMyPC,rmm,host:gotomypc.com,*.gotomypc.com,gotomypc.com,1517,f483c46933a6c284e62d665a250c3e3f9d4582ea8741f67fe88c796e2e9b9472
000002:5c647a731e0d3cbbb4998016,domain,000002,catalog-4434ac3173d24efc,Ericom Connect,rmm,host:ericom.com,ericom.com,ericom.com,1517,f483c46933a6c284e62d665a250c3e3f9d4582ea8741f67fe88c796e2e9b9472
000002:5c6fbd14cf6cc0503e120223,process,000002,catalog-29e7961dd818e511,Remobo,rmm,name:remobo_tracker.exe,remobo_tracker.exe,,1517,f483c46933a6c284e62d665a250c3e3f9d4582ea8741f67fe88c796e2e9b9472
000002:5c7412f066717ca0a9362fc6,process,000002,catalog-53b6d6d5420e470d,VIZOR,rmm,name:selfupdater.exe,selfupdater.exe,,1517,f483c46933a6c284e62d665a250c3e3f9d4582ea8741f67fe88c796e2e9b9472
000002:5ccec7770395b68e5877beb2,domain,000002,catalog-75c050028a47742e,Lunixar,rmm,host:app.lunixar.com,app.lunixar.com,app.lunixar.com,1517,f483c46933a6c284e62d665a250c3e3f9d4582ea8741f67fe88c796e2e9b9472
000002:5cd68dfcde24106cfa8066e4,domain,000002,splashtop,Splashtop,rmm,host:relay.splashtop.com,*.relay.splashtop.com,relay.splashtop.com,1517,f483c46933a6c284e62d665a250c3e3f9d4582ea8741f67fe88c796e2e9b9472
000002:5d04ac85e6d8391144d599f0,process,000002,catalog-53b6d6d5420e470d,VIZOR,rmm,name:clmeter32.exe,clmeter32.exe,,1517,f483c46933a6c284e62d665a250c3e3f9d4582ea8741f67fe88c796e2e9b9472
000002:5d0bb1e16f41dc97e7667197,domain,000002,site24x7,Site24x7,management,host:site24x7.cn,plus*.site24x7.cn,site24x7.cn,1517,f483c46933a6c284e62d665a250c3e3f9d4582ea8741f67fe88c796e2e9b9472
000002:5d1dd1fe8f6a053981555cd8,process,000002,catalog-a048362b91f0d448,MSP360,rmm,name:online backup.exe,online backup.exe,,1517,f483c46933a6c284e62d665a250c3e3f9d4582ea8741f67fe88c796e2e9b9472
000002:5d5417becd46c8c7dd2225ee,process,000002,catalog-fb285a7592efa994,LightRmmAgent,rmm,name:lightrmmagentservice.exe,lightrmmagentservice.exe,,1517,f483c46933a6c284e62d665a250c3e3f9d4582ea8741f67fe88c796e2e9b9472
000002:5d8a16120e8465380d0fe903,process,000002,catalog-19b198de7105fe49,Freshservice,rmm,name:uninstallstatusupdater.exe,uninstallstatusupdater.exe,,1517,f483c46933a6c284e62d665a250c3e3f9d4582ea8741f67fe88c796e2e9b9472
000002:5dc839372ef908bdea64ee48,process,000002,catalog-29fc52e7e8a4177c,ESET Remote Administrator,rmm,name:eratool.exe,eratool.exe,,1517,f483c46933a6c284e62d665a250c3e3f9d4582ea8741f67fe88c796e2e9b9472
000002:5df3f238a17ec8919d8cb4c0,domain,000002,catalog-93115f6856c5fec3,NetBird,rmm,host:my2cloudlive.com,my2cloudlive.com,my2cloudlive.com,1517,f483c46933a6c284e62d665a250c3e3f9d4582ea8741f67fe88c796e2e9b9472
000002:5e5b2f277dd8ae1008675b86,process,000002,catalog-4003b1ba00e39c78,FastViewer,rmm,name:fastclient.exe,fastclient.exe,,1517,f483c46933a6c284e62d665a250c3e3f9d4582ea8741f67fe88c796e2e9b9472
000002:5e7f5dde3febe8d81b35bdfc,domain,000002,catalog-23e83aebc0d2d846,RemotePC,rmm,host:remotepc.com,remotepc.com,remotepc.com,1517,f483c46933a6c284e62d665a250c3e3f9d4582ea8741f67fe88c796e2e9b9472
000002:5e994ea3fafeae1a94438bba,process,000002,chrome-remote-desktop,Chrome Remote Desktop,rmm,name:remoting_host.exe,remoting_host.exe,,1517,f483c46933a6c284e62d665a250c3e3f9d4582ea8741f67fe88c796e2e9b9472
000002:5e9a3be075a9825ef24a57da,process,000002,catalog-6063b128eb1f4eba,ControlR,rmm,name:controlr.desktopclient.exe,controlr.desktopclient.exe,,1517,f483c46933a6c284e62d665a250c3e3f9d4582ea8741f67fe88c796e2e9b9472
000002:5f06d6554616c7921a472212,domain,000002,catalog-375d1adaba7f0c4d,Barracuda,rmm,host:rmm.barracudamsp.com,rmm.barracudamsp.com,rmm.barracudamsp.com,1517,f483c46933a6c284e62d665a250c3e3f9d4582ea8741f67fe88c796e2e9b9472
000002:5f58025f836570acf211da5e,domain,000002,catalog-6f90b491913c9019,LS RMM,rmm,host:webserv.logistical-software.co.uk,webserv.logistical-software.co.uk,webserv.logistical-software.co.uk,1517,f483c46933a6c284e62d665a250c3e3f9d4582ea8741f67fe88c796e2e9b9472
000002:5fd29a08b55aeea4e4d94b75,process,000002,ambiguous-3e9d0a6706e70a9a,Ambiguous: ManageEngine Endpoint Central / ManageEngine ServiceDesk Plus,ambiguous,name:installshield setup.exe,installshield setup.exe,,1517,f483c46933a6c284e62d665a250c3e3f9d4582ea8741f67fe88c796e2e9b9472
000002:6024bdd8b8d61187f74e5074,domain,000002,catalog-b11823ea2cb74c56,N-Able Advanced Monitoring Agent,rmm,host:logicnow.com,logicnow.com,logicnow.com,1517,f483c46933a6c284e62d665a250c3e3f9d4582ea8741f67fe88c796e2e9b9472
000002:603301b2a26c626751054b4e,domain,000002,catalog-a7a0753bb8051d2b,N-able N-central,rmm,host:eb.ap-southeast-2.prd.davinci.system-monitor.com,eb.ap-southeast-2.prd.davinci.system-monitor.com,eb.ap-southeast-2.prd.davinci.system-monitor.com,1517,f483c46933a6c284e62d665a250c3e3f9d4582ea8741f67fe88c796e2e9b9472
000002:605f997525af2b4a23306a9d,process,000002,catalog-23e83aebc0d2d846,RemotePC,rmm,name:rpcsuite.exe,rpcsuite.exe,,1517,f483c46933a6c284e62d665a250c3e3f9d4582ea8741f67fe88c796e2e9b9472
000002:609b4d180e4e0b0987be21c3,process,000002,catalog-1af53446e9d2b695,Controlio,rmm,name:weprtct.exe,weprtct.exe,,1517,f483c46933a6c284e62d665a250c3e3f9d4582ea8741f67fe88c796e2e9b9472
000002:60b60eaddbbdfe33e6487ae1,domain,000002,catalog-b537055995d73100,OCS inventory,rmm,host:ocsinventory-ng.org,ocsinventory-ng.org,ocsinventory-ng.org,1517,f483c46933a6c284e62d665a250c3e3f9d4582ea8741f67fe88c796e2e9b9472
000002:60e3d5fd34634b57d4e409e2,process,000002,catalog-d043a7494658fcf0,SetMe PRO,rmm,name:tinunattendedmodule.exe,tinunattendedmodule.exe,,1517,f483c46933a6c284e62d665a250c3e3f9d4582ea8741f67fe88c796e2e9b9472
000002:6124bec4a815218d3506dd1d,domain,000002,catalog-3ceffa3a22405883,iDrive,rmm,host:api.idrive.com,api.idrive.com,api.idrive.com,1517,f483c46933a6c284e62d665a250c3e3f9d4582ea8741f67fe88c796e2e9b9472
000002:6127ac8f5432aa097530e5c8,process,000002,catalog-79f52aadf000fb06,IntelliAdmin Remote Control,rmm,name:iadmin.exe,iadmin.exe,,1517,f483c46933a6c284e62d665a250c3e3f9d4582ea8741f67fe88c796e2e9b9472
000002:612f923426a2ef8ae3a2c4f3,process,000002,catalog-1e085f489fa06707,Teramind,rmm,name:teramind.setup.ui.exe,teramind.setup.ui.exe,,1517,f483c46933a6c284e62d665a250c3e3f9d4582ea8741f67fe88c796e2e9b9472
000002:6152b74b631b7689dc62225c,domain,000002,catalog-0b9aa865d1e856dc,Tactical RMM,rmm,host:docs.tacticalrmm.com,docs.tacticalrmm.com,docs.tacticalrmm.com,1517,f483c46933a6c284e62d665a250c3e3f9d4582ea8741f67fe88c796e2e9b9472
000002:6185fe945822bb393062096e,process,000002,catalog-b66e7473b4817e6f,Total Software Deployment,rmm,name:tsdservice.exe,tsdservice.exe,,1517,f483c46933a6c284e62d665a250c3e3f9d4582ea8741f67fe88c796e2e9b9472
000002:6190ddd977c4cb2012640c09,domain,000002,catalog-de04c50288dafa94,Kaseya (VSA),rmm,host:deploy01.kaseya.com,deploy01.kaseya.com,deploy01.kaseya.com,1517,f483c46933a6c284e62d665a250c3e3f9d4582ea8741f67fe88c796e2e9b9472
000002:61e29035f4e342b9307bc77b,domain,000002,catalog-53b6d6d5420e470d,VIZOR,rmm,host:mail.metaquest.com,mail.metaquest.com,mail.metaquest.com,1517,f483c46933a6c284e62d665a250c3e3f9d4582ea8741f67fe88c796e2e9b9472
000002:61fe56cee5cb533c1debdcc9,process,000002,catalog-cd4795809e3284ea,Roster,rmm,name:agent-windows-amd64.exe,agent-windows-amd64.exe,,1517,f483c46933a6c284e62d665a250c3e3f9d4582ea8741f67fe88c796e2e9b9472
000002:62084e5ca72bacfbf2555cbb,process,000002,catalog-2a1b90632d61ad3d,Seetrol,rmm,name:seetrolsetting.exe,seetrolsetting.exe,,1517,f483c46933a6c284e62d665a250c3e3f9d4582ea8741f67fe88c796e2e9b9472
000002:620a1f88717d1bf62fb2d561,process,000002,catalog-df65e7533d62a81a,Faronics Deep Freeze,rmm,name:dfserv.exe,dfserv.exe,,1517,f483c46933a6c284e62d665a250c3e3f9d4582ea8741f67fe88c796e2e9b9472
000002:62237f180241584ebfa71c62,domain,000002,catalog-19b198de7105fe49,Freshservice,rmm,host:freshasset.com,freshasset.com,freshasset.com,1517,f483c46933a6c284e62d665a250c3e3f9d4582ea8741f67fe88c796e2e9b9472
000002:623e4ce04975450bb75d407e,process,000002,catalog-70e7fa11e2474af8,GetScreen,rmm,name:getscreen.upd.exe,getscreen.upd.exe,,1517,f483c46933a6c284e62d665a250c3e3f9d4582ea8741f67fe88c796e2e9b9472
000002:624a9d84d1db350790a07feb,domain,000002,catalog-d6c2b40eb8a4b01c,HeartbeatRM,rmm,host:heartbeatrm.com,heartbeatrm.com,heartbeatrm.com,1517,f483c46933a6c284e62d665a250c3e3f9d4582ea8741f67fe88c796e2e9b9472
000002:62e4e54663e5851b7f5ac58c,domain,000002,catalog-4e45bb06c9d03ab3,eHorus,rmm,host:ehorus.com,ehorus.com,ehorus.com,1517,f483c46933a6c284e62d665a250c3e3f9d4582ea8741f67fe88c796e2e9b9472
000002:635cf5a939971d108c244480,domain,000002,endpoint-central,ManageEngine Endpoint Central,management,host:dms.zoho.com,*.dms.zoho.com,dms.zoho.com,1517,f483c46933a6c284e62d665a250c3e3f9d4582ea8741f67fe88c796e2e9b9472
000002:6363b8c64a5fd220bd339730,process,000002,ambiguous-7fb462212023f270,Ambiguous: Pilixo / Remote Desktop Plus,ambiguous,name:rdp.exe,rdp.exe,,1517,f483c46933a6c284e62d665a250c3e3f9d4582ea8741f67fe88c796e2e9b9472
000002:6398ced1e2429fb507ddf019,process,000002,catalog-df65e7533d62a81a,Faronics Deep Freeze,rmm,name:dfservex.exe,dfservex.exe,,1517,f483c46933a6c284e62d665a250c3e3f9d4582ea8741f67fe88c796e2e9b9472
000002:64a642fbb96c00915e71122f,domain,000002,catalog-107001909fe08f50,Pulseway,rmm,host:pulseway.com,pulseway.com,pulseway.com,1517,f483c46933a6c284e62d665a250c3e3f9d4582ea8741f67fe88c796e2e9b9472
000002:64a8644417ce4ffc9a55bbcd,process,000002,catalog-19b198de7105fe49,Freshservice,rmm,name:freshservice.discoveryprobe.autoflush.exe,freshservice.discoveryprobe.autoflush.exe,,1517,f483c46933a6c284e62d665a250c3e3f9d4582ea8741f67fe88c796e2e9b9472
000002:64dd4b45efff0bf173989787,process,000002,catalog-690bc94bb57a5bc3,Parallels Access,rmm,name:prl_deskctl_agent.exe,prl_deskctl_agent.exe,,1517,f483c46933a6c284e62d665a250c3e3f9d4582ea8741f67fe88c796e2e9b9472
000002:653aa6a9a2d38c0812f12692,domain,000002,zoho-assist,Zoho Assist,rmm,host:zohoassist.com.cn,*.zohoassist.com.cn,zohoassist.com.cn,1517,f483c46933a6c284e62d665a250c3e3f9d4582ea8741f67fe88c796e2e9b9472
000002:655a662b07ed7cacce842b3e,domain,000002,catalog-3ebdfee426cceb46,Atera,rmm,host:atera.pubnubapi.com,atera.pubnubapi.com,atera.pubnubapi.com,1517,f483c46933a6c284e62d665a250c3e3f9d4582ea8741f67fe88c796e2e9b9472
000002:655c271491e59d96192bbe7f,domain,000002,catalog-e6dde8683d2b2937,Lavawall,rmm,host:api-ca-1.lavawall.com,api-ca-1.lavawall.com,api-ca-1.lavawall.com,1517,f483c46933a6c284e62d665a250c3e3f9d4582ea8741f67fe88c796e2e9b9472
000002:6572695e3f5fc5c1d7939e9f,domain,000002,awesun,AweSun,rmm,host:client-api.aweray.com,client-api.aweray.com,client-api.aweray.com,1517,f483c46933a6c284e62d665a250c3e3f9d4582ea8741f67fe88c796e2e9b9472
000002:657a7eef75d3b6e9fd02b387,domain,000002,catalog-3ceffa3a22405883,iDrive,rmm,host:idrive.com,idrive.com,idrive.com,1517,f483c46933a6c284e62d665a250c3e3f9d4582ea8741f67fe88c796e2e9b9472
000002:65b7b16737b40fdfb6f21ddc,domain,000002,catalog-39ef353cde39b7ff,Anyplace Control,rmm,host:anyplace-control.com,anyplace-control.com,anyplace-control.com,1517,f483c46933a6c284e62d665a250c3e3f9d4582ea8741f67fe88c796e2e9b9472
000002:662212a1362d27f2587842b3,domain,000002,site24x7,Site24x7,management,host:site24x7.com,plus*.site24x7.com,site24x7.com,1517,f483c46933a6c284e62d665a250c3e3f9d4582ea8741f67fe88c796e2e9b9472
000002:663ac739153f631d2838d2fc,process,000002,catalog-f7a755cff7c69a21,WebRDP,rmm,name:webrdp.exe,webrdp.exe,,1517,f483c46933a6c284e62d665a250c3e3f9d4582ea8741f67fe88c796e2e9b9472
000002:664dbf16dc83071c0ccd062d,domain,000002,catalog-edc77597bb699a1d,Faronics Deploy,rmm,host:remotepro-sa-east-1.faronicsdeploy.com,remotepro-sa-east-1.faronicsdeploy.com,remotepro-sa-east-1.faronicsdeploy.com,1517,f483c46933a6c284e62d665a250c3e3f9d4582ea8741f67fe88c796e2e9b9472
000002:667055ec9ea405a74f4849b2,process,000002,splashtop,Splashtop,rmm,name:srmanager.exe,srmanager.exe,,1517,f483c46933a6c284e62d665a250c3e3f9d4582ea8741f67fe88c796e2e9b9472
000002:66a12672e7a7756788460ccf,process,000002,teamviewer,TeamViewer,rmm,name:teamviewerhost,teamviewerhost,,1517,f483c46933a6c284e62d665a250c3e3f9d4582ea8741f67fe88c796e2e9b9472
000002:66c61b51892bf4e1798c6afc,process,000002,catalog-3694a3d7392f1b09,Faronics Insight,rmm,name:insightinstallerteacher.exe,insightinstallerteacher.exe,,1517,f483c46933a6c284e62d665a250c3e3f9d4582ea8741f67fe88c796e2e9b9472
000002:6724611edfbd68646f5595c3,domain,000002,catalog-0ef104fa1ae80a26,LogMeIn,rmm,host:logmeininc.com,*.logmeininc.com,logmeininc.com,1517,f483c46933a6c284e62d665a250c3e3f9d4582ea8741f67fe88c796e2e9b9472
000002:67476a767b6e154ed3c0c922,process,000002,zoho-assist,Zoho Assist,rmm,name:zmagent.exe,zmagent.exe,,1517,f483c46933a6c284e62d665a250c3e3f9d4582ea8741f67fe88c796e2e9b9472
000002:67671534261c109e188917fa,process,000002,catalog-48451f9fe99c4deb,TigerVNC,rmm,name:winvnc4.exe,winvnc4.exe,,1517,f483c46933a6c284e62d665a250c3e3f9d4582ea8741f67fe88c796e2e9b9472
000002:67bc581e8d94c5c6f7129574,domain,000002,catalog-a7a0753bb8051d2b,N-able N-central,rmm,host:a33d8yamkwy4nx-ats.iot.ap-southeast-2.amazonaws.com,a33d8yamkwy4nx-ats.iot.ap-southeast-2.amazonaws.com,a33d8yamkwy4nx-ats.iot.ap-southeast-2.amazonaws.com,1517,f483c46933a6c284e62d665a250c3e3f9d4582ea8741f67fe88c796e2e9b9472
000002:67c3ced5945225d3963058fa,process,000002,catalog-fc5e79df91209451,PSEXEC (Clone),rmm,prefix:paexec,paexec-*.exe,,1517,f483c46933a6c284e62d665a250c3e3f9d4582ea8741f67fe88c796e2e9b9472
000002:67e0d062e561bb89362bcf96,domain,000002,catalog-26eda82b361104f8,Pilixo,rmm,host:download.pilixo.com,download.pilixo.com,download.pilixo.com,1517,f483c46933a6c284e62d665a250c3e3f9d4582ea8741f67fe88c796e2e9b9472
000002:67fa8c52d4d3f73507f7cac8,domain,000002,catalog-6fb0db047c3a739e,Vicarius vRx,rmm,host:vicarius-patches.s3.amazonaws.com,vicarius-patches.s3.amazonaws.com,vicarius-patches.s3.amazonaws.com,1517,f483c46933a6c284e62d665a250c3e3f9d4582ea8741f67fe88c796e2e9b9472
000002:67fbe30422177d32007aad68,domain,000002,catalog-f97fd28a28d4e8c5,Gorelo RMM,rmm,host:sr.rmm.pod1.usw.gorelo.tech,sr.rmm.pod1.usw.gorelo.tech,sr.rmm.pod1.usw.gorelo.tech,1517,f483c46933a6c284e62d665a250c3e3f9d4582ea8741f67fe88c796e2e9b9472
000002:67fe1ece0159df1ea498c8e5,process,000002,catalog-b417d531a0a34211,Veyon,rmm,name:veyon-master.exe,veyon-master.exe,,1517,f483c46933a6c284e62d665a250c3e3f9d4582ea8741f67fe88c796e2e9b9472
000002:681a572024e1e29597d59b22,process,000002,catalog-8e505bee2a84aaa8,GoToMyPC,rmm,name:g2muninstall.exe,g2muninstall.exe,,1517,f483c46933a6c284e62d665a250c3e3f9d4582ea8741f67fe88c796e2e9b9472
000002:68339b469eb65156750b24c1,process,000002,catalog-eac2e347232421be,SimpleHelp,rmm,name:simplehelpcustomer.exe,simplehelpcustomer.exe,,1517,f483c46933a6c284e62d665a250c3e3f9d4582ea8741f67fe88c796e2e9b9472
000002:683b5a711a08e18434fbc533,domain,000002,catalog-84b6f03ebe1a7594,ngrok,rmm,host:ngrok.pro,*.ngrok.pro,ngrok.pro,1517,f483c46933a6c284e62d665a250c3e3f9d4582ea8741f67fe88c796e2e9b9472
000002:68445912761bc361b8853d26,domain,000002,catalog-4003b1ba00e39c78,FastViewer,rmm,host:fastviewer.com,fastviewer.com,fastviewer.com,1517,f483c46933a6c284e62d665a250c3e3f9d4582ea8741f67fe88c796e2e9b9472
000002:68a18a2b35d1794cfa9a6357,process,000002,catalog-d043a7494658fcf0,SetMe PRO,rmm,name:setme_client.exe,setme_client.exe,,1517,f483c46933a6c284e62d665a250c3e3f9d4582ea8741f67fe88c796e2e9b9472
000002:68b5d1cce63278e7855202bd,domain,000002,catalog-ba32653cf5191163,ImmyBot,rmm,host:immy.bot,immy.bot,immy.bot,1517,f483c46933a6c284e62d665a250c3e3f9d4582ea8741f67fe88c796e2e9b9472
000002:68e823fdd7315c2b37a48508,process,000002,catalog-84528ff11283bf06,TightVNC,rmm,name:tvnviewer.exe,tvnviewer.exe,,1517,f483c46933a6c284e62d665a250c3e3f9d4582ea8741f67fe88c796e2e9b9472
000002:68f280605605fc803871f784,process,000002,catalog-a048362b91f0d448,MSP360,rmm,name:cloudrasd.exe,cloudrasd.exe,,1517,f483c46933a6c284e62d665a250c3e3f9d4582ea8741f67fe88c796e2e9b9472
000002:692afc26ee9e53b2aff81667,process,000002,catalog-bcaaa38f1a847568,Zecurit,rmm,name:zecuritagentassetmgr.exe,zecuritagentassetmgr.exe,,1517,f483c46933a6c284e62d665a250c3e3f9d4582ea8741f67fe88c796e2e9b9472
000002:692c788f586d165e12026f91,domain,000002,catalog-1d0ad89444a3845d,Netop Remote Control (Impero Connect),rmm,host:connect.backdrop.cloud,*.connect.backdrop.cloud,connect.backdrop.cloud,1517,f483c46933a6c284e62d665a250c3e3f9d4582ea8741f67fe88c796e2e9b9472
000002:6952a6630141fd086c39fb61,process,000002,catalog-e8891772379fac13,Syncro,rmm,name:kabuto.service.runner.exe,kabuto.service.runner.exe,,1517,f483c46933a6c284e62d665a250c3e3f9d4582ea8741f67fe88c796e2e9b9472
000002:697896777df33b7be05c3d07,process,000002,catalog-c612721a1545c8f7,Domotz,rmm,name:domotz pro desktop app.exe,domotz pro desktop app.exe,,1517,f483c46933a6c284e62d665a250c3e3f9d4582ea8741f67fe88c796e2e9b9472
000002:69b573ffac4f710c4e4e4899,process,000002,catalog-097f802b72a90b59,CentraStage (Now Datto),rmm,name:cagservice.exe,cagservice.exe,,1517,f483c46933a6c284e62d665a250c3e3f9d4582ea8741f67fe88c796e2e9b9472
000002:69fe01f1239dde56036b3796,process,000002,catalog-0b2905a50b26563c,PuTTY Tray,rmm,name:puttytray.exe,puttytray.exe,,1517,f483c46933a6c284e62d665a250c3e3f9d4582ea8741f67fe88c796e2e9b9472
000002:6ad14fef9394a953747c33f0,domain,000002,catalog-298f0633da0496bf,Visual Studio Dev Tunnel,rmm,host:global.rel.tunnels.api.visualstudio.com,global.rel.tunnels.api.visualstudio.com,global.rel.tunnels.api.visualstudio.com,1517,f483c46933a6c284e62d665a250c3e3f9d4582ea8741f67fe88c796e2e9b9472
000002:6ae4d47a80a550e3982ad361,domain,000002,catalog-2fd814c3858c735c,NinjaRMM,rmm,host:rmmservice.eu,*.rmmservice.eu,rmmservice.eu,1517,f483c46933a6c284e62d665a250c3e3f9d4582ea8741f67fe88c796e2e9b9472
000002:6aefbcf7d3b86bbdfa271a24,process,000002,catalog-ef558bf2c1aec2db,NoMachine,rmm,name:nxd.exe,nxd.exe,,1517,f483c46933a6c284e62d665a250c3e3f9d4582ea8741f67fe88c796e2e9b9472
000002:6b151f435aab3b6e95d759b5,domain,000002,catalog-702e2cee7c16eaf7,Dataplicity,rmm,host:wormhole.dataplicity.com,*.wormhole.dataplicity.com,wormhole.dataplicity.com,1517,f483c46933a6c284e62d665a250c3e3f9d4582ea8741f67fe88c796e2e9b9472
000002:6b89e05d980de662dbfc7cf3,process,000002,catalog-e80ce2afc356e7b4,Parsec,rmm,name:pservice.exe,pservice.exe,,1517,f483c46933a6c284e62d665a250c3e3f9d4582ea8741f67fe88c796e2e9b9472
000002:6bc10db0c9c080fa2414cfb4,process,000002,catalog-2fd814c3858c735c,NinjaRMM,rmm,name:ninjarmmagentpatcher.exe,ninjarmmagentpatcher.exe,,1517,f483c46933a6c284e62d665a250c3e3f9d4582ea8741f67fe88c796e2e9b9472
000002:6bea55d4a6ad405a902daf99,domain,000002,catalog-bf2638a75793a7b8,ezHelp,rmm,host:ezhelp.co.kr,*.ezhelp.co.kr,ezhelp.co.kr,1517,f483c46933a6c284e62d665a250c3e3f9d4582ea8741f67fe88c796e2e9b9472
000002:6c46386e4d6238dd187799dc,domain,000002,endpoint-central,ManageEngine Endpoint Central,management,host:desktopcentral.manageengine.com,desktopcentral.manageengine.com,desktopcentral.manageengine.com,1517,f483c46933a6c284e62d665a250c3e3f9d4582ea8741f67fe88c796e2e9b9472
000002:6c56a24228ae17cec2ab94c0,domain,000002,catalog-b11823ea2cb74c56,N-Able Advanced Monitoring Agent,rmm,host:beanywhere.com,beanywhere.com,beanywhere.com,1517,f483c46933a6c284e62d665a250c3e3f9d4582ea8741f67fe88c796e2e9b9472
000002:6c6cdbeb205407850f6196be,process,000002,catalog-330dd78fc312f0b0,ManageEngine ServiceDesk Plus,rmm,name:manageengine_servicedesk_plus.exe,manageengine_servicedesk_plus.exe,,1517,f483c46933a6c284e62d665a250c3e3f9d4582ea8741f67fe88c796e2e9b9472
000002:6c93b009106c3db8f6f821cb,domain,000002,catalog-c52e6b18e0f32d9f,CloudFlare Tunnel,rmm,host:h2.cftunnel.com,h2.cftunnel.com,h2.cftunnel.com,1517,f483c46933a6c284e62d665a250c3e3f9d4582ea8741f67fe88c796e2e9b9472
000002:6ce736b8df82087c9c20d236,domain,000002,catalog-e1b9fdfb07f0a1b6,AeroAdmin,rmm,host:aeroadmin.com,auth*.aeroadmin.com,aeroadmin.com,1517,f483c46933a6c284e62d665a250c3e3f9d4582ea8741f67fe88c796e2e9b9472
000002:6d828e3c703966f753b79d4d,domain,000002,catalog-550a0cd696f121c7,RuDesktop,rmm,host:rudesktop.ru,rudesktop.ru,rudesktop.ru,1517,f483c46933a6c284e62d665a250c3e3f9d4582ea8741f67fe88c796e2e9b9472
000002:6d99a857f686e8b8958c287f,domain,000002,catalog-54d05f68342f7b10,GLPI Agent,rmm,host:forum.glpi-project.org,forum.glpi-project.org,forum.glpi-project.org,1517,f483c46933a6c284e62d665a250c3e3f9d4582ea8741f67fe88c796e2e9b9472
000002:6de46a1062a24252aae61ecf,process,000002,catalog-8af9b8f9f766bf43,GoToAssist (GoTo Resolve),rmm,name:gotoresolveloggerprocess.exe,gotoresolveloggerprocess.exe,,1517,f483c46933a6c284e62d665a250c3e3f9d4582ea8741f67fe88c796e2e9b9472
000002:6de828dffc5b02d902282e4c,process,000002,catalog-8e505bee2a84aaa8,GoToMyPC,rmm,name:g2mcodecinstextractor.exe,g2mcodecinstextractor.exe,,1517,f483c46933a6c284e62d665a250c3e3f9d4582ea8741f67fe88c796e2e9b9472
000002:6dfac656e32f35470fbb5029,process,000002,catalog-c4ac628087cc440d,NetLock RMM,rmm,name:netlock_rmm_user_uac.exe,netlock_rmm_user_uac.exe,,1517,f483c46933a6c284e62d665a250c3e3f9d4582ea8741f67fe88c796e2e9b9472
000002:6e28de20bf50be091b0312bc,process,000002,catalog-8e505bee2a84aaa8,GoToMyPC,rmm,name:g2m_download.exe,g2m_download.exe,,1517,f483c46933a6c284e62d665a250c3e3f9d4582ea8741f67fe88c796e2e9b9472
000002:6e71b829c45b3ee1b85acfab,domain,000002,catalog-93115f6856c5fec3,NetBird,rmm,host:signal.netbird.io,signal.netbird.io,signal.netbird.io,1517,f483c46933a6c284e62d665a250c3e3f9d4582ea8741f67fe88c796e2e9b9472
000002:6ec27c43ef782535e50575b1,process,000002,catalog-7f0822b54c156995,ScreenMeet,rmm,name:screenmeetsupport.exe,screenmeetsupport.exe,,1517,f483c46933a6c284e62d665a250c3e3f9d4582ea8741f67fe88c796e2e9b9472
000002:6edfa057e7a4ca819445db0f,process,000002,catalog-19b198de7105fe49,Freshservice,rmm,name:freshservice.discoveryprobe.oidlibrarypuller.exe,freshservice.discoveryprobe.oidlibrarypuller.exe,,1517,f483c46933a6c284e62d665a250c3e3f9d4582ea8741f67fe88c796e2e9b9472
000002:6eece5abd85bd36fc5c5b8bf,domain,000002,catalog-1e56767c5f9119ca,Overlord,rmm,host:ngrok.app,*.ngrok.app,ngrok.app,1517,f483c46933a6c284e62d665a250c3e3f9d4582ea8741f67fe88c796e2e9b9472
000002:6f333205f86a100314b69954,process,000002,catalog-ef056b508ae76713,Absolute (Computrace),rmm,name:rpcld.exe,rpcld.exe,,1517,f483c46933a6c284e62d665a250c3e3f9d4582ea8741f67fe88c796e2e9b9472
000002:6f78c2cebba62db15fe794ab,domain,000002,catalog-b11823ea2cb74c56,N-Able Advanced Monitoring Agent,rmm,host:system-monitor.com,system-monitor.com,system-monitor.com,1517,f483c46933a6c284e62d665a250c3e3f9d4582ea8741f67fe88c796e2e9b9472
000002:6f8311421a419b9a0dca3dbb,domain,000002,catalog-a7a0753bb8051d2b,N-able N-central,rmm,host:eb.eu-central-1.prd.davinci.system-monitor.com,eb.eu-central-1.prd.davinci.system-monitor.com,eb.eu-central-1.prd.davinci.system-monitor.com,1517,f483c46933a6c284e62d665a250c3e3f9d4582ea8741f67fe88c796e2e9b9472
000002:6f925e634a9ad63c0b28c41f,process,000002,catalog-80367b185343ba4e,Senso.cloud,rmm,name:sensoservice.exe,sensoservice.exe,,1517,f483c46933a6c284e62d665a250c3e3f9d4582ea8741f67fe88c796e2e9b9472
000002:6f96a784e512e6a3c49a62f2,process,000002,catalog-9b32da4dee4b74a8,CrossLoop,rmm,name:crossloopconnect.exe,crossloopconnect.exe,,1517,f483c46933a6c284e62d665a250c3e3f9d4582ea8741f67fe88c796e2e9b9472
000002:6f9b396d4d8378d545e9ecfc,process,000002,catalog-3694a3d7392f1b09,Faronics Insight,rmm,name:fistudentui.exe,fistudentui.exe,,1517,f483c46933a6c284e62d665a250c3e3f9d4582ea8741f67fe88c796e2e9b9472
000002:6fb1364a342b99037136d788,process,000002,catalog-510fd4be305ad43e,Mikogo,rmm,name:mikogo.exe,mikogo.exe,,1517,f483c46933a6c284e62d665a250c3e3f9d4582ea8741f67fe88c796e2e9b9472
000002:6ff31db0b849582988e8389c,process,000002,screenconnect,ScreenConnect / ConnectWise Control,rmm,name:connectwisecontrol.client.exe,connectwisecontrol.client.exe,,1517,f483c46933a6c284e62d665a250c3e3f9d4582ea8741f67fe88c796e2e9b9472
000002:701c6cc5be0f86cc6bf14db1,process,000002,catalog-e8891772379fac13,Syncro,rmm,name:syncro.overmind.service.exe,syncro.overmind.service.exe,,1517,f483c46933a6c284e62d665a250c3e3f9d4582ea8741f67fe88c796e2e9b9472
000002:709ebdafc7828adbe4ba7f0b,domain,000002,catalog-b4e25d2c726f0d96,baramundi Management Suite,rmm,host:www.baramundi.com,www.baramundi.com,www.baramundi.com,1517,f483c46933a6c284e62d665a250c3e3f9d4582ea8741f67fe88c796e2e9b9472
000002:70d8125f9bfe7c1c7ebbf524,domain,000002,catalog-f65437dbbc085dab,Netreo,rmm,host:charon.netreo.net,charon.netreo.net,charon.netreo.net,1517,f483c46933a6c284e62d665a250c3e3f9d4582ea8741f67fe88c796e2e9b9472
000002:710cf7f0bcda86cbc3e6b62d,domain,000002,catalog-caeffc1b6b8651e4,Kabuto,rmm,host:kabuto.io,*.kabuto.io,kabuto.io,1517,f483c46933a6c284e62d665a250c3e3f9d4582ea8741f67fe88c796e2e9b9472
000002:71125b90f1fd99bb0239c380,domain,000002,catalog-9b7c9820ef5da6fc,AnyViewer,rmm,host:aomeisoftware.com,*.aomeisoftware.com,aomeisoftware.com,1517,f483c46933a6c284e62d665a250c3e3f9d4582ea8741f67fe88c796e2e9b9472
000002:7168301671de3d0c83a7c029,domain,000002,catalog-47d751a25665480e,TiFLUX,rmm,host:my.splashtop.com,my.splashtop.com,my.splashtop.com,1517,f483c46933a6c284e62d665a250c3e3f9d4582ea8741f67fe88c796e2e9b9472
000002:71c6479a345e6a6d016cc91f,process,000002,catalog-8af9b8f9f766bf43,GoToAssist (GoTo Resolve),rmm,name:gotoresolveservice.exe,gotoresolveservice.exe,,1517,f483c46933a6c284e62d665a250c3e3f9d4582ea8741f67fe88c796e2e9b9472
000002:71caa71dd3f2816a6e5c6f07,domain,000002,catalog-8ea1b8036102ba70,Teleport Connect,rmm,host:usage.teleport.dev,usage.teleport.dev,usage.teleport.dev,1517,f483c46933a6c284e62d665a250c3e3f9d4582ea8741f67fe88c796e2e9b9472
000002:71e726bff23d8e6e21e010f1,domain,000002,awesun,AweSun,rmm,host:aweray.net,asapi*.aweray.net,aweray.net,1517,f483c46933a6c284e62d665a250c3e3f9d4582ea8741f67fe88c796e2e9b9472
000002:72083264fe33ecc9fdbcf93a,domain,000002,catalog-4021df1a958c6feb,LabTech RMM (Now ConnectWise Automate),rmm,host:connectwise.com,connectwise.com,connectwise.com,1517,f483c46933a6c284e62d665a250c3e3f9d4582ea8741f67fe88c796e2e9b9472
000002:72332501bf6f26a9107953eb,domain,000002,catalog-2c83363fbc99832d,Ericom AccessNow,rmm,host:ericom.com,ericom.com,ericom.com,1517,f483c46933a6c284e62d665a250c3e3f9d4582ea8741f67fe88c796e2e9b9472
000002:72943f06ea03f918c3c118d0,process,000002,catalog-dc1c9e7b03d4a1a2,Ultra VNC,rmm,name:uvnc_launch.exe,uvnc_launch.exe,,1517,f483c46933a6c284e62d665a250c3e3f9d4582ea8741f67fe88c796e2e9b9472
000002:72d30ddbcc69dacbd5e5779d,process,000002,catalog-e3cf6e4080a5bdd8,Rocket Remote Desktop,rmm,name:rocketremotedesktop_setup.exe,rocketremotedesktop_setup.exe,,1517,f483c46933a6c284e62d665a250c3e3f9d4582ea8741f67fe88c796e2e9b9472
000002:72ea1aff6f15f12763fe5747,process,000002,catalog-d6c2b40eb8a4b01c,HeartbeatRM,rmm,name:agent-installer-any.exe,agent-installer-any.exe,,1517,f483c46933a6c284e62d665a250c3e3f9d4582ea8741f67fe88c796e2e9b9472
000002:72f2e00ec51cf4f6508b9023,process,000002,ambiguous-360a5e70605456b9,Ambiguous: BeAnyWhere / N-Able Advanced Monitoring Agent,ambiguous,name:basupsrvc.exe,basupsrvc.exe,,1517,f483c46933a6c284e62d665a250c3e3f9d4582ea8741f67fe88c796e2e9b9472
000002:73c3d48a06478e50e1dc769a,process,000002,catalog-53b6d6d5420e470d,VIZOR,rmm,name:httppush.exe,httppush.exe,,1517,f483c46933a6c284e62d665a250c3e3f9d4582ea8741f67fe88c796e2e9b9472
000002:7408a3a4ccf33ef6fc318d8a,process,000002,catalog-8e505bee2a84aaa8,GoToMyPC,rmm,name:g2minstallerextractor.exe,g2minstallerextractor.exe,,1517,f483c46933a6c284e62d665a250c3e3f9d4582ea8741f67fe88c796e2e9b9472
000002:7433c48cc8736019faf04e32,domain,000002,catalog-93115f6856c5fec3,NetBird,rmm,host:my1cloudlive.com,my1cloudlive.com,my1cloudlive.com,1517,f483c46933a6c284e62d665a250c3e3f9d4582ea8741f67fe88c796e2e9b9472
000002:7437e7f261ad45f9be7632c1,process,000002,zoho-assist,Zoho Assist,rmm,name:zohotray.exe,zohotray.exe,,1517,f483c46933a6c284e62d665a250c3e3f9d4582ea8741f67fe88c796e2e9b9472
000002:74440f5a1762dc1b8d015c7c,process,000002,catalog-b11823ea2cb74c56,N-Able Advanced Monitoring Agent,rmm,name:baseclient.exe,baseclient.exe,,1517,f483c46933a6c284e62d665a250c3e3f9d4582ea8741f67fe88c796e2e9b9472
000002:74521fe235e6cca5cb86c561,domain,000002,zoho-assist,Zoho Assist,rmm,host:zoho.eu,*.zoho.eu,zoho.eu,1517,f483c46933a6c284e62d665a250c3e3f9d4582ea8741f67fe88c796e2e9b9472
000002:74d001093b3237954fdcc7ce,process,000002,catalog-3ebdfee426cceb46,Atera,rmm,name:ateraagent.exe,ateraagent.exe,,1517,f483c46933a6c284e62d665a250c3e3f9d4582ea8741f67fe88c796e2e9b9472
000002:74ed9c534dd9e9ab66940bb1,process,000002,catalog-bcaaa38f1a847568,Zecurit,rmm,name:zecuritagentupgrader.exe,zecuritagentupgrader.exe,,1517,f483c46933a6c284e62d665a250c3e3f9d4582ea8741f67fe88c796e2e9b9472
000002:750554fa3c74843c661391f1,process,000002,catalog-53b6d6d5420e470d,VIZOR,rmm,name:clboot32.exe,clboot32.exe,,1517,f483c46933a6c284e62d665a250c3e3f9d4582ea8741f67fe88c796e2e9b9472
000002:750bd4d53ad58051809bf94e,process,000002,catalog-8e505bee2a84aaa8,GoToMyPC,rmm,name:g2mscrutil64.exe,g2mscrutil64.exe,,1517,f483c46933a6c284e62d665a250c3e3f9d4582ea8741f67fe88c796e2e9b9472
000002:75393a2b41f3fda9d356de1e,process,000002,catalog-e8891772379fac13,Syncro,rmm,name:syncrolive.agent.exe,syncrolive.agent.exe,,1517,f483c46933a6c284e62d665a250c3e3f9d4582ea8741f67fe88c796e2e9b9472
000002:7544d4073f8e2f326a886349,domain,000002,catalog-42e50b829f949d47,Monitic,rmm,host:devapi.monitic.com,devapi.monitic.com,devapi.monitic.com,1517,f483c46933a6c284e62d665a250c3e3f9d4582ea8741f67fe88c796e2e9b9472
000002:759db626e4b4a8a75b9bf624,process,000002,catalog-bcaaa38f1a847568,Zecurit,rmm,name:zecuritapplicationcontrolservice.exe,zecuritapplicationcontrolservice.exe,,1517,f483c46933a6c284e62d665a250c3e3f9d4582ea8741f67fe88c796e2e9b9472
000002:75b82e4ac1d08eaf7f97ed6b,process,000002,catalog-ae851acb9464e734,Iperius Remote,rmm,name:iperiusremote.exe,iperiusremote.exe,,1517,f483c46933a6c284e62d665a250c3e3f9d4582ea8741f67fe88c796e2e9b9472
000002:75d7a140a4807dd84fbe5bdf,domain,000002,catalog-9b7c9820ef5da6fc,AnyViewer,rmm,host:anyviewer.com,*.anyviewer.com,anyviewer.com,1517,f483c46933a6c284e62d665a250c3e3f9d4582ea8741f67fe88c796e2e9b9472
000002:75d7aaa726d150ed486c2e7a,domain,000002,catalog-19b198de7105fe49,Freshservice,rmm,host:fdcollab.com,*.fdcollab.com,fdcollab.com,1517,f483c46933a6c284e62d665a250c3e3f9d4582ea8741f67fe88c796e2e9b9472
000002:75e0b2d9a887d005ef99cec1,domain,000002,catalog-7f0822b54c156995,ScreenMeet,rmm,host:screenmeet.com,*.screenmeet.com,screenmeet.com,1517,f483c46933a6c284e62d665a250c3e3f9d4582ea8741f67fe88c796e2e9b9472
000002:75e6fc926f625f7ccec79dc0,process,000002,catalog-b9844b54a710ca37,Rodex RMM,rmm,name:rodexagent.exe,rodexagent.exe,,1517,f483c46933a6c284e62d665a250c3e3f9d4582ea8741f67fe88c796e2e9b9472
000002:75f61d65e46a43ca383416b2,process,000002,catalog-a75e4c9e91678258,FleetDeck.io,rmm,name:fleetdeck-agent.exe,fleetdeck-agent.exe,,1517,f483c46933a6c284e62d665a250c3e3f9d4582ea8741f67fe88c796e2e9b9472
000002:76049a09b5b83fd2f16cea38,domain,000002,catalog-5a475a9e2cdfe5c4,Miradore,rmm,host:gerwconline.blob.core.windows.net,gerwconline.blob.core.windows.net,gerwconline.blob.core.windows.net,1517,f483c46933a6c284e62d665a250c3e3f9d4582ea8741f67fe88c796e2e9b9472
000002:761eb9ba51c6551a66060ddc,domain,000002,catalog-edc77597bb699a1d,Faronics Deploy,rmm,host:faronics.com,faronics.com,faronics.com,1517,f483c46933a6c284e62d665a250c3e3f9d4582ea8741f67fe88c796e2e9b9472
000002:7625fd65acdb8023acbb7114,domain,000002,catalog-eac2e347232421be,SimpleHelp,rmm,host:simple-help.com,simple-help.com,simple-help.com,1517,f483c46933a6c284e62d665a250c3e3f9d4582ea8741f67fe88c796e2e9b9472
000002:764d3a9b393373fbe3a709f8,process,000002,catalog-fc5e79df91209451,PSEXEC (Clone),rmm,name:remcomsvc.exe,remcomsvc.exe,,1517,f483c46933a6c284e62d665a250c3e3f9d4582ea8741f67fe88c796e2e9b9472
000002:76567d292c53f2c129101a80,process,000002,catalog-d1fa137fd100b8a3,RemoteView,rmm,name:remoteview.exe,remoteview.exe,,1517,f483c46933a6c284e62d665a250c3e3f9d4582ea8741f67fe88c796e2e9b9472
000002:76ea23a51a51b780ce2e2831,process,000002,catalog-689d0bf0e5a5a13f,HelpU,rmm,name:helpumanager.exe,helpumanager.exe,,1517,f483c46933a6c284e62d665a250c3e3f9d4582ea8741f67fe88c796e2e9b9472
000002:76f76ed78b155328e8544928,domain,000002,catalog-7f0822b54c156995,ScreenMeet,rmm,host:scrn.mt,*.scrn.mt,scrn.mt,1517,f483c46933a6c284e62d665a250c3e3f9d4582ea8741f67fe88c796e2e9b9472
000002:77242675d0bc37e7a4d012de,process,000002,catalog-3694a3d7392f1b09,Faronics Insight,rmm,name:fistudentsvc.exe,fistudentsvc.exe,,1517,f483c46933a6c284e62d665a250c3e3f9d4582ea8741f67fe88c796e2e9b9472
000002:77d4ec216a43b9d87d6cd3bc,process,000002,catalog-75c050028a47742e,Lunixar,rmm,name:lunixarupdater.exe,lunixarupdater.exe,,1517,f483c46933a6c284e62d665a250c3e3f9d4582ea8741f67fe88c796e2e9b9472
000002:784d433fa36060e42085a13f,process,000002,catalog-c612721a1545c8f7,Domotz,rmm,name:domotz.exe,domotz.exe,,1517,f483c46933a6c284e62d665a250c3e3f9d4582ea8741f67fe88c796e2e9b9472
000002:78796836186b7fb395569262,domain,000002,catalog-9aa6fcc20ffa26a9,HelpWire,rmm,host:stun.helpwire.app,stun.helpwire.app,stun.helpwire.app,1517,f483c46933a6c284e62d665a250c3e3f9d4582ea8741f67fe88c796e2e9b9472
000002:78913dda8136b91abb11d129,process,000002,catalog-6dc7ffa4255666fe,Adobe Connect,rmm,name:connectdetector.exe,connectdetector.exe,,1517,f483c46933a6c284e62d665a250c3e3f9d4582ea8741f67fe88c796e2e9b9472
000002:78ebef11fcb488e6715fb558,process,000002,catalog-79f52aadf000fb06,IntelliAdmin Remote Control,rmm,name:agent_setup_5.exe,agent_setup_5.exe,,1517,f483c46933a6c284e62d665a250c3e3f9d4582ea8741f67fe88c796e2e9b9472
000002:78f3c0af802f2e62b735c638,domain,000002,catalog-19b198de7105fe49,Freshservice,rmm,host:fstools.freshservice.com,fstools.freshservice.com,fstools.freshservice.com,1517,f483c46933a6c284e62d665a250c3e3f9d4582ea8741f67fe88c796e2e9b9472
000002:78f44b4fa8a78d1df0dcf78d,domain,000002,chrome-remote-desktop,Chrome Remote Desktop,rmm,host:remotedesktop-pa.googleapis.com,remotedesktop-pa.googleapis.com,remotedesktop-pa.googleapis.com,1517,f483c46933a6c284e62d665a250c3e3f9d4582ea8741f67fe88c796e2e9b9472
000002:78f4f9c729793ec1c592b437,process,000002,catalog-8e505bee2a84aaa8,GoToMyPC,rmm,name:g2mlauncher.exe,g2mlauncher.exe,,1517,f483c46933a6c284e62d665a250c3e3f9d4582ea8741f67fe88c796e2e9b9472
000002:7918ea4557ec9b2dd736a624,domain,000002,catalog-743b1b461002fbdb,Auvik,rmm,host:my.auvik.com,*.my.auvik.com,my.auvik.com,1517,f483c46933a6c284e62d665a250c3e3f9d4582ea8741f67fe88c796e2e9b9472
000002:793574402297da87403b6102,domain,000002,sunlogin,SunLogin,rmm,host:sunlogin.oray.com,sunlogin.oray.com,sunlogin.oray.com,1517,f483c46933a6c284e62d665a250c3e3f9d4582ea8741f67fe88c796e2e9b9472
000002:7940aa6c96c5e385f7f494ff,domain,000002,catalog-7275ecb7bf70b179,Remote Manipulator System,rmm,host:internetid.ru,*.internetid.ru,internetid.ru,1517,f483c46933a6c284e62d665a250c3e3f9d4582ea8741f67fe88c796e2e9b9472
000002:79916973c586e2dcd08a0ba2,domain,000002,catalog-4ff6a47a34b0e00c,GoToAssist,rmm,host:gotoassist.at,*.gotoassist.at,gotoassist.at,1517,f483c46933a6c284e62d665a250c3e3f9d4582ea8741f67fe88c796e2e9b9472
000002:79998226d09dcf3b36ca8ab3,process,000002,catalog-b112d21dd1f9aad7,mstsc.exe (Microsoft Remote Desktop Connection),rmm,name:mstsc.exe,mstsc.exe,,1517,f483c46933a6c284e62d665a250c3e3f9d4582ea8741f67fe88c796e2e9b9472
000002:79a548e8189e726361c37051,process,000002,catalog-1139d21d2528fc44,ProxiPort,rmm,name:proxiport.exe,proxiport.exe,,1517,f483c46933a6c284e62d665a250c3e3f9d4582ea8741f67fe88c796e2e9b9472
000002:79ab17ec2dd753516c7606cf,process,000002,catalog-9e86f69080914038,Bitvise SSH Server,rmm,name:bvsshserver-inst.exe,bvsshserver-inst.exe,,1517,f483c46933a6c284e62d665a250c3e3f9d4582ea8741f67fe88c796e2e9b9472
000002:7aa2c326d12b18cae9a5c4b7,domain,000002,catalog-d043a7494658fcf0,SetMe PRO,rmm,host:set.me,set.me,set.me,1517,f483c46933a6c284e62d665a250c3e3f9d4582ea8741f67fe88c796e2e9b9472
000002:7aaf17994f3c9903e0b4bd0e,process,000002,catalog-9e62779bf3ea2cee,SkyFex,rmm,name:deskrollua.exe,deskrollua.exe,,1517,f483c46933a6c284e62d665a250c3e3f9d4582ea8741f67fe88c796e2e9b9472
000002:7b19c9008060ee768268ce39,domain,000002,catalog-f65437dbbc085dab,Netreo,rmm,host:netreo.com,netreo.com,netreo.com,1517,f483c46933a6c284e62d665a250c3e3f9d4582ea8741f67fe88c796e2e9b9472
000002:7b2d784ecc733218ebe30d4e,process,000002,catalog-df5e411e9d7d7e31,PChelpware,rmm,name:pchelpware_viewer.exe,pchelpware_viewer.exe,,1517,f483c46933a6c284e62d665a250c3e3f9d4582ea8741f67fe88c796e2e9b9472
000002:7bb0ff3c12a96510a3274ae6,domain,000002,catalog-84b6f03ebe1a7594,ngrok,rmm,host:connect.in.ngrok-agent.com,connect.in.ngrok-agent.com,connect.in.ngrok-agent.com,1517,f483c46933a6c284e62d665a250c3e3f9d4582ea8741f67fe88c796e2e9b9472
000002:7bbe94377dd6f93baf847105,domain,000002,zoho-assist,Zoho Assist,rmm,host:zoho.com,*.zoho.com,zoho.com,1517,f483c46933a6c284e62d665a250c3e3f9d4582ea8741f67fe88c796e2e9b9472
000002:7bc27e6314a8803db6afed5f,process,000002,catalog-2fa9a945d0d121d9,Instant Housecall,rmm,name:hsloader.exe,hsloader.exe,,1517,f483c46933a6c284e62d665a250c3e3f9d4582ea8741f67fe88c796e2e9b9472
000002:7bc5957483b0fdcb72123590,process,000002,catalog-3ebdfee426cceb46,Atera,rmm,name:atera_agent.exe,atera_agent.exe,,1517,f483c46933a6c284e62d665a250c3e3f9d4582ea8741f67fe88c796e2e9b9472
000002:7bd90d8033bde6ec6ff146be,process,000002,catalog-c4ac628087cc440d,NetLock RMM,rmm,name:netlock_rmm_user_process.exe,netlock_rmm_user_process.exe,,1517,f483c46933a6c284e62d665a250c3e3f9d4582ea8741f67fe88c796e2e9b9472
000002:7c3fa25b6d21270be503d4f4,process,000002,catalog-e320fa2669c88f4f,LogMeIn rescue,rmm,name:support-logmeinrescue.exe,support-logmeinrescue.exe,,1517,f483c46933a6c284e62d665a250c3e3f9d4582ea8741f67fe88c796e2e9b9472
000002:7c49125812e4d4f3f7b4fd9b,process,000002,catalog-7c0ae94946204a53,Obliance,rmm,name:obliance-tray.exe,obliance-tray.exe,,1517,f483c46933a6c284e62d665a250c3e3f9d4582ea8741f67fe88c796e2e9b9472
000002:7c58ee33c0aa033d0dbc6711,process,000002,catalog-279efe93ccb7d9eb,Goverlan,rmm,name:govreachclient.exe,govreachclient.exe,,1517,f483c46933a6c284e62d665a250c3e3f9d4582ea8741f67fe88c796e2e9b9472
000002:7c66f435e31b83d7738cfc47,domain,000002,catalog-33a7ed21a570d883,GatherPlace-desktop sharing,rmm,host:gatherplace.com,*.gatherplace.com,gatherplace.com,1517,f483c46933a6c284e62d665a250c3e3f9d4582ea8741f67fe88c796e2e9b9472
000002:7c77c31d35148fb34233d9d8,process,000002,zoho-assist,Zoho Assist,rmm,name:za_access.exe,za_access.exe,,1517,f483c46933a6c284e62d665a250c3e3f9d4582ea8741f67fe88c796e2e9b9472
000002:7c7de9613e6c18f3320d97d8,process,000002,catalog-8e505bee2a84aaa8,GoToMyPC,rmm,name:gopcsrv.exe,gopcsrv.exe,,1517,f483c46933a6c284e62d665a250c3e3f9d4582ea8741f67fe88c796e2e9b9472
000002:7c819c842bf62dbab864f787,domain,000002,catalog-7940b91aed85c7bf,EMCO Remote Console,rmm,host:emcosoftware.com,emcosoftware.com,emcosoftware.com,1517,f483c46933a6c284e62d665a250c3e3f9d4582ea8741f67fe88c796e2e9b9472
000002:7c89dd8ef2e4c75e37b356cf,domain,000002,catalog-9ff09b32116aeedd,Panorama9,rmm,host:trusted.panorama9.com,trusted.panorama9.com,trusted.panorama9.com,1517,f483c46933a6c284e62d665a250c3e3f9d4582ea8741f67fe88c796e2e9b9472
000002:7cb02d1fef4d3a2d266bd986,domain,000002,catalog-26fa64ab84197880,RMMmax,rmm,host:api.rmmmax.com,api.rmmmax.com,api.rmmmax.com,1517,f483c46933a6c284e62d665a250c3e3f9d4582ea8741f67fe88c796e2e9b9472
000002:7ce3b1c752f4cbced3f122f6,process,000002,catalog-53b6d6d5420e470d,VIZOR,rmm,name:upload.exe,upload.exe,,1517,f483c46933a6c284e62d665a250c3e3f9d4582ea8741f67fe88c796e2e9b9472
000002:7d052f8a7055291317646c39,process,000002,catalog-9b32da4dee4b74a8,CrossLoop,rmm,name:crossloopservice.exe,crossloopservice.exe,,1517,f483c46933a6c284e62d665a250c3e3f9d4582ea8741f67fe88c796e2e9b9472
000002:7d5065c43535f18413822896,process,000002,catalog-a048362b91f0d448,MSP360,rmm,name:cloud.backup.rm.service.exe,cloud.backup.rm.service.exe,,1517,f483c46933a6c284e62d665a250c3e3f9d4582ea8741f67fe88c796e2e9b9472
000002:7d69656e9d1d0fee4074f5a3,domain,000002,catalog-1709305c9fa966d1,Level,rmm,host:downloads.level.io,downloads.level.io,downloads.level.io,1517,f483c46933a6c284e62d665a250c3e3f9d4582ea8741f67fe88c796e2e9b9472
000002:7defb76e0115c16d7059a39e,process,000002,catalog-450e807e8604c49f,FixMe.it,rmm,name:fixmeit unattended access setup.exe,fixmeit unattended access setup.exe,,1517,f483c46933a6c284e62d665a250c3e3f9d4582ea8741f67fe88c796e2e9b9472
000002:7e025f35a2730bd167da9485,process,000002,catalog-9767aa2170601b2d,RemotePass,rmm,name:rpaccess.exe,rpaccess.exe,,1517,f483c46933a6c284e62d665a250c3e3f9d4582ea8741f67fe88c796e2e9b9472
000002:7e171de3069c92af9d4fdf28,process,000002,catalog-33a7ed21a570d883,GatherPlace-desktop sharing,rmm,name:gp5.exe,gp5.exe,,1517,f483c46933a6c284e62d665a250c3e3f9d4582ea8741f67fe88c796e2e9b9472
000002:7e1bb2c172a112afe927e227,domain,000002,catalog-9767aa2170601b2d,RemotePass,rmm,host:remotepass.com,remotepass.com,remotepass.com,1517,f483c46933a6c284e62d665a250c3e3f9d4582ea8741f67fe88c796e2e9b9472
000002:7e33e690d4672a7cb3b536f4,domain,000002,catalog-eac2e347232421be,SimpleHelp,rmm,host:192.144.34.42,192.144.34.42,192.144.34.42,1517,f483c46933a6c284e62d665a250c3e3f9d4582ea8741f67fe88c796e2e9b9472
000002:7e34bc800f6c3bd5293b71f8,domain,000002,catalog-bcaaa38f1a847568,Zecurit,rmm,host:app.zecurit.com,app.zecurit.com,app.zecurit.com,1517,f483c46933a6c284e62d665a250c3e3f9d4582ea8741f67fe88c796e2e9b9472
000002:7e552be23d7f42c5aaacc6bf,process,000002,catalog-4836bcdbc1fd2753,DragonDisk,rmm,name:dragondisk.exe,dragondisk.exe,,1517,f483c46933a6c284e62d665a250c3e3f9d4582ea8741f67fe88c796e2e9b9472
000002:7eaf1bc9051444861cb9fffb,process,000002,catalog-61b1d2fa61d24490,PSEXEC,rmm,name:psexecsvc.exe,psexecsvc.exe,,1517,f483c46933a6c284e62d665a250c3e3f9d4582ea8741f67fe88c796e2e9b9472
000002:7eb55007e2c7ea0641a5c1ea,process,000002,catalog-53b6d6d5420e470d,VIZOR,rmm,name:luguard.exe,luguard.exe,,1517,f483c46933a6c284e62d665a250c3e3f9d4582ea8741f67fe88c796e2e9b9472
000002:7ebbcbb92c7e382fc4fd4bb6,process,000002,catalog-e80ce2afc356e7b4,Parsec,rmm,name:parsecd.exe,parsecd.exe,,1517,f483c46933a6c284e62d665a250c3e3f9d4582ea8741f67fe88c796e2e9b9472
000002:7ed142296b50c70e6e289c7c,domain,000002,catalog-2fd814c3858c735c,NinjaRMM,rmm,host:rmmservice.ca,*.rmmservice.ca,rmmservice.ca,1517,f483c46933a6c284e62d665a250c3e3f9d4582ea8741f67fe88c796e2e9b9472
000002:7ed4219f0a128381445f2468,domain,000002,catalog-b11823ea2cb74c56,N-Able Advanced Monitoring Agent,rmm,host:n-able.com,n-able.com,n-able.com,1517,f483c46933a6c284e62d665a250c3e3f9d4582ea8741f67fe88c796e2e9b9472
000002:7eeedd1536ad66bb77a1723e,domain,000002,catalog-492214590d1d2ef4,Remote.it,rmm,host:api.remote.it,api.remote.it,api.remote.it,1517,f483c46933a6c284e62d665a250c3e3f9d4582ea8741f67fe88c796e2e9b9472
000002:7f5744be841ec5aef27435c3,domain,000002,zoho-assist,Zoho Assist,rmm,host:gateway.zohoassist.com,gateway.zohoassist.com,gateway.zohoassist.com,1517,f483c46933a6c284e62d665a250c3e3f9d4582ea8741f67fe88c796e2e9b9472
000002:7f9e668b4477e729b4f163bd,process,000002,catalog-d653a78441242539,PuTTY,rmm,name:putty.exe,putty.exe,,1517,f483c46933a6c284e62d665a250c3e3f9d4582ea8741f67fe88c796e2e9b9472
000002:7ffb795e3658fb5d655b83a2,domain,000002,catalog-f1188a5d1f1ab490,GotoHTTP,rmm,host:gotohttp.com,gotohttp.com,gotohttp.com,1517,f483c46933a6c284e62d665a250c3e3f9d4582ea8741f67fe88c796e2e9b9472
000002:8012a584a31e9365fe52f1eb,process,000002,catalog-53b6d6d5420e470d,VIZOR,rmm,name:luedit.exe,luedit.exe,,1517,f483c46933a6c284e62d665a250c3e3f9d4582ea8741f67fe88c796e2e9b9472
000002:804f9fedf82140c1a49b2141,domain,000002,catalog-19b198de7105fe49,Freshservice,rmm,host:webpush.freshchat.com,*.webpush.freshchat.com,webpush.freshchat.com,1517,f483c46933a6c284e62d665a250c3e3f9d4582ea8741f67fe88c796e2e9b9472
000002:80936c9ed0024532164fa113,process,000002,ambiguous-ebd468e06b2d1441,Ambiguous: Pocket Controller / Pocket Controller (Soti Xsight),ambiguous,name:pocketcontroller.exe,pocketcontroller.exe,,1517,f483c46933a6c284e62d665a250c3e3f9d4582ea8741f67fe88c796e2e9b9472
000002:80ca9153d1c77ad0f45bd3a5,process,000002,catalog-a048362b91f0d448,MSP360,rmm,name:cloudracmd.exe,cloudracmd.exe,,1517,f483c46933a6c284e62d665a250c3e3f9d4582ea8741f67fe88c796e2e9b9472
000002:8139ddf4a6311245a098ba56,domain,000002,catalog-b65c5d5d98d6ebfc,BreezeRMM,rmm,host:breezermm.com,breezermm.com,breezermm.com,1517,f483c46933a6c284e62d665a250c3e3f9d4582ea8741f67fe88c796e2e9b9472
000002:8142a54288185eaf81a10dae,domain,000002,catalog-3ebdfee426cceb46,Atera,rmm,host:agent-api.atera.com,agent-api.atera.com,agent-api.atera.com,1517,f483c46933a6c284e62d665a250c3e3f9d4582ea8741f67fe88c796e2e9b9472
000002:81b5ee96f76fd468bca443a6,process,000002,catalog-1d0ad89444a3845d,Netop Remote Control (Impero Connect),rmm,name:imperoinit.exe,imperoinit.exe,,1517,f483c46933a6c284e62d665a250c3e3f9d4582ea8741f67fe88c796e2e9b9472
000002:821eee748008e1d2acdb00f0,domain,000002,catalog-6a0111a9aab2bcd8,Komari,rmm,host:ghcr.io,ghcr.io,ghcr.io,1517,f483c46933a6c284e62d665a250c3e3f9d4582ea8741f67fe88c796e2e9b9472
000002:822c535ffdaf2081fc485a1c,process,000002,catalog-3bd7ddf55954f6f4,Naverisk,rmm,prefix:agentsetup,agentsetup-*.exe,,1517,f483c46933a6c284e62d665a250c3e3f9d4582ea8741f67fe88c796e2e9b9472
000002:82b4f0c64230222a269afe00,domain,000002,catalog-3127e56803b5f1a8,BeyondTrust (Bomgar),rmm,host:bomgarcloud.com,bomgarcloud.com,bomgarcloud.com,1517,f483c46933a6c284e62d665a250c3e3f9d4582ea8741f67fe88c796e2e9b9472
000002:82b9b5b8ae7595763bf5f0cd,process,000002,catalog-8902bceb12b18d52,LANDesk,rmm,name:ldsensors.exe,ldsensors.exe,,1517,f483c46933a6c284e62d665a250c3e3f9d4582ea8741f67fe88c796e2e9b9472
000002:82cf638070edb1f32883c784,process,000002,catalog-df65e7533d62a81a,Faronics Deep Freeze,rmm,name:dfstd.exe,dfstd.exe,,1517,f483c46933a6c284e62d665a250c3e3f9d4582ea8741f67fe88c796e2e9b9472
000002:830d3cbda21770f2c32bef2b,domain,000002,teamviewer,TeamViewer,rmm,host:taf.teamviewer.com,taf.teamviewer.com,taf.teamviewer.com,1517,f483c46933a6c284e62d665a250c3e3f9d4582ea8741f67fe88c796e2e9b9472
000002:83cbd65f75247c5da5aa07ac,process,000002,catalog-242c79e740f62c4e,Remmon,rmm,name:remmon.exe,remmon.exe,,1517,f483c46933a6c284e62d665a250c3e3f9d4582ea8741f67fe88c796e2e9b9472
000002:84092e8ca4bc38112464262f,process,000002,catalog-9a4a543cd2684e92,SecureCRT,rmm,name:securecrt.exe,securecrt.exe,,1517,f483c46933a6c284e62d665a250c3e3f9d4582ea8741f67fe88c796e2e9b9472
000002:8420d1d547cb185efd0b772b,process,000002,catalog-9a56c56eb4d47199,RemoteCall,rmm,name:rxstartsupport.exe,rxstartsupport.exe,,1517,f483c46933a6c284e62d665a250c3e3f9d4582ea8741f67fe88c796e2e9b9472
000002:8456340423e19d1d0a1906ae,domain,000002,catalog-3127e56803b5f1a8,BeyondTrust (Bomgar),rmm,host:beyondtrustcloud.com,*.beyondtrustcloud.com,beyondtrustcloud.com,1517,f483c46933a6c284e62d665a250c3e3f9d4582ea8741f67fe88c796e2e9b9472
000002:8478994aa9796c7c653502a2,domain,000002,catalog-17f3b459e9f40378,Sophos-Remote Management System,rmm,host:sophosupd.net,*.sophosupd.net,sophosupd.net,1517,f483c46933a6c284e62d665a250c3e3f9d4582ea8741f67fe88c796e2e9b9472
000002:84d7f0c1a8a848e4c5f0a64b,domain,000002,catalog-a7a0753bb8051d2b,N-able N-central,rmm,host:a33d8yamkwy4nx-ats.iot.us-west-2.amazonaws.com,a33d8yamkwy4nx-ats.iot.us-west-2.amazonaws.com,a33d8yamkwy4nx-ats.iot.us-west-2.amazonaws.com,1517,f483c46933a6c284e62d665a250c3e3f9d4582ea8741f67fe88c796e2e9b9472
000002:84db3ff6e747cfb9c052a43b,domain,000002,catalog-54d05f68342f7b10,GLPI Agent,rmm,host:glpi-project.org,glpi-project.org,glpi-project.org,1517,f483c46933a6c284e62d665a250c3e3f9d4582ea8741f67fe88c796e2e9b9472
000002:84db9e34c1ad810e0a819342,domain,000002,catalog-097f802b72a90b59,CentraStage (Now Datto),rmm,host:cc.centrastage.net,*.cc.centrastage.net,cc.centrastage.net,1517,f483c46933a6c284e62d665a250c3e3f9d4582ea8741f67fe88c796e2e9b9472
000002:851927855d817f5f12e1fd07,process,000002,catalog-f02dd9126ee341c8,TurboMeeting,rmm,name:turbomeeting.exe,turbomeeting.exe,,1517,f483c46933a6c284e62d665a250c3e3f9d4582ea8741f67fe88c796e2e9b9472
000002:854d4fe94d2f5fc4b66902c3,domain,000002,anydesk,AnyDesk,rmm,host:net.anydesk.com,*.net.anydesk.com,net.anydesk.com,1517,f483c46933a6c284e62d665a250c3e3f9d4582ea8741f67fe88c796e2e9b9472
000002:85ae54c31d79d097c80dc78c,domain,000002,catalog-1e085f489fa06707,Teramind,rmm,host:rt.teramind.co,rt.teramind.co,rt.teramind.co,1517,f483c46933a6c284e62d665a250c3e3f9d4582ea8741f67fe88c796e2e9b9472
000002:85b1ca880e4d1c1cc02e72a0,process,000002,catalog-4162ddf474934203,Aspia,rmm,name:aspia_client.exe,aspia_client.exe,,1517,f483c46933a6c284e62d665a250c3e3f9d4582ea8741f67fe88c796e2e9b9472
000002:85d0e18bd012f1cc2d8003dd,domain,000002,catalog-6fb0db047c3a739e,Vicarius vRx,rmm,host:vicarius-eu-central-1-patches.s3.eu-central-1.amazonaws.com,vicarius-eu-central-1-patches.s3.eu-central-1.amazonaws.com,vicarius-eu-central-1-patches.s3.eu-central-1.amazonaws.com,1517,f483c46933a6c284e62d665a250c3e3f9d4582ea8741f67fe88c796e2e9b9472
000002:861706f8757be94a3ad80805,process,000002,catalog-79f52aadf000fb06,IntelliAdmin Remote Control,rmm,name:agent64.exe,agent64.exe,,1517,f483c46933a6c284e62d665a250c3e3f9d4582ea8741f67fe88c796e2e9b9472
000002:8656386e7ae7f244fe408662,process,000002,catalog-b4e25d2c726f0d96,baramundi Management Suite,rmm,name:bma.exe,bma.exe,,1517,f483c46933a6c284e62d665a250c3e3f9d4582ea8741f67fe88c796e2e9b9472
000002:86be78fd915f92e16814f456,process,000002,catalog-39ef353cde39b7ff,Anyplace Control,rmm,name:apc_host.exe,apc_host.exe,,1517,f483c46933a6c284e62d665a250c3e3f9d4582ea8741f67fe88c796e2e9b9472
000002:86bec5804c2c9a45fa418602,process,000002,catalog-30dc308a2792e1e2,BeAnyWhere,rmm,name:basupappelev.exe,basupappelev.exe,,1517,f483c46933a6c284e62d665a250c3e3f9d4582ea8741f67fe88c796e2e9b9472
000002:86f10e5835fab139a2e17fe8,domain,000002,catalog-67ea16bf2c725837,ITSupport247 (ConnectWise),rmm,host:itsupport247.net,itsupport247.net,itsupport247.net,1517,f483c46933a6c284e62d665a250c3e3f9d4582ea8741f67fe88c796e2e9b9472
000002:872b4edd522b966d492efd66,process,000002,catalog-689d0bf0e5a5a13f,HelpU,rmm,name:helpuupdater.exe,helpuupdater.exe,,1517,f483c46933a6c284e62d665a250c3e3f9d4582ea8741f67fe88c796e2e9b9472
000002:8746b4b49e3f08390f1f3a4b,domain,000002,catalog-8ea1b8036102ba70,Teleport Connect,rmm,host:teleport.sh,*.teleport.sh,teleport.sh,1517,f483c46933a6c284e62d665a250c3e3f9d4582ea8741f67fe88c796e2e9b9472
000002:877a526ab6ed42a95f63f841,domain,000002,catalog-2fd814c3858c735c,NinjaRMM,rmm,host:ninjarmm.com,*.ninjarmm.com,ninjarmm.com,1517,f483c46933a6c284e62d665a250c3e3f9d4582ea8741f67fe88c796e2e9b9472
000002:87fae2495eb80ebba0f150bc,process,000002,catalog-16556f79cd2448b7,Laplink Everywhere,rmm,name:laplinkeverywhere.exe,laplinkeverywhere.exe,,1517,f483c46933a6c284e62d665a250c3e3f9d4582ea8741f67fe88c796e2e9b9472
000002:88258e3e73fc91b0b41b7a3e,domain,000002,catalog-bd598b0060473e1f,HopToDesk,rmm,host:download.hoptodesk.com,download.hoptodesk.com,download.hoptodesk.com,1517,f483c46933a6c284e62d665a250c3e3f9d4582ea8741f67fe88c796e2e9b9472
000002:885a820a654ed30e99d83315,process,000002,catalog-f2d4886a319c0cdf,Alpemix,rmm,name:alpemix.exe,alpemix.exe,,1517,f483c46933a6c284e62d665a250c3e3f9d4582ea8741f67fe88c796e2e9b9472
000002:88629afdf6adb65175847099,domain,000002,catalog-93115f6856c5fec3,NetBird,rmm,host:pkgs.netbird.io,pkgs.netbird.io,pkgs.netbird.io,1517,f483c46933a6c284e62d665a250c3e3f9d4582ea8741f67fe88c796e2e9b9472
000002:889e1056b06248a827c8ed24,process,000002,catalog-70e7fa11e2474af8,GetScreen,rmm,name:getscreen.exe,getscreen.exe,,1517,f483c46933a6c284e62d665a250c3e3f9d4582ea8741f67fe88c796e2e9b9472
000002:88a014dc4a633a1eb24412ed,domain,000002,todesk,ToDesk,rmm,host:todesk.com,*.todesk.com,todesk.com,1517,f483c46933a6c284e62d665a250c3e3f9d4582ea8741f67fe88c796e2e9b9472
000002:891c20ab9be1a96e62af57c8,process,000002,catalog-17f3b459e9f40378,Sophos-Remote Management System,rmm,name:clientmrinit.exe,clientmrinit.exe,,1517,f483c46933a6c284e62d665a250c3e3f9d4582ea8741f67fe88c796e2e9b9472
000002:8967bd219ab2ca664c3e43eb,domain,000002,catalog-edc77597bb699a1d,Faronics Deploy,rmm,host:remotepro-us-east-1.faronics.com,remotepro-us-east-1.faronics.com,remotepro-us-east-1.faronics.com,1517,f483c46933a6c284e62d665a250c3e3f9d4582ea8741f67fe88c796e2e9b9472
000002:8995705f37f19c8ab726be64,process,000002,catalog-e41a2b6503b00fb4,VNC,rmm,name:vncserver.exe,vncserver.exe,,1517,f483c46933a6c284e62d665a250c3e3f9d4582ea8741f67fe88c796e2e9b9472
000002:8998b475a73db0d3abe68f5b,domain,000002,catalog-5128db8cd4ae8dec,Comodo RMM,rmm,host:mdmsupport.comodo.com,mdmsupport.comodo.com,mdmsupport.comodo.com,1517,f483c46933a6c284e62d665a250c3e3f9d4582ea8741f67fe88c796e2e9b9472
000002:89e9c10ea3c8ec0facf8c267,process,000002,ambiguous-3f009697fadcdbd3,Ambiguous: Pandora RC (eHorus) / eHorus,ambiguous,name:ehorus standalone.exe,ehorus standalone.exe,,1517,f483c46933a6c284e62d665a250c3e3f9d4582ea8741f67fe88c796e2e9b9472
000002:89f728e6ca6349612657198c,process,000002,catalog-47d751a25665480e,TiFLUX,rmm,name:si.exe,si.exe,,1517,f483c46933a6c284e62d665a250c3e3f9d4582ea8741f67fe88c796e2e9b9472
000002:8a1bf1f81c559c9c2721445e,domain,000002,catalog-47d751a25665480e,TiFLUX,rmm,host:agent.tiflux.com,agent.tiflux.com,agent.tiflux.com,1517,f483c46933a6c284e62d665a250c3e3f9d4582ea8741f67fe88c796e2e9b9472
000002:8a23ab341dbd85f5eee620ea,process,000002,catalog-e8891772379fac13,Syncro,rmm,name:syncro.installer.exe,syncro.installer.exe,,1517,f483c46933a6c284e62d665a250c3e3f9d4582ea8741f67fe88c796e2e9b9472
000002:8a3bada54de421dd515c3952,process,000002,catalog-e8891772379fac13,Syncro,rmm,name:syncrolive.service.exe,syncrolive.service.exe,,1517,f483c46933a6c284e62d665a250c3e3f9d4582ea8741f67fe88c796e2e9b9472
000002:8a419a4afc2c3805def60dda,domain,000002,catalog-e17987295e5b221b,Electric AI (Kaseya),rmm,host:electric.ai,electric.ai,electric.ai,1517,f483c46933a6c284e62d665a250c3e3f9d4582ea8741f67fe88c796e2e9b9472
000002:8a5e5633a163ce1a8a0df7b7,domain,000002,catalog-02a58e4503fc1f09,DW Service,rmm,host:dwservice.net,*.dwservice.net,dwservice.net,1517,f483c46933a6c284e62d665a250c3e3f9d4582ea8741f67fe88c796e2e9b9472
000002:8abd7cf78b03010a11dcb83d,process,000002,catalog-0b9aa865d1e856dc,Tactical RMM,rmm,name:tacticalrmm.exe,tacticalrmm.exe,,1517,f483c46933a6c284e62d665a250c3e3f9d4582ea8741f67fe88c796e2e9b9472
000002:8b498a1974d835c704bfd409,process,000002,catalog-0ef104fa1ae80a26,LogMeIn,rmm,name:lmiignition.exe,lmiignition.exe,,1517,f483c46933a6c284e62d665a250c3e3f9d4582ea8741f67fe88c796e2e9b9472
000002:8b81820b97cae7e7a10baaf1,domain,000002,catalog-614d0b95c9d90bb6,Netviewer (GoToMeet),rmm,host:netviewer.com,*.netviewer.com,netviewer.com,1517,f483c46933a6c284e62d665a250c3e3f9d4582ea8741f67fe88c796e2e9b9472
000002:8b954d00059f7bdaf4568ede,process,000002,catalog-8af9b8f9f766bf43,GoToAssist (GoTo Resolve),rmm,name:gotoresolveexternalmodulehandler.exe,gotoresolveexternalmodulehandler.exe,,1517,f483c46933a6c284e62d665a250c3e3f9d4582ea8741f67fe88c796e2e9b9472
000002:8c4e5b515d9b2bfa572111ce,domain,000002,catalog-e8891772379fac13,Syncro,rmm,host:syncroapi.com,*.syncroapi.com,syncroapi.com,1517,f483c46933a6c284e62d665a250c3e3f9d4582ea8741f67fe88c796e2e9b9472
000002:8c57d0f835d90b8cf3ae53a1,process,000002,catalog-53b6d6d5420e470d,VIZOR,rmm,name:clmetersvc.exe,clmetersvc.exe,,1517,f483c46933a6c284e62d665a250c3e3f9d4582ea8741f67fe88c796e2e9b9472
000002:8c986f9edc546e562f173775,process,000002,catalog-8e505bee2a84aaa8,GoToMyPC,rmm,name:g2mupload.exe,g2mupload.exe,,1517,f483c46933a6c284e62d665a250c3e3f9d4582ea8741f67fe88c796e2e9b9472
000002:8c9c97c0b406db4f25d338e0,process,000002,catalog-47d751a25665480e,TiFLUX,rmm,name:tiservice.exe,tiservice.exe,,1517,f483c46933a6c284e62d665a250c3e3f9d4582ea8741f67fe88c796e2e9b9472
000002:8cd7e18ddcd56a0b2e3a0afd,process,000002,teamviewer,TeamViewer,rmm,name:teamviewer_service.exe,teamviewer_service.exe,,1517,f483c46933a6c284e62d665a250c3e3f9d4582ea8741f67fe88c796e2e9b9472
000002:8ce401750bbf72557ec2f098,domain,000002,catalog-74d3c028dbb300fc,NetSupport Manager,rmm,host:netsupportmanager.com,netsupportmanager.com,netsupportmanager.com,1517,f483c46933a6c284e62d665a250c3e3f9d4582ea8741f67fe88c796e2e9b9472
000002:8cee4adfced93389cfea05f6,process,000002,sunlogin,SunLogin,rmm,name:sunlogin_guard.exe,sunlogin_guard.exe,,1517,f483c46933a6c284e62d665a250c3e3f9d4582ea8741f67fe88c796e2e9b9472
000002:8cf24a87433adade52993331,process,000002,catalog-fb833f5663bf1c70,I'm InTouch,rmm,name:i'm intouch go installer.exe,i'm intouch go installer.exe,,1517,f483c46933a6c284e62d665a250c3e3f9d4582ea8741f67fe88c796e2e9b9472
000002:8d0b311f7fb0a4a5f499316a,domain,000002,catalog-df65e7533d62a81a,Faronics Deep Freeze,rmm,host:www.faronics.com,www.faronics.com,www.faronics.com,1517,f483c46933a6c284e62d665a250c3e3f9d4582ea8741f67fe88c796e2e9b9472
000002:8d5939a3aa5ff21cc894d325,process,000002,catalog-eac2e347232421be,SimpleHelp,rmm,name:windowslauncher.exe,windowslauncher.exe,,1517,f483c46933a6c284e62d665a250c3e3f9d4582ea8741f67fe88c796e2e9b9472
000002:8d8505a5e2590833d2a24616,domain,000002,catalog-6fb0db047c3a739e,Vicarius vRx,rmm,host:vicarius-release.s3.amazonaws.com,vicarius-release.s3.amazonaws.com,vicarius-release.s3.amazonaws.com,1517,f483c46933a6c284e62d665a250c3e3f9d4582ea8741f67fe88c796e2e9b9472
000002:8e2102f66e7f4ed4d54630e0,domain,000002,catalog-84b6f03ebe1a7594,ngrok,rmm,host:connect.ngrok-agent.com,connect.ngrok-agent.com,connect.ngrok-agent.com,1517,f483c46933a6c284e62d665a250c3e3f9d4582ea8741f67fe88c796e2e9b9472
000002:8e213316bbb354773ed1fd31,domain,000002,catalog-f2b83343b98112e8,Level.io,rmm,host:level.io,*.level.io,level.io,1517,f483c46933a6c284e62d665a250c3e3f9d4582ea8741f67fe88c796e2e9b9472
000002:8e4db1f6b37017fa6a4b4d93,domain,000002,catalog-2fd814c3858c735c,NinjaRMM,rmm,host:ninjaone.com,*.ninjaone.com,ninjaone.com,1517,f483c46933a6c284e62d665a250c3e3f9d4582ea8741f67fe88c796e2e9b9472
000002:8e7919b32aa61445c34339a8,domain,000002,catalog-2cbb50e9512ef5d6,TeleDesktop,rmm,host:tele-desk.com,tele-desk.com,tele-desk.com,1517,f483c46933a6c284e62d665a250c3e3f9d4582ea8741f67fe88c796e2e9b9472
000002:8ef33b177f209809e723838f,domain,000002,catalog-63161cd474be006f,LiteManager,rmm,host:litemanager.com,litemanager.com,litemanager.com,1517,f483c46933a6c284e62d665a250c3e3f9d4582ea8741f67fe88c796e2e9b9472
000002:8ef83651cf99b1d4cab6af56,domain,000002,catalog-efa8e08b880acd8b,Action1,rmm,host:a1-backend-packages.s3.amazonaws.com,a1-backend-packages.s3.amazonaws.com,a1-backend-packages.s3.amazonaws.com,1517,f483c46933a6c284e62d665a250c3e3f9d4582ea8741f67fe88c796e2e9b9472
000002:8f01beca3ad7f71656cb0519,process,000002,catalog-efe693f8a975effc,ZOC,rmm,name:zoc.exe,zoc.exe,,1517,f483c46933a6c284e62d665a250c3e3f9d4582ea8741f67fe88c796e2e9b9472
000002:8f388886b1565a541e5ec1ec,process,000002,catalog-8af9b8f9f766bf43,GoToAssist (GoTo Resolve),rmm,name:gotoresolveui.exe,gotoresolveui.exe,,1517,f483c46933a6c284e62d665a250c3e3f9d4582ea8741f67fe88c796e2e9b9472
000002:8f3ce2924907e0a860a2cdf0,process,000002,catalog-c41e79529432a597,Pcvisit,rmm,name:pcvisit_client.exe,pcvisit_client.exe,,1517,f483c46933a6c284e62d665a250c3e3f9d4582ea8741f67fe88c796e2e9b9472
000002:8f509c59b1ed309ce2f15edb,process,000002,catalog-748871b38df3c11d,LocalXpose,rmm,name:loclx.exe,loclx.exe,,1517,f483c46933a6c284e62d665a250c3e3f9d4582ea8741f67fe88c796e2e9b9472
000002:8f57ca5078d0c87cda93adec,domain,000002,catalog-67ea16bf2c725837,ITSupport247 (ConnectWise),rmm,host:itsupport247.net,*.itsupport247.net,itsupport247.net,1517,f483c46933a6c284e62d665a250c3e3f9d4582ea8741f67fe88c796e2e9b9472
000002:8f6ee39cccb3f9b833f45e87,process,000002,catalog-bf2638a75793a7b8,ezHelp,rmm,name:ezhelpclient.exe,ezhelpclient.exe,,1517,f483c46933a6c284e62d665a250c3e3f9d4582ea8741f67fe88c796e2e9b9472
000002:8f7dea6e63175051cd57be24,process,000002,catalog-a75e4c9e91678258,FleetDeck.io,rmm,name:fleetdeck_commander_launcher.exe,fleetdeck_commander_launcher.exe,,1517,f483c46933a6c284e62d665a250c3e3f9d4582ea8741f67fe88c796e2e9b9472
000002:8fb501ca3afd330a2c8343df,domain,000002,catalog-efa8e08b880acd8b,Action1,rmm,host:action1.com,*.action1.com,action1.com,1517,f483c46933a6c284e62d665a250c3e3f9d4582ea8741f67fe88c796e2e9b9472
000002:8fbce286b84250f8aaa3f712,domain,000002,catalog-57f17b2f51895a00,RunSmart,rmm,host:runsmart.io,runsmart.io,runsmart.io,1517,f483c46933a6c284e62d665a250c3e3f9d4582ea8741f67fe88c796e2e9b9472
000002:8fcd377b6b038ea9766d7a26,domain,000002,catalog-f2b83343b98112e8,Level.io,rmm,host:level.io,level.io,level.io,1517,f483c46933a6c284e62d665a250c3e3f9d4582ea8741f67fe88c796e2e9b9472
000002:8fdc650f06ac13420f369543,domain,000002,catalog-4ff6a47a34b0e00c,GoToAssist,rmm,host:cdn.getgo.com,*.cdn.getgo.com,cdn.getgo.com,1517,f483c46933a6c284e62d665a250c3e3f9d4582ea8741f67fe88c796e2e9b9472
000002:900aefdca496cb5c41833b49,process,000002,ambiguous-4d339e2e95985fcb,Ambiguous: Faronics Deep Freeze / Faronics Deploy,ambiguous,name:cloudwksinstall.exe,cloudwksinstall.exe,,1517,f483c46933a6c284e62d665a250c3e3f9d4582ea8741f67fe88c796e2e9b9472
000002:906dd8b5ac7e173c82028827,process,000002,catalog-690bc94bb57a5bc3,Parallels Access,rmm,name:tsclient.exe,tsclient.exe,,1517,f483c46933a6c284e62d665a250c3e3f9d4582ea8741f67fe88c796e2e9b9472
000002:90899ebae37c4d9ee6ba8111,domain,000002,catalog-f97fd28a28d4e8c5,Gorelo RMM,rmm,host:r1.rmm.uw.gorelo.tech,r1.rmm.uw.gorelo.tech,r1.rmm.uw.gorelo.tech,1517,f483c46933a6c284e62d665a250c3e3f9d4582ea8741f67fe88c796e2e9b9472
000002:90b36e3638908e4b0515e5a0,domain,000002,catalog-3ebdfee426cceb46,Atera,rmm,host:agentreportingstore.blob.core.windows.net,agentreportingstore.blob.core.windows.net,agentreportingstore.blob.core.windows.net,1517,f483c46933a6c284e62d665a250c3e3f9d4582ea8741f67fe88c796e2e9b9472
000002:90e54363c9a378937e99151b,domain,000002,chrome-remote-desktop,Chrome Remote Desktop,rmm,host:remotedesktop.google.com,remotedesktop.google.com,remotedesktop.google.com,1517,f483c46933a6c284e62d665a250c3e3f9d4582ea8741f67fe88c796e2e9b9472
000002:9163c7a314fefe7b6ff3a7f4,process,000002,catalog-8c39d368ca004ef0,Jump Desktop,rmm,name:jumpservice.exe,jumpservice.exe,,1517,f483c46933a6c284e62d665a250c3e3f9d4582ea8741f67fe88c796e2e9b9472
000002:919f0e6e1bec4a5c894df739,domain,000002,catalog-097f802b72a90b59,CentraStage (Now Datto),rmm,host:rmm.datto.com,*.rmm.datto.com,rmm.datto.com,1517,f483c46933a6c284e62d665a250c3e3f9d4582ea8741f67fe88c796e2e9b9472
000002:91d93da90201d1be6ec087ee,process,000002,catalog-70e7fc94525e2c66,NVDA (Non-Visual Desktop Access),rmm,prefix:nvda,nvda_*.exe,,1517,f483c46933a6c284e62d665a250c3e3f9d4582ea8741f67fe88c796e2e9b9472
000002:91db0eb99239422d8b7d354f,domain,000002,catalog-87bcdcc84dd22d1d,ShowMyPC,rmm,host:showmypc.com,*.showmypc.com,showmypc.com,1517,f483c46933a6c284e62d665a250c3e3f9d4582ea8741f67fe88c796e2e9b9472
000002:91f2b7256396b119cbe726f4,domain,000002,catalog-3ebdfee426cceb46,Atera,rmm,host:agenthb.atera.com,agenthb.atera.com,agenthb.atera.com,1517,f483c46933a6c284e62d665a250c3e3f9d4582ea8741f67fe88c796e2e9b9472
000002:9200b0706f9beecaed127e69,process,000002,catalog-fe6cf8dc7ae12e64,Ivanti Remote Control,rmm,name:arcui.exe,arcui.exe,,1517,f483c46933a6c284e62d665a250c3e3f9d4582ea8741f67fe88c796e2e9b9472
000002:9204837a4fb0ba1874a9c9aa,domain,000002,catalog-9aa6fcc20ffa26a9,HelpWire,rmm,host:api.helpwire.app,api.helpwire.app,api.helpwire.app,1517,f483c46933a6c284e62d665a250c3e3f9d4582ea8741f67fe88c796e2e9b9472
000002:9215de5b7e9b0e1f05598958,domain,000002,catalog-e2a0f74619359504,Acronis Cyber Protect (Remotix),rmm,host:cloud.acronis.com,cloud.acronis.com,cloud.acronis.com,1517,f483c46933a6c284e62d665a250c3e3f9d4582ea8741f67fe88c796e2e9b9472
000002:9229f4d50af09acb1bb84206,process,000002,catalog-614d0b95c9d90bb6,Netviewer (GoToMeet),rmm,name:nvclient.exe,nvclient.exe,,1517,f483c46933a6c284e62d665a250c3e3f9d4582ea8741f67fe88c796e2e9b9472
000002:927f8abea09f541e16e4993b,process,000002,site24x7,Site24x7,management,name:site24x7windowsagenttrayicon.exe,site24x7windowsagenttrayicon.exe,,1517,f483c46933a6c284e62d665a250c3e3f9d4582ea8741f67fe88c796e2e9b9472
000002:92cb9a8224f9c11ee584f2d2,process,000002,catalog-b11823ea2cb74c56,N-Able Advanced Monitoring Agent,rmm,name:winagent.exe,winagent.exe,,1517,f483c46933a6c284e62d665a250c3e3f9d4582ea8741f67fe88c796e2e9b9472
000002:936d4ed03cb25391c2ded80f,process,000002,catalog-0ef104fa1ae80a26,LogMeIn,rmm,name:logmein.exe,logmein.exe,,1517,f483c46933a6c284e62d665a250c3e3f9d4582ea8741f67fe88c796e2e9b9472
000002:9374538108ddde9adfa79f5a,domain,000002,catalog-a7a0753bb8051d2b,N-able N-central,rmm,host:eb.eu-west-1.prd.davinci.system-monitor.com,eb.eu-west-1.prd.davinci.system-monitor.com,eb.eu-west-1.prd.davinci.system-monitor.com,1517,f483c46933a6c284e62d665a250c3e3f9d4582ea8741f67fe88c796e2e9b9472
000002:93d920b1985dea5fa2d1541f,domain,000002,catalog-b17d66fb261be877,Ammyy Admin,rmm,host:136.243.18.122,136.243.18.122,136.243.18.122,1517,f483c46933a6c284e62d665a250c3e3f9d4582ea8741f67fe88c796e2e9b9472
000002:93fd9415b8aa08258911b11b,process,000002,catalog-e3cf6e4080a5bdd8,Rocket Remote Desktop,rmm,name:rdconsole.exe,rdconsole.exe,,1517,f483c46933a6c284e62d665a250c3e3f9d4582ea8741f67fe88c796e2e9b9472
000002:943dd62703958371bb54e77a,process,000002,catalog-a7a0753bb8051d2b,N-able N-central,rmm,name:agentmaint.exe,agentmaint.exe,,1517,f483c46933a6c284e62d665a250c3e3f9d4582ea8741f67fe88c796e2e9b9472
000002:94852982273e7ac90d7fa543,process,000002,ambiguous-3038cc6d29f84d55,Ambiguous: BeAnyWhere / N-Able Advanced Monitoring Agent / N-able N-central,ambiguous,name:basuptshelper.exe,basuptshelper.exe,,1517,f483c46933a6c284e62d665a250c3e3f9d4582ea8741f67fe88c796e2e9b9472
000002:94a17195b4ea94c3df211667,domain,000002,catalog-93115f6856c5fec3,NetBird,rmm,host:my-sharepoint-inc.com,my-sharepoint-inc.com,my-sharepoint-inc.com,1517,f483c46933a6c284e62d665a250c3e3f9d4582ea8741f67fe88c796e2e9b9472
000002:94b13442ae6c9f240094662c,domain,000002,catalog-b17d66fb261be877,Ammyy Admin,rmm,host:136.243.104.242,136.243.104.242,136.243.104.242,1517,f483c46933a6c284e62d665a250c3e3f9d4582ea8741f67fe88c796e2e9b9472
000002:94bc8ed43e61fe331fa9feb5,process,000002,catalog-c351786f54292575,RPort,rmm,name:rport.exe,rport.exe,,1517,f483c46933a6c284e62d665a250c3e3f9d4582ea8741f67fe88c796e2e9b9472
000002:94d262bb55aa71ce5916b5a6,domain,000002,catalog-6a096d2757224f84,Distant Desktop,rmm,host:distantdesktop.com,*.distantdesktop.com,distantdesktop.com,1517,f483c46933a6c284e62d665a250c3e3f9d4582ea8741f67fe88c796e2e9b9472
000002:9519ee06617641d1038837f0,domain,000002,catalog-84b6f03ebe1a7594,ngrok,rmm,host:ngrok.com,ngrok.com,ngrok.com,1517,f483c46933a6c284e62d665a250c3e3f9d4582ea8741f67fe88c796e2e9b9472
000002:9528892e48ab1af41b8e4d01,process,000002,sunlogin,SunLogin,rmm,name:orayremoteservice.exe,orayremoteservice.exe,,1517,f483c46933a6c284e62d665a250c3e3f9d4582ea8741f67fe88c796e2e9b9472
000002:955148fad0f942d3dcbd6622,process,000002,catalog-70e7fa11e2474af8,GetScreen,rmm,name:getscreen-x86.exe,getscreen-x86.exe,,1517,f483c46933a6c284e62d665a250c3e3f9d4582ea8741f67fe88c796e2e9b9472
000002:95b321dad1979a8d6a041d50,process,000002,catalog-bcaaa38f1a847568,Zecurit,rmm,name:zecuritremotetools.exe,zecuritremotetools.exe,,1517,f483c46933a6c284e62d665a250c3e3f9d4582ea8741f67fe88c796e2e9b9472
000002:960d71dab4cd9c3ce452747f,domain,000002,catalog-9a56c56eb4d47199,RemoteCall,rmm,host:startsupport.com,*.startsupport.com,startsupport.com,1517,f483c46933a6c284e62d665a250c3e3f9d4582ea8741f67fe88c796e2e9b9472
000002:960f7a0ef1609fd30c2b4cda,domain,000002,catalog-3694a3d7392f1b09,Faronics Insight,rmm,host:faronics.com,faronics.com,faronics.com,1517,f483c46933a6c284e62d665a250c3e3f9d4582ea8741f67fe88c796e2e9b9472
000002:962dca48458edd0bce6351f9,process,000002,catalog-550a0cd696f121c7,RuDesktop,rmm,name:rd.exe,rd.exe,,1517,f483c46933a6c284e62d665a250c3e3f9d4582ea8741f67fe88c796e2e9b9472
000002:9647125457668d693e472c40,domain,000002,catalog-6fb0db047c3a739e,Vicarius vRx,rmm,host:vicarius-ap-southeast-3-patches.s3.ap-southeast-3.amazonaws.com,vicarius-ap-southeast-3-patches.s3.ap-southeast-3.amazonaws.com,vicarius-ap-southeast-3-patches.s3.ap-southeast-3.amazonaws.com,1517,f483c46933a6c284e62d665a250c3e3f9d4582ea8741f67fe88c796e2e9b9472
000002:96529dab8161f5fc90dfffa0,process,000002,catalog-3127e56803b5f1a8,BeyondTrust (Bomgar),rmm,name:bomgar-rdp.exe,bomgar-rdp.exe,,1517,f483c46933a6c284e62d665a250c3e3f9d4582ea8741f67fe88c796e2e9b9472
000002:9687aa60990f13be6b2ff91f,process,000002,catalog-74d3c028dbb300fc,NetSupport Manager,rmm,name:pcicfgui.exe,pcicfgui.exe,,1517,f483c46933a6c284e62d665a250c3e3f9d4582ea8741f67fe88c796e2e9b9472
000002:96b6109496451ffb1e7e8194,process,000002,catalog-2cbb50e9512ef5d6,TeleDesktop,rmm,name:ptdskclient.exe,ptdskclient.exe,,1517,f483c46933a6c284e62d665a250c3e3f9d4582ea8741f67fe88c796e2e9b9472
000002:96c45e55d249927cbdb02c8a,domain,000002,catalog-bd598b0060473e1f,HopToDesk,rmm,host:signal.hoptodesk.com,signal.hoptodesk.com,signal.hoptodesk.com,1517,f483c46933a6c284e62d665a250c3e3f9d4582ea8741f67fe88c796e2e9b9472
000002:96dce8ab43fc127c4c92d40a,process,000002,ambiguous-70367815cfd91dec,Ambiguous: Splashtop / Splashtop (Beta),ambiguous,name:srserver.exe,srserver.exe,,1517,f483c46933a6c284e62d665a250c3e3f9d4582ea8741f67fe88c796e2e9b9472
000002:96f03bbf569a1cc7c68cba73,domain,000002,site24x7,Site24x7,management,host:site24x7.in,plus*.site24x7.in,site24x7.in,1517,f483c46933a6c284e62d665a250c3e3f9d4582ea8741f67fe88c796e2e9b9472
000002:970a676a6b1b5472f1e1ccdf,domain,000002,catalog-42e50b829f949d47,Monitic,rmm,host:monitic.com,monitic.com,monitic.com,1517,f483c46933a6c284e62d665a250c3e3f9d4582ea8741f67fe88c796e2e9b9472
000002:9721093c35bdd5d83c3a18b4,domain,000002,catalog-8a42d37e2ea82b1a,SuperOps,rmm,host:superops.ai,superops.ai,superops.ai,1517,f483c46933a6c284e62d665a250c3e3f9d4582ea8741f67fe88c796e2e9b9472
000002:9748580d264963ed7bb7d85a,process,000002,chrome-remote-desktop,Chrome Remote Desktop,rmm,name:chrome-remote-desktop-host,chrome-remote-desktop-host,,1517,f483c46933a6c284e62d665a250c3e3f9d4582ea8741f67fe88c796e2e9b9472
000002:97dd249136cbe18899d8f7e2,process,000002,ambiguous-8d94d0d3f30cc36f,Ambiguous: Pocket Controller / Pocket Controller (Soti Xsight),ambiguous,name:wysebrowser.exe,wysebrowser.exe,,1517,f483c46933a6c284e62d665a250c3e3f9d4582ea8741f67fe88c796e2e9b9472
000002:980c70e23498cd4056dd0aa1,process,000002,catalog-53b6d6d5420e470d,VIZOR,rmm,name:httpget.exe,httpget.exe,,1517,f483c46933a6c284e62d665a250c3e3f9d4582ea8741f67fe88c796e2e9b9472
000002:9818003537505608f2661ff3,domain,000002,catalog-02d60382ee6d0dcd,Ninite Pro (Ninite Agent),rmm,host:ninite.com,*.ninite.com,ninite.com,1517,f483c46933a6c284e62d665a250c3e3f9d4582ea8741f67fe88c796e2e9b9472
000002:981b6f2ca9c82a6d9c3b344c,domain,000002,catalog-1709305c9fa966d1,Level,rmm,host:online.level.io,online.level.io,online.level.io,1517,f483c46933a6c284e62d665a250c3e3f9d4582ea8741f67fe88c796e2e9b9472
000002:981dac31a29ec809b2d1d8fa,process,000002,catalog-2cbb50e9512ef5d6,TeleDesktop,rmm,name:pstlaunch.exe,pstlaunch.exe,,1517,f483c46933a6c284e62d665a250c3e3f9d4582ea8741f67fe88c796e2e9b9472
000002:98b6bd066c19372debe491d7,domain,000002,catalog-eac2e347232421be,SimpleHelp,rmm,host:51.255.19.179,51.255.19.179,51.255.19.179,1517,f483c46933a6c284e62d665a250c3e3f9d4582ea8741f67fe88c796e2e9b9472
000002:98c3e0349b1bc7b7b5448bc4,process,000002,catalog-5b4c6c01aa0e9759,ISL Online,rmm,name:isllightclient.exe,isllightclient.exe,,1517,f483c46933a6c284e62d665a250c3e3f9d4582ea8741f67fe88c796e2e9b9472
000002:98f4141ef364527038b310fc,process,000002,catalog-bd9b1271546b8c53,Sentinel RMM,rmm,name:sentinel-agent.exe,sentinel-agent.exe,,1517,f483c46933a6c284e62d665a250c3e3f9d4582ea8741f67fe88c796e2e9b9472
000002:98fee075de62030762b81d98,process,000002,catalog-f0777172ed3a529d,RdClient,rmm,name:rdclientinstaller.exe,rdclientinstaller.exe,,1517,f483c46933a6c284e62d665a250c3e3f9d4582ea8741f67fe88c796e2e9b9472
000002:99109f3d4ce0fdb6270255fc,domain,000002,catalog-70e7fc94525e2c66,NVDA (Non-Visual Desktop Access),rmm,host:nvaccess.org,*.nvaccess.org,nvaccess.org,1517,f483c46933a6c284e62d665a250c3e3f9d4582ea8741f67fe88c796e2e9b9472
000002:99a7b0c772881f84e1df6376,process,000002,qq,QQ / TIM (dual use),dual_use,name:qq.exe,qq.exe,,1517,f483c46933a6c284e62d665a250c3e3f9d4582ea8741f67fe88c796e2e9b9472
000002:99b9bbcaf88c3602c498a760,process,000002,catalog-d06cef58026e8d00,RDCMan,rmm,name:rdcman-x86.exe,rdcman-x86.exe,,1517,f483c46933a6c284e62d665a250c3e3f9d4582ea8741f67fe88c796e2e9b9472
000002:9a02691c9d5e2a5a1effccf6,domain,000002,catalog-dd67af2755ccfb71,Jump Cloud,rmm,host:assist.jumpcloud.com,*.assist.jumpcloud.com,assist.jumpcloud.com,1517,f483c46933a6c284e62d665a250c3e3f9d4582ea8741f67fe88c796e2e9b9472
000002:9a305881fd878b092d8f050b,process,000002,catalog-75c050028a47742e,Lunixar,rmm,name:lunixar.exe,lunixar.exe,,1517,f483c46933a6c284e62d665a250c3e3f9d4582ea8741f67fe88c796e2e9b9472
000002:9a49fc50586bc877657507ee,process,000002,catalog-0a9c5247767ece06,MeshCentral,rmm,name:meshagent.exe,meshagent.exe,,1517,f483c46933a6c284e62d665a250c3e3f9d4582ea8741f67fe88c796e2e9b9472
000002:9a64cf721def0d9b4ee80201,domain,000002,catalog-2a1b90632d61ad3d,Seetrol,rmm,host:seetrol.co.kr,seetrol.co.kr,seetrol.co.kr,1517,f483c46933a6c284e62d665a250c3e3f9d4582ea8741f67fe88c796e2e9b9472
000002:9a695a585c822d7b856fc3ca,domain,000002,catalog-8a42d37e2ea82b1a,SuperOps,rmm,host:superopsalpha.com,*.superopsalpha.com,superopsalpha.com,1517,f483c46933a6c284e62d665a250c3e3f9d4582ea8741f67fe88c796e2e9b9472
000002:9abc277e1bbc526c7ae3c23d,domain,000002,catalog-16556f79cd2448b7,Laplink Everywhere,rmm,host:le.laplink.com,le.laplink.com,le.laplink.com,1517,f483c46933a6c284e62d665a250c3e3f9d4582ea8741f67fe88c796e2e9b9472
000002:9b303e6df7290fb600e3b819,process,000002,catalog-e1b93a7e9b0871a2,RemoteAgentAgent,rmm,name:remoteagentagent.exe,remoteagentagent.exe,,1517,f483c46933a6c284e62d665a250c3e3f9d4582ea8741f67fe88c796e2e9b9472
000002:9b3b26a20e0f5ea6b5834f3b,process,000002,catalog-8e505bee2a84aaa8,GoToMyPC,rmm,name:gotoscrutils.exe,gotoscrutils.exe,,1517,f483c46933a6c284e62d665a250c3e3f9d4582ea8741f67fe88c796e2e9b9472
000002:9b6dde75e87e9c4c245d33fc,process,000002,endpoint-central,ManageEngine Endpoint Central,management,name:dcagentservice.exe,dcagentservice.exe,,1517,f483c46933a6c284e62d665a250c3e3f9d4582ea8741f67fe88c796e2e9b9472
000002:9bd9dbc78c1a184375152da2,domain,000002,catalog-67558ae5fcbed70e,InvGate,rmm,host:invgate.com,invgate.com,invgate.com,1517,f483c46933a6c284e62d665a250c3e3f9d4582ea8741f67fe88c796e2e9b9472
000002:9c57a4ca75cdaf15a8421861,domain,000002,endpoint-central,ManageEngine Endpoint Central,management,host:desktopcentral.manageengine.cn,desktopcentral.manageengine.cn,desktopcentral.manageengine.cn,1517,f483c46933a6c284e62d665a250c3e3f9d4582ea8741f67fe88c796e2e9b9472
000002:9c75b35f3fb659bbd00a60d6,process,000002,catalog-450e807e8604c49f,FixMe.it,rmm,name:tiexpertcore.exe,tiexpertcore.exe,,1517,f483c46933a6c284e62d665a250c3e3f9d4582ea8741f67fe88c796e2e9b9472
000002:9c804b88749f72f19bf2d6ad,process,000002,catalog-4e45bb06c9d03ab3,eHorus,rmm,name:ehorus_launcher.exe,ehorus_launcher.exe,,1517,f483c46933a6c284e62d665a250c3e3f9d4582ea8741f67fe88c796e2e9b9472
000002:9cf87ec7ccdf7952e5856c62,process,000002,catalog-5be3c1a6f2f415c7,SmarTTY,rmm,name:smartty.exe,smartty.exe,,1517,f483c46933a6c284e62d665a250c3e3f9d4582ea8741f67fe88c796e2e9b9472
000002:9d2e53e24a3cf7aeb8ec9c89,process,000002,catalog-c52e6b18e0f32d9f,CloudFlare Tunnel,rmm,name:cloudflared.exe,cloudflared.exe,,1517,f483c46933a6c284e62d665a250c3e3f9d4582ea8741f67fe88c796e2e9b9472
000002:9d37381f3dfd45686ed9380a,domain,000002,catalog-0c04e115d9103dc6,tmate,rmm,host:tmate.io,tmate.io,tmate.io,1517,f483c46933a6c284e62d665a250c3e3f9d4582ea8741f67fe88c796e2e9b9472
000002:9d65448fb7426e328a3cef4d,domain,000002,catalog-da546cb1ba31fa12,NTR Remote,rmm,host:ntrsupport.com,*.ntrsupport.com,ntrsupport.com,1517,f483c46933a6c284e62d665a250c3e3f9d4582ea8741f67fe88c796e2e9b9472
000002:9d6b43dbeb174b77b17abca0,domain,000002,catalog-9e62779bf3ea2cee,SkyFex,rmm,host:skyfex.com,skyfex.com,skyfex.com,1517,f483c46933a6c284e62d665a250c3e3f9d4582ea8741f67fe88c796e2e9b9472
000002:9d707c9eba3b4f4590579ac6,domain,000002,zoho-assist,Zoho Assist,rmm,host:zohoassist.jp,*.zohoassist.jp,zohoassist.jp,1517,f483c46933a6c284e62d665a250c3e3f9d4582ea8741f67fe88c796e2e9b9472
000002:9d78b713c5f40018b5d7a153,domain,000002,catalog-e80ce2afc356e7b4,Parsec,rmm,host:parsec.app,parsec.app,parsec.app,1517,f483c46933a6c284e62d665a250c3e3f9d4582ea8741f67fe88c796e2e9b9472
000002:9db44861275efea6b0a29b30,process,000002,catalog-8bb0e13358b13690,Tanium,rmm,name:taniumclient.exe,taniumclient.exe,,1517,f483c46933a6c284e62d665a250c3e3f9d4582ea8741f67fe88c796e2e9b9472
000002:9dc1152c2b868fa2d8e95016,process,000002,catalog-90e9757057a183fb,ZeroTier,rmm,name:zero-powershell.exe,zero-powershell.exe,,1517,f483c46933a6c284e62d665a250c3e3f9d4582ea8741f67fe88c796e2e9b9472
000002:9ddcdd53c037248cdb5261d1,domain,000002,catalog-9de6935b812ac8af,Duet Display,rmm,host:duetdisplay.com,duetdisplay.com,duetdisplay.com,1517,f483c46933a6c284e62d665a250c3e3f9d4582ea8741f67fe88c796e2e9b9472
000002:9df2cb99a0fa5b0f512ade42,domain,000002,endpoint-central,ManageEngine Endpoint Central,management,host:desktopcentral.manageengine.com.eu,desktopcentral.manageengine.com.eu,desktopcentral.manageengine.com.eu,1517,f483c46933a6c284e62d665a250c3e3f9d4582ea8741f67fe88c796e2e9b9472
000002:9e4b1d9f8e91b4d87dca69fc,domain,000002,catalog-6a096d2757224f84,Distant Desktop,rmm,host:signalserver.xyz,*.signalserver.xyz,signalserver.xyz,1517,f483c46933a6c284e62d665a250c3e3f9d4582ea8741f67fe88c796e2e9b9472
000002:9e53602e7e13f245c87bcc0d,process,000002,catalog-e6dde8683d2b2937,Lavawall,rmm,name:lavawallwin.exe,lavawallwin.exe,,1517,f483c46933a6c284e62d665a250c3e3f9d4582ea8741f67fe88c796e2e9b9472
000002:9e764cae0ceadeaa7f0950e0,process,000002,catalog-42e50b829f949d47,Monitic,rmm,name:amon.exe,amon.exe,,1517,f483c46933a6c284e62d665a250c3e3f9d4582ea8741f67fe88c796e2e9b9472
000002:9e77be02070cfb79b2a24431,process,000002,catalog-3694a3d7392f1b09,Faronics Insight,rmm,name:studentsvc.exe,studentsvc.exe,,1517,f483c46933a6c284e62d665a250c3e3f9d4582ea8741f67fe88c796e2e9b9472
000002:9e921ebae81f96ce0f030b06,process,000002,quickassist,Microsoft Quick Assist,rmm,name:quickassist.exe,quickassist.exe,,1517,f483c46933a6c284e62d665a250c3e3f9d4582ea8741f67fe88c796e2e9b9472
000002:9ef80846d8e8d9c9de45a1c1,process,000002,ambiguous-11941370ff0fa4fc,Ambiguous: Connectwise Automate (LabTech) / LabTech RMM (Now ConnectWise Automate),ambiguous,name:lttray.exe,lttray.exe,,1517,f483c46933a6c284e62d665a250c3e3f9d4582ea8741f67fe88c796e2e9b9472
000002:9f0fb01703fbeb34775680f9,process,000002,catalog-3e93ab9fa5a4e67f,Itarian,rmm,name:itsmrsp.exe,itsmrsp.exe,,1517,f483c46933a6c284e62d665a250c3e3f9d4582ea8741f67fe88c796e2e9b9472
000002:9f2253777a659c456a1e07a1,domain,000002,catalog-8902bceb12b18d52,LANDesk,rmm,host:ivanticloud.com,*.ivanticloud.com,ivanticloud.com,1517,f483c46933a6c284e62d665a250c3e3f9d4582ea8741f67fe88c796e2e9b9472
000002:9f293544ca3613326df357dc,domain,000002,catalog-1709305c9fa966d1,Level,rmm,host:builds.level.io,builds.level.io,builds.level.io,1517,f483c46933a6c284e62d665a250c3e3f9d4582ea8741f67fe88c796e2e9b9472
000002:9f9f6d49afa960acce41ac0c,process,000002,catalog-8f5492f7abd355d2,KHelpDesk,rmm,name:khelpdesk.exe,khelpdesk.exe,,1517,f483c46933a6c284e62d665a250c3e3f9d4582ea8741f67fe88c796e2e9b9472
000002:9fa2b27e12562638027a990d,domain,000002,catalog-19b198de7105fe49,Freshservice,rmm,host:apicdn-wchat.freshchat.com,apicdn-wchat.freshchat.com,apicdn-wchat.freshchat.com,1517,f483c46933a6c284e62d665a250c3e3f9d4582ea8741f67fe88c796e2e9b9472
000002:9fdff8ae56581fabdcd8c43a,process,000002,catalog-29e7961dd818e511,Remobo,rmm,name:remobo_client.exe,remobo_client.exe,,1517,f483c46933a6c284e62d665a250c3e3f9d4582ea8741f67fe88c796e2e9b9472
000002:9fe89b4f26847bd40533e615,process,000002,catalog-510fd4be305ad43e,Mikogo,rmm,name:mikogolauncher.exe,mikogolauncher.exe,,1517,f483c46933a6c284e62d665a250c3e3f9d4582ea8741f67fe88c796e2e9b9472
000002:a00ccfb46f3d59d75ddf8899,domain,000002,catalog-93115f6856c5fec3,NetBird,rmm,host:relay.netbird.io,relay.netbird.io,relay.netbird.io,1517,f483c46933a6c284e62d665a250c3e3f9d4582ea8741f67fe88c796e2e9b9472
000002:a0283616ae50a6c54a6e04ba,process,000002,ambiguous-be6988f3119dbfd2,Ambiguous: Remote Utilities / RemoteUtilities,ambiguous,name:rutview.exe,rutview.exe,,1517,f483c46933a6c284e62d665a250c3e3f9d4582ea8741f67fe88c796e2e9b9472
000002:a041a726571acbc226dde876,domain,000002,catalog-54d05f68342f7b10,GLPI Agent,rmm,host:nightly.glpi-project.org,nightly.glpi-project.org,nightly.glpi-project.org,1517,f483c46933a6c284e62d665a250c3e3f9d4582ea8741f67fe88c796e2e9b9472
000002:a09dc8287525d98e38006a09,process,000002,catalog-63161cd474be006f,LiteManager,rmm,name:romserver.exe,romserver.exe,,1517,f483c46933a6c284e62d665a250c3e3f9d4582ea8741f67fe88c796e2e9b9472
000002:a0e823fd79b140962f492369,process,000002,catalog-4ff6a47a34b0e00c,GoToAssist,rmm,name:gotoassist.exe,gotoassist.exe,,1517,f483c46933a6c284e62d665a250c3e3f9d4582ea8741f67fe88c796e2e9b9472
000002:a1172949522ef3ea063e4dd3,process,000002,catalog-19b198de7105fe49,Freshservice,rmm,name:freshservice.discoveryprobe.progressbar.exe,freshservice.discoveryprobe.progressbar.exe,,1517,f483c46933a6c284e62d665a250c3e3f9d4582ea8741f67fe88c796e2e9b9472
000002:a118664f9b20fe625d49dc50,process,000002,catalog-b848a2bdf46cc5e6,mRemoteNG,rmm,name:mremoteng.exe,mremoteng.exe,,1517,f483c46933a6c284e62d665a250c3e3f9d4582ea8741f67fe88c796e2e9b9472
000002:a1e027b0963dcd0c681a2cd6,domain,000002,catalog-53b6d6d5420e470d,VIZOR,rmm,host:metaquest.com,metaquest.com,metaquest.com,1517,f483c46933a6c284e62d665a250c3e3f9d4582ea8741f67fe88c796e2e9b9472
000002:a1f662ef1afdfbb9f78ea558,process,000002,catalog-b537055995d73100,OCS inventory,rmm,name:ocsservice.exe,ocsservice.exe,,1517,f483c46933a6c284e62d665a250c3e3f9d4582ea8741f67fe88c796e2e9b9472
000002:a2204a3207787a70d70747ff,domain,000002,catalog-93115f6856c5fec3,NetBird,rmm,host:googl-165a0.web.app,googl-165a0.web.app,googl-165a0.web.app,1517,f483c46933a6c284e62d665a250c3e3f9d4582ea8741f67fe88c796e2e9b9472
000002:a2313467f5b63015beefd470,process,000002,catalog-88d90e2eef3374ce,Tailscale,rmm,name:tailscaled.exe,tailscaled.exe,,1517,f483c46933a6c284e62d665a250c3e3f9d4582ea8741f67fe88c796e2e9b9472
000002:a2489de2ff289f32b0f6581b,process,000002,catalog-6dc7ffa4255666fe,Adobe Connect,rmm,name:connectappsetup.exe,connectappsetup.exe,,1517,f483c46933a6c284e62d665a250c3e3f9d4582ea8741f67fe88c796e2e9b9472
000002:a2e7bdd118533c95f6ecf39f,process,000002,catalog-19b198de7105fe49,Freshservice,rmm,name:freshservice.discoveryprobe.window.exe,freshservice.discoveryprobe.window.exe,,1517,f483c46933a6c284e62d665a250c3e3f9d4582ea8741f67fe88c796e2e9b9472
000002:a2ee1a7043b94534121da6c8,domain,000002,catalog-3694a3d7392f1b09,Faronics Insight,rmm,host:docs.faronics.com,docs.faronics.com,docs.faronics.com,1517,f483c46933a6c284e62d665a250c3e3f9d4582ea8741f67fe88c796e2e9b9472
000002:a2f87ca7a6c6d95676ff4a86,domain,000002,catalog-f97fd28a28d4e8c5,Gorelo RMM,rmm,host:app.gorelo.io,app.gorelo.io,app.gorelo.io,1517,f483c46933a6c284e62d665a250c3e3f9d4582ea8741f67fe88c796e2e9b9472
000002:a3235f33455246e905bf8141,process,000002,catalog-a25d42512a1c11c8,Bluetrait,rmm,name:bluetrait msp agent.exe,bluetrait msp agent.exe,,1517,f483c46933a6c284e62d665a250c3e3f9d4582ea8741f67fe88c796e2e9b9472
000002:a39bfae3b8bac7645e6b168b,process,000002,catalog-bcaaa38f1a847568,Zecurit,rmm,name:zecuritlivenotifier.exe,zecuritlivenotifier.exe,,1517,f483c46933a6c284e62d665a250c3e3f9d4582ea8741f67fe88c796e2e9b9472
000002:a3c1510f1c99d1fa6dbd4e31,process,000002,catalog-117455c3b09c8245,Rapid7,rmm,name:ir_agent.exe,ir_agent.exe,,1517,f483c46933a6c284e62d665a250c3e3f9d4582ea8741f67fe88c796e2e9b9472
000002:a3dcf54d0db8548aee362a7f,domain,000002,catalog-a7a0753bb8051d2b,N-able N-central,rmm,host:comserver.us1.mspa.n-able.com,comserver.us1.mspa.n-able.com,comserver.us1.mspa.n-able.com,1517,f483c46933a6c284e62d665a250c3e3f9d4582ea8741f67fe88c796e2e9b9472
000002:a3e157d22ce0e6d44faf0f2f,domain,000002,catalog-bd598b0060473e1f,HopToDesk,rmm,host:www.hoptodesk.com,www.hoptodesk.com,www.hoptodesk.com,1517,f483c46933a6c284e62d665a250c3e3f9d4582ea8741f67fe88c796e2e9b9472
000002:a4081c626bec8987c148825a,domain,000002,catalog-2fd814c3858c735c,NinjaRMM,rmm,host:rmmservice.com.au,*.rmmservice.com.au,rmmservice.com.au,1517,f483c46933a6c284e62d665a250c3e3f9d4582ea8741f67fe88c796e2e9b9472
000002:a43778a017c4b8964161cb35,domain,000002,catalog-c52e6b18e0f32d9f,CloudFlare Tunnel,rmm,host:us-region2.v2.argotunnel.com,us-region2.v2.argotunnel.com,us-region2.v2.argotunnel.com,1517,f483c46933a6c284e62d665a250c3e3f9d4582ea8741f67fe88c796e2e9b9472
000002:a43dfedd9c184f8a92f8ce4a,domain,000002,catalog-298f0633da0496bf,Visual Studio Dev Tunnel,rmm,host:devtunnels.ms,*.devtunnels.ms,devtunnels.ms,1517,f483c46933a6c284e62d665a250c3e3f9d4582ea8741f67fe88c796e2e9b9472
000002:a43f3333055f7d12980bd085,process,000002,catalog-7f0822b54c156995,ScreenMeet,rmm,name:screenmeet.support.exe,screenmeet.support.exe,,1517,f483c46933a6c284e62d665a250c3e3f9d4582ea8741f67fe88c796e2e9b9472
000002:a44e8306339fe348b51213f7,domain,000002,catalog-b11823ea2cb74c56,N-Able Advanced Monitoring Agent,rmm,host:systemmonitor.co.uk,*.systemmonitor.co.uk,systemmonitor.co.uk,1517,f483c46933a6c284e62d665a250c3e3f9d4582ea8741f67fe88c796e2e9b9472
000002:a48ba825766be87a697adcee,process,000002,catalog-3694a3d7392f1b09,Faronics Insight,rmm,name:fistudentagent.exe,fistudentagent.exe,,1517,f483c46933a6c284e62d665a250c3e3f9d4582ea8741f67fe88c796e2e9b9472
000002:a4a17f0970b0079b5a5eb4c4,domain,000002,catalog-33a7ed21a570d883,GatherPlace-desktop sharing,rmm,host:gatherplace.net,*.gatherplace.net,gatherplace.net,1517,f483c46933a6c284e62d665a250c3e3f9d4582ea8741f67fe88c796e2e9b9472
000002:a4cc9e6aac89ad742a005ccf,process,000002,endpoint-central,ManageEngine Endpoint Central,management,name:dcagentregister.exe,dcagentregister.exe,,1517,f483c46933a6c284e62d665a250c3e3f9d4582ea8741f67fe88c796e2e9b9472
000002:a4dce7ef85a693fef00954b3,domain,000002,catalog-5463f7cb4814e95b,Syspectr,rmm,host:syspectr.com,syspectr.com,syspectr.com,1517,f483c46933a6c284e62d665a250c3e3f9d4582ea8741f67fe88c796e2e9b9472
000002:a4ff2ceb1c783c867bbbfc16,domain,000002,catalog-fed45d5486df3eda,PDQ Connect,rmm,host:cfcdn.pdq.com,cfcdn.pdq.com,cfcdn.pdq.com,1517,f483c46933a6c284e62d665a250c3e3f9d4582ea8741f67fe88c796e2e9b9472
000002:a5128cedbcd153e1cb9a2637,process,000002,catalog-8902bceb12b18d52,LANDesk,rmm,name:landeskportalmanager.exe,landeskportalmanager.exe,,1517,f483c46933a6c284e62d665a250c3e3f9d4582ea8741f67fe88c796e2e9b9472
000002:a529aae6deadb6bbd979e3bb,process,000002,catalog-fc5e79df91209451,PSEXEC (Clone),rmm,name:xcmdsvc.exe,xcmdsvc.exe,,1517,f483c46933a6c284e62d665a250c3e3f9d4582ea8741f67fe88c796e2e9b9472
000002:a54ec71490ae7354825060bc,process,000002,ambiguous-89f99260fb3efa6d,Ambiguous: Netviewer / Netviewer (GoToMeet),ambiguous,name:netviewer.exe,netviewer.exe,,1517,f483c46933a6c284e62d665a250c3e3f9d4582ea8741f67fe88c796e2e9b9472
000002:a557b63200bd9c7d8b66508a,domain,000002,catalog-23e83aebc0d2d846,RemotePC,rmm,host:remotepc.com,*.remotepc.com,remotepc.com,1517,f483c46933a6c284e62d665a250c3e3f9d4582ea8741f67fe88c796e2e9b9472
000002:a5c5a911726bbb2cc2e1834b,domain,000002,catalog-5128db8cd4ae8dec,Comodo RMM,rmm,host:itsm-us1.comodo.com,*.itsm-us1.comodo.com,itsm-us1.comodo.com,1517,f483c46933a6c284e62d665a250c3e3f9d4582ea8741f67fe88c796e2e9b9472
000002:a5d3e5b5405fd7f8af8eac8f,domain,000002,site24x7,Site24x7,management,host:site24x7.eu,plus*.site24x7.eu,site24x7.eu,1517,f483c46933a6c284e62d665a250c3e3f9d4582ea8741f67fe88c796e2e9b9472
000002:a5d80b3ebf26654432015cd9,domain,000002,catalog-5128db8cd4ae8dec,Comodo RMM,rmm,host:mdmsupport.comodo.com,*.mdmsupport.comodo.com,mdmsupport.comodo.com,1517,f483c46933a6c284e62d665a250c3e3f9d4582ea8741f67fe88c796e2e9b9472
000002:a5e6c96677679d2714511402,process,000002,catalog-a048362b91f0d448,MSP360,rmm,name:cloudrautilities.exe,cloudrautilities.exe,,1517,f483c46933a6c284e62d665a250c3e3f9d4582ea8741f67fe88c796e2e9b9472
000002:a640fbc5e72ed38fb4de7d58,domain,000002,catalog-4aa53e7ac73606db,RemSupp,rmm,host:api.remsupp.com,api.remsupp.com,api.remsupp.com,1517,f483c46933a6c284e62d665a250c3e3f9d4582ea8741f67fe88c796e2e9b9472
000002:a69af3ce29ba7e5cb99d54e8,domain,000002,catalog-1e56767c5f9119ca,Overlord,rmm,host:ngrok.com,*.ngrok.com,ngrok.com,1517,f483c46933a6c284e62d665a250c3e3f9d4582ea8741f67fe88c796e2e9b9472
000002:a6bdb676db2dcded542df289,process,000002,catalog-8bb0e13358b13690,Tanium,rmm,name:taniumexecwrapper.exe,taniumexecwrapper.exe,,1517,f483c46933a6c284e62d665a250c3e3f9d4582ea8741f67fe88c796e2e9b9472
000002:a6fa3faf24be854d463149b3,process,000002,catalog-d1fc19d1996882e6,ExtraPuTTY,rmm,name:extraputty-0.30-2016-01-28-installer.exe,extraputty-0.30-2016-01-28-installer.exe,,1517,f483c46933a6c284e62d665a250c3e3f9d4582ea8741f67fe88c796e2e9b9472
000002:a6fa61ea0de284b7447999c4,domain,000002,catalog-b11823ea2cb74c56,N-Able Advanced Monitoring Agent,rmm,host:n-able.com,*.n-able.com,n-able.com,1517,f483c46933a6c284e62d665a250c3e3f9d4582ea8741f67fe88c796e2e9b9472
000002:a74806675662c8f9d8d7c076,process,000002,chrome-remote-desktop,Chrome Remote Desktop,rmm,name:remoting_me2me_host_service,remoting_me2me_host_service,,1517,f483c46933a6c284e62d665a250c3e3f9d4582ea8741f67fe88c796e2e9b9472
000002:a75892d8837c1da790082222,domain,000002,catalog-ef558bf2c1aec2db,NoMachine,rmm,host:nomachine.com,nomachine.com,nomachine.com,1517,f483c46933a6c284e62d665a250c3e3f9d4582ea8741f67fe88c796e2e9b9472
000002:a76926839c1656fcb28d99b3,process,000002,catalog-9a56c56eb4d47199,RemoteCall,rmm,name:raautoup.exe,raautoup.exe,,1517,f483c46933a6c284e62d665a250c3e3f9d4582ea8741f67fe88c796e2e9b9472
000002:a76b833f7db616fcb3737110,process,000002,catalog-19b198de7105fe49,Freshservice,rmm,name:autoupdate.exe,autoupdate.exe,,1517,f483c46933a6c284e62d665a250c3e3f9d4582ea8741f67fe88c796e2e9b9472
000002:a7bec52e1a5d3aadd417d9c5,process,000002,zoho-assist,Zoho Assist,rmm,name:zohoursservice.exe,zohoursservice.exe,,1517,f483c46933a6c284e62d665a250c3e3f9d4582ea8741f67fe88c796e2e9b9472
000002:a7fb60f8d32db2bcb0c70f32,domain,000002,catalog-88d90e2eef3374ce,Tailscale,rmm,host:tailscale.com,tailscale.com,tailscale.com,1517,f483c46933a6c284e62d665a250c3e3f9d4582ea8741f67fe88c796e2e9b9472
000002:a815d17dc60c2959aedea70a,domain,000002,catalog-d043a7494658fcf0,SetMe PRO,rmm,host:set.me,*.set.me,set.me,1517,f483c46933a6c284e62d665a250c3e3f9d4582ea8741f67fe88c796e2e9b9472
000002:a85b3682f75946835a5a6a93,domain,000002,catalog-04b0540266845c60,Weezo,rmm,host:weezo.en.softonic.com,weezo.en.softonic.com,weezo.en.softonic.com,1517,f483c46933a6c284e62d665a250c3e3f9d4582ea8741f67fe88c796e2e9b9472
000002:a8900bec7690c5d1111268ea,domain,000002,catalog-53b6d6d5420e470d,VIZOR,rmm,host:vector-networks.com,vector-networks.com,vector-networks.com,1517,f483c46933a6c284e62d665a250c3e3f9d4582ea8741f67fe88c796e2e9b9472
000002:a8c62aadf781f05b4a9a3226,domain,000002,catalog-c52e6b18e0f32d9f,CloudFlare Tunnel,rmm,host:cftunnel.com,cftunnel.com,cftunnel.com,1517,f483c46933a6c284e62d665a250c3e3f9d4582ea8741f67fe88c796e2e9b9472
000002:a8ccf44a1aed9701b9027a7b,process,000002,catalog-d96fc5f7a4b802b5,DameWare,rmm,name:dameware remote support.exe,dameware remote support.exe,,1517,f483c46933a6c284e62d665a250c3e3f9d4582ea8741f67fe88c796e2e9b9472
000002:a910baaf167c9856eec7aecb,domain,000002,catalog-8bb0e13358b13690,Tanium,rmm,host:cloud.tanium.com,*.cloud.tanium.com,cloud.tanium.com,1517,f483c46933a6c284e62d665a250c3e3f9d4582ea8741f67fe88c796e2e9b9472
000002:a991f995f132568c98b9a654,process,000002,catalog-53b6d6d5420e470d,VIZOR,rmm,name:lusmbios32.exe,lusmbios32.exe,,1517,f483c46933a6c284e62d665a250c3e3f9d4582ea8741f67fe88c796e2e9b9472
000002:aa4a221c899b7161e996f045,process,000002,catalog-8902bceb12b18d52,LANDesk,rmm,name:ldinv32.exe,ldinv32.exe,,1517,f483c46933a6c284e62d665a250c3e3f9d4582ea8741f67fe88c796e2e9b9472
000002:aa69a150bd4a5041a308dabe,process,000002,catalog-8e505bee2a84aaa8,GoToMyPC,rmm,name:g2mtranscoder.exe,g2mtranscoder.exe,,1517,f483c46933a6c284e62d665a250c3e3f9d4582ea8741f67fe88c796e2e9b9472
000002:aa7307f0f0f137dcef364156,process,000002,catalog-61b1d2fa61d24490,PSEXEC,rmm,name:psexec.exe,psexec.exe,,1517,f483c46933a6c284e62d665a250c3e3f9d4582ea8741f67fe88c796e2e9b9472
000002:aa790930979be2225523422f,process,000002,catalog-df65e7533d62a81a,Faronics Deep Freeze,rmm,name:dfstdinstall.exe,dfstdinstall.exe,,1517,f483c46933a6c284e62d665a250c3e3f9d4582ea8741f67fe88c796e2e9b9472
000002:aa8efebf7f5611a8039bc9ff,process,000002,catalog-de04c50288dafa94,Kaseya (VSA),rmm,name:kausrtsk.exe,kausrtsk.exe,,1517,f483c46933a6c284e62d665a250c3e3f9d4582ea8741f67fe88c796e2e9b9472
000002:aab266b4f61adec8b904740f,process,000002,catalog-bd598b0060473e1f,HopToDesk,rmm,name:hoptodesk.exe,hoptodesk.exe,,1517,f483c46933a6c284e62d665a250c3e3f9d4582ea8741f67fe88c796e2e9b9472
000002:aac29df805dda298d08677ca,process,000002,catalog-d6c2b40eb8a4b01c,HeartbeatRM,rmm,name:hbrm-updater-x64.exe,hbrm-updater-x64.exe,,1517,f483c46933a6c284e62d665a250c3e3f9d4582ea8741f67fe88c796e2e9b9472
000002:aac99b786eb187a2013a89c1,process,000002,catalog-9b7c9820ef5da6fc,AnyViewer,rmm,name:rcservice.exe,rcservice.exe,,1517,f483c46933a6c284e62d665a250c3e3f9d4582ea8741f67fe88c796e2e9b9472
000002:aaf54322df93fc58292cca11,domain,000002,catalog-84b6f03ebe1a7594,ngrok,rmm,host:ngrok.io,*.ngrok.io,ngrok.io,1517,f483c46933a6c284e62d665a250c3e3f9d4582ea8741f67fe88c796e2e9b9472
000002:ab06fe8afc3c43c91115330c,domain,000002,catalog-156d8f82ee60a049,Faronics Core,rmm,host:faronics.com,faronics.com,faronics.com,1517,f483c46933a6c284e62d665a250c3e3f9d4582ea8741f67fe88c796e2e9b9472
000002:ab15fbf931bb5842d77c7f72,process,000002,catalog-8c39d368ca004ef0,Jump Desktop,rmm,name:jumpdesktop.exe,jumpdesktop.exe,,1517,f483c46933a6c284e62d665a250c3e3f9d4582ea8741f67fe88c796e2e9b9472
000002:ab3218f7aea32044f1edf208,process,000002,catalog-3ceffa3a22405883,iDrive,rmm,name:idriveeclassic.exe,idriveeclassic.exe,,1517,f483c46933a6c284e62d665a250c3e3f9d4582ea8741f67fe88c796e2e9b9472
000002:ab7302bffcc0dbc5f3df7502,process,000002,catalog-543a001c2a608d33,Quest KACE Agent (formerly Dell KACE),rmm,name:konea.exe,konea.exe,,1517,f483c46933a6c284e62d665a250c3e3f9d4582ea8741f67fe88c796e2e9b9472
000002:abca208534c3c44282998fd1,process,000002,catalog-47d751a25665480e,TiFLUX,rmm,name:tiupdateservice.exe,tiupdateservice.exe,,1517,f483c46933a6c284e62d665a250c3e3f9d4582ea8741f67fe88c796e2e9b9472
000002:abeef446004a9ac3293237ca,process,000002,catalog-79f52aadf000fb06,IntelliAdmin Remote Control,rmm,name:agent32.exe,agent32.exe,,1517,f483c46933a6c284e62d665a250c3e3f9d4582ea8741f67fe88c796e2e9b9472
000002:abf06963756b926e461f4096,process,000002,catalog-6063b128eb1f4eba,ControlR,rmm,name:controlr.agent.exe,controlr.agent.exe,,1517,f483c46933a6c284e62d665a250c3e3f9d4582ea8741f67fe88c796e2e9b9472
000002:ac097238d09af79f37e9fd85,process,000002,catalog-3ceffa3a22405883,iDrive,rmm,name:idrivewinsetup.exe,idrivewinsetup.exe,,1517,f483c46933a6c284e62d665a250c3e3f9d4582ea8741f67fe88c796e2e9b9472
000002:ac26b3f95a2fc77f8c842c15,domain,000002,catalog-de04c50288dafa94,Kaseya (VSA),rmm,host:kaseya.net,*.kaseya.net,kaseya.net,1517,f483c46933a6c284e62d665a250c3e3f9d4582ea8741f67fe88c796e2e9b9472
000002:ac3711e81d4f45f3b71fc4f3,process,000002,catalog-fb833f5663bf1c70,I'm InTouch,rmm,name:intouch.exe,intouch.exe,,1517,f483c46933a6c284e62d665a250c3e3f9d4582ea8741f67fe88c796e2e9b9472
000002:ac850738fde986d8d7c188b6,domain,000002,catalog-242c79e740f62c4e,Remmon,rmm,host:remmon.hu,remmon.hu,remmon.hu,1517,f483c46933a6c284e62d665a250c3e3f9d4582ea8741f67fe88c796e2e9b9472
000002:ad06677e190c98c33ccff596,process,000002,catalog-8e505bee2a84aaa8,GoToMyPC,rmm,name:g2comm.exe,g2comm.exe,,1517,f483c46933a6c284e62d665a250c3e3f9d4582ea8741f67fe88c796e2e9b9472
000002:ad4ee2fbea20209919f740ba,process,000002,catalog-8902bceb12b18d52,LANDesk,rmm,name:softmon.exe,softmon.exe,,1517,f483c46933a6c284e62d665a250c3e3f9d4582ea8741f67fe88c796e2e9b9472
000002:ad66e53fa705e9f156dea116,domain,000002,catalog-3ceffa3a22405883,iDrive,rmm,host:idrive.com,*.idrive.com,idrive.com,1517,f483c46933a6c284e62d665a250c3e3f9d4582ea8741f67fe88c796e2e9b9472
000002:add818b9e73811bc933e2b12,process,000002,catalog-48eae8f12dce9ed7,MyIVO,rmm,name:myivomgr.exe,myivomgr.exe,,1517,f483c46933a6c284e62d665a250c3e3f9d4582ea8741f67fe88c796e2e9b9472
000002:ade238ba91b0e7d03eabffde,domain,000002,catalog-8ea1b8036102ba70,Teleport Connect,rmm,host:cdn.teleport.dev,cdn.teleport.dev,cdn.teleport.dev,1517,f483c46933a6c284e62d665a250c3e3f9d4582ea8741f67fe88c796e2e9b9472
000002:adf0ef48a66e523d6e4cc731,process,000002,catalog-3e93ab9fa5a4e67f,Itarian,rmm,name:raccess.exe,raccess.exe,,1517,f483c46933a6c284e62d665a250c3e3f9d4582ea8741f67fe88c796e2e9b9472
000002:ae02d723ed56b45d7934f745,process,000002,catalog-dc6f3e6eb98fbaae,TrustConnect,rmm,name:docconnect.agent.exe,docconnect.agent.exe,,1517,f483c46933a6c284e62d665a250c3e3f9d4582ea8741f67fe88c796e2e9b9472
000002:ae32f5e4b57a09060e6819c6,process,000002,ambiguous-88366ae6358b2416,Ambiguous: Pandora RC (eHorus) / eHorus,ambiguous,name:ehorus_agent.exe,ehorus_agent.exe,,1517,f483c46933a6c284e62d665a250c3e3f9d4582ea8741f67fe88c796e2e9b9472
000002:ae4c2f9f93d2381bda2ffa89,domain,000002,catalog-23e83aebc0d2d846,RemotePC,rmm,host:www.remotepc.com,www.remotepc.com,www.remotepc.com,1517,f483c46933a6c284e62d665a250c3e3f9d4582ea8741f67fe88c796e2e9b9472
000002:ae5e3ea43c37e501217e389d,domain,000002,catalog-33a7ed21a570d883,GatherPlace-desktop sharing,rmm,host:gatherplace.com,gatherplace.com,gatherplace.com,1517,f483c46933a6c284e62d665a250c3e3f9d4582ea8741f67fe88c796e2e9b9472
000002:ae9fcbb965c13b99e3a09712,process,000002,catalog-e8891772379fac13,Syncro,rmm,name:syncro.app.runner.exe,syncro.app.runner.exe,,1517,f483c46933a6c284e62d665a250c3e3f9d4582ea8741f67fe88c796e2e9b9472
000002:aed270b5de3cd4d5c94c189e,process,000002,catalog-74d3c028dbb300fc,NetSupport Manager,rmm,name:remcmdstub.exe,remcmdstub.exe,,1517,f483c46933a6c284e62d665a250c3e3f9d4582ea8741f67fe88c796e2e9b9472
000002:af4194f37cc79d27fd58fc3e,domain,000002,catalog-6fb0db047c3a739e,Vicarius vRx,rmm,host:vicarius-eu-central-1-release.s3.amazonaws.com,vicarius-eu-central-1-release.s3.amazonaws.com,vicarius-eu-central-1-release.s3.amazonaws.com,1517,f483c46933a6c284e62d665a250c3e3f9d4582ea8741f67fe88c796e2e9b9472
000002:af41afd061917918522a2758,domain,000002,catalog-b848a2bdf46cc5e6,mRemoteNG,rmm,host:mremoteng.org,mremoteng.org,mremoteng.org,1517,f483c46933a6c284e62d665a250c3e3f9d4582ea8741f67fe88c796e2e9b9472
000002:af481d243d5beeb91b13cb90,process,000002,catalog-3ebdfee426cceb46,Atera,rmm,name:agentpackagetaskscheduler.exe,agentpackagetaskscheduler.exe,,1517,f483c46933a6c284e62d665a250c3e3f9d4582ea8741f67fe88c796e2e9b9472
000002:afa948e93d2bb75a07d2ee69,process,000002,catalog-80367b185343ba4e,Senso.cloud,rmm,name:sensoclient.exe,sensoclient.exe,,1517,f483c46933a6c284e62d665a250c3e3f9d4582ea8741f67fe88c796e2e9b9472
000002:afe9eea5d48bb75cbf796486,domain,000002,catalog-748871b38df3c11d,LocalXpose,rmm,host:localxpose.io,localxpose.io,localxpose.io,1517,f483c46933a6c284e62d665a250c3e3f9d4582ea8741f67fe88c796e2e9b9472
000002:afeb59992bd5cb9f98f62a6d,process,000002,catalog-29fc52e7e8a4177c,ESET Remote Administrator,rmm,name:eraagent.exe,eraagent.exe,,1517,f483c46933a6c284e62d665a250c3e3f9d4582ea8741f67fe88c796e2e9b9472
000002:b00aaa8a0610cda9ff814436,domain,000002,zoho-assist,Zoho Assist,rmm,host:zoho.com.cn,*.zoho.com.cn,zoho.com.cn,1517,f483c46933a6c284e62d665a250c3e3f9d4582ea8741f67fe88c796e2e9b9472
000002:b01482ce43719b313c4c56e4,process,000002,catalog-fb535f7336732657,RAdmin,rmm,name:rserver3.exe,rserver3.exe,,1517,f483c46933a6c284e62d665a250c3e3f9d4582ea8741f67fe88c796e2e9b9472
000002:b018e0637784fbd1a8ea5497,domain,000002,catalog-8c39d368ca004ef0,Jump Desktop,rmm,host:jumpto.me,jumpto.me,jumpto.me,1517,f483c46933a6c284e62d665a250c3e3f9d4582ea8741f67fe88c796e2e9b9472
000002:b022c3a70f45ccd2920f4c48,domain,000002,catalog-edc77597bb699a1d,Faronics Deploy,rmm,host:upd.faronicslabs.com,upd.faronicslabs.com,upd.faronicslabs.com,1517,f483c46933a6c284e62d665a250c3e3f9d4582ea8741f67fe88c796e2e9b9472
000002:b03255814233e823e48bb53b,domain,000002,catalog-70e7fa11e2474af8,GetScreen,rmm,host:go.getscreen.me,go.getscreen.me,go.getscreen.me,1517,f483c46933a6c284e62d665a250c3e3f9d4582ea8741f67fe88c796e2e9b9472
000002:b0473fa8d7bf406e530da0c8,domain,000002,catalog-04b0540266845c60,Weezo,rmm,host:weezo.net,*.weezo.net,weezo.net,1517,f483c46933a6c284e62d665a250c3e3f9d4582ea8741f67fe88c796e2e9b9472
000002:b05544a52ede69558236511a,domain,000002,catalog-932e1d256f604d98,Nezha,rmm,host:c.mid.al,c.mid.al,c.mid.al,1517,f483c46933a6c284e62d665a250c3e3f9d4582ea8741f67fe88c796e2e9b9472
000002:b06946ab152c179a32e8aa37,process,000002,catalog-2a1b90632d61ad3d,Seetrol,rmm,name:seetrolmyservice.exe,seetrolmyservice.exe,,1517,f483c46933a6c284e62d665a250c3e3f9d4582ea8741f67fe88c796e2e9b9472
000002:b070e7964f2dc2058d6dbc90,domain,000002,catalog-c52e6b18e0f32d9f,CloudFlare Tunnel,rmm,host:us-region1.v2.argotunnel.com,us-region1.v2.argotunnel.com,us-region1.v2.argotunnel.com,1517,f483c46933a6c284e62d665a250c3e3f9d4582ea8741f67fe88c796e2e9b9472
000002:b1181d3edf0c8ed1f9e16c48,domain,000002,catalog-0b9aa865d1e856dc,Tactical RMM,rmm,host:login.tailscale.com,login.tailscale.com,login.tailscale.com,1517,f483c46933a6c284e62d665a250c3e3f9d4582ea8741f67fe88c796e2e9b9472
000002:b17d1fe53140a5add699c544,process,000002,catalog-29e7961dd818e511,Remobo,rmm,name:remobo.exe,remobo.exe,,1517,f483c46933a6c284e62d665a250c3e3f9d4582ea8741f67fe88c796e2e9b9472
000002:b198aefc23f06aa7ddc76934,domain,000002,catalog-67558ae5fcbed70e,InvGate,rmm,host:instances-info.invgate.com,instances-info.invgate.com,instances-info.invgate.com,1517,f483c46933a6c284e62d665a250c3e3f9d4582ea8741f67fe88c796e2e9b9472
000002:b1da621a6a811c1b0d0d1f7c,process,000002,catalog-df254c01d3a56a2d,Allocentra,rmm,name:allocentra-agent.exe,allocentra-agent.exe,,1517,f483c46933a6c284e62d665a250c3e3f9d4582ea8741f67fe88c796e2e9b9472
000002:b1ed4b802729e093493b3664,process,000002,catalog-9a56c56eb4d47199,RemoteCall,rmm,name:remotesupportplayeru.exe,remotesupportplayeru.exe,,1517,f483c46933a6c284e62d665a250c3e3f9d4582ea8741f67fe88c796e2e9b9472
000002:b1f8639fa90e28b48faf7863,domain,000002,catalog-b65c5d5d98d6ebfc,BreezeRMM,rmm,host:eu.2breeze.app,eu.2breeze.app,eu.2breeze.app,1517,f483c46933a6c284e62d665a250c3e3f9d4582ea8741f67fe88c796e2e9b9472
000002:b23032efb6c92d62fe7975ae,domain,000002,catalog-42e50b829f949d47,Monitic,rmm,host:api.monitic.com,api.monitic.com,api.monitic.com,1517,f483c46933a6c284e62d665a250c3e3f9d4582ea8741f67fe88c796e2e9b9472
000002:b2dd519e3b9126f0de17e774,domain,000002,catalog-19b198de7105fe49,Freshservice,rmm,host:api.fdcollab.com,api.fdcollab.com,api.fdcollab.com,1517,f483c46933a6c284e62d665a250c3e3f9d4582ea8741f67fe88c796e2e9b9472
000002:b33f1058a1dc1165cc41d2c4,domain,000002,catalog-702e2cee7c16eaf7,Dataplicity,rmm,host:www.dataplicity.com,www.dataplicity.com,www.dataplicity.com,1517,f483c46933a6c284e62d665a250c3e3f9d4582ea8741f67fe88c796e2e9b9472
000002:b34285352dcc36ef3fe3d2c2,process,000002,catalog-492214590d1d2ef4,Remote.it,rmm,name:remote.it.exe,remote.it.exe,,1517,f483c46933a6c284e62d665a250c3e3f9d4582ea8741f67fe88c796e2e9b9472
000002:b35ffdce55f6a590907a3325,domain,000002,catalog-55116adb99b0850d,ShellHub,rmm,host:shellhub.io,*.shellhub.io,shellhub.io,1517,f483c46933a6c284e62d665a250c3e3f9d4582ea8741f67fe88c796e2e9b9472
000002:b3658c2d660bbc87234431a5,domain,000002,catalog-19b198de7105fe49,Freshservice,rmm,host:freshcloud.io,*.freshcloud.io,freshcloud.io,1517,f483c46933a6c284e62d665a250c3e3f9d4582ea8741f67fe88c796e2e9b9472
000002:b388eac049ab43aff819f443,domain,000002,catalog-42e50b829f949d47,Monitic,rmm,host:www.monitic.com,www.monitic.com,www.monitic.com,1517,f483c46933a6c284e62d665a250c3e3f9d4582ea8741f67fe88c796e2e9b9472
000002:b39300d63ccaa0ef1c57b876,domain,000002,catalog-a048362b91f0d448,MSP360,rmm,host:mspbackups.com,*.mspbackups.com,mspbackups.com,1517,f483c46933a6c284e62d665a250c3e3f9d4582ea8741f67fe88c796e2e9b9472
000002:b3a80df05d31ea89b29859d7,process,000002,catalog-2fd814c3858c735c,NinjaRMM,rmm,name:ninjarmm-cli.exe,ninjarmm-cli.exe,,1517,f483c46933a6c284e62d665a250c3e3f9d4582ea8741f67fe88c796e2e9b9472
000002:b3aca9d22375d0a133e8ba92,process,000002,ambiguous-c57b43c2f79ee5af,Ambiguous: Adobe Connect / MSP360 / Zoho Assist,ambiguous,name:connect.exe,connect.exe,,1517,f483c46933a6c284e62d665a250c3e3f9d4582ea8741f67fe88c796e2e9b9472
000002:b40968c54fd435575971ebab,domain,000002,catalog-a7a0753bb8051d2b,N-able N-central,rmm,host:a33d8yamkwy4nx-ats.iot.eu-west-1.amazonaws.com,a33d8yamkwy4nx-ats.iot.eu-west-1.amazonaws.com,a33d8yamkwy4nx-ats.iot.eu-west-1.amazonaws.com,1517,f483c46933a6c284e62d665a250c3e3f9d4582ea8741f67fe88c796e2e9b9472
000002:b49d61ebca8c2c6daaee7805,process,000002,catalog-bcaaa38f1a847568,Zecurit,rmm,name:zecuritcommandprocessor.exe,zecuritcommandprocessor.exe,,1517,f483c46933a6c284e62d665a250c3e3f9d4582ea8741f67fe88c796e2e9b9472
000002:b4ca82a4d897d58482b5583e,process,000002,catalog-fb833f5663bf1c70,I'm InTouch,rmm,name:iit.exe,iit.exe,,1517,f483c46933a6c284e62d665a250c3e3f9d4582ea8741f67fe88c796e2e9b9472
000002:b5058ea1fc15864cff320217,domain,000002,catalog-6a096d2757224f84,Distant Desktop,rmm,host:signalserver.xyz,signalserver.xyz,signalserver.xyz,1517,f483c46933a6c284e62d665a250c3e3f9d4582ea8741f67fe88c796e2e9b9472
000002:b515a74fea61f4e16e0972ce,process,000002,catalog-1af53446e9d2b695,Controlio,rmm,name:wemonc.exe,wemonc.exe,,1517,f483c46933a6c284e62d665a250c3e3f9d4582ea8741f67fe88c796e2e9b9472
000002:b5290edac542a99f76258376,process,000002,catalog-3e93ab9fa5a4e67f,Itarian,rmm,name:rmmservice.exe,rmmservice.exe,,1517,f483c46933a6c284e62d665a250c3e3f9d4582ea8741f67fe88c796e2e9b9472
000002:b52ff0dbe72dba4cbaa5c4bc,process,000002,catalog-53b6d6d5420e470d,VIZOR,rmm,name:cldist32.exe,cldist32.exe,,1517,f483c46933a6c284e62d665a250c3e3f9d4582ea8741f67fe88c796e2e9b9472
000002:b548ef670d32ee35985ec070,process,000002,catalog-ad52052eb74268d4,NoteOn-desktop sharing,rmm,name:nateon.exe,nateon.exe,,1517,f483c46933a6c284e62d665a250c3e3f9d4582ea8741f67fe88c796e2e9b9472
000002:b5c2435b69f395fdb47ea3eb,process,000002,catalog-b11823ea2cb74c56,N-Able Advanced Monitoring Agent,rmm,name:basupsrvccnfg.exe,basupsrvccnfg.exe,,1517,f483c46933a6c284e62d665a250c3e3f9d4582ea8741f67fe88c796e2e9b9472
000002:b600e527738d2af4c83602e7,process,000002,catalog-2a1b90632d61ad3d,Seetrol,rmm,name:seetrolclient.exe,seetrolclient.exe,,1517,f483c46933a6c284e62d665a250c3e3f9d4582ea8741f67fe88c796e2e9b9472
000002:b622ae7e021f292cc08c79c5,process,000002,catalog-19749d84bd14fcf2,Xshell,rmm,name:xshell.exe,xshell.exe,,1517,f483c46933a6c284e62d665a250c3e3f9d4582ea8741f67fe88c796e2e9b9472
000002:b624ac81491e55be53616a2e,domain,000002,catalog-b4e25d2c726f0d96,baramundi Management Suite,rmm,host:isodownload.baramundi.com,isodownload.baramundi.com,isodownload.baramundi.com,1517,f483c46933a6c284e62d665a250c3e3f9d4582ea8741f67fe88c796e2e9b9472
000002:b65be2a44df5dc158eab96fc,process,000002,catalog-c79663945a08bb60,Remotely,rmm,name:remotely_agent.exe,remotely_agent.exe,,1517,f483c46933a6c284e62d665a250c3e3f9d4582ea8741f67fe88c796e2e9b9472
000002:b66c704214b2dc50645f3c8a,process,000002,catalog-8bb0e13358b13690,Tanium,rmm,name:tpowershell.exe,tpowershell.exe,,1517,f483c46933a6c284e62d665a250c3e3f9d4582ea8741f67fe88c796e2e9b9472
000002:b680237936c0f0bb6e332999,domain,000002,catalog-6fb0db047c3a739e,Vicarius vRx,rmm,host:vicarius-eu-central-1-installer.s3.amazonaws.com,vicarius-eu-central-1-installer.s3.amazonaws.com,vicarius-eu-central-1-installer.s3.amazonaws.com,1517,f483c46933a6c284e62d665a250c3e3f9d4582ea8741f67fe88c796e2e9b9472
000002:b68755aa61a75bceb06f3670,domain,000002,catalog-67558ae5fcbed70e,InvGate,rmm,host:trust-access.invgate.com,trust-access.invgate.com,trust-access.invgate.com,1517,f483c46933a6c284e62d665a250c3e3f9d4582ea8741f67fe88c796e2e9b9472
000002:b6e01698dda08540d357675a,domain,000002,catalog-bcf387e8b38f049c,Splashtop (Beta),rmm,host:splashtop.com,splashtop.com,splashtop.com,1517,f483c46933a6c284e62d665a250c3e3f9d4582ea8741f67fe88c796e2e9b9472
000002:b6ed66c5161d3a32231c7a2e,domain,000002,todesk,ToDesk,rmm,host:todesk.com,todesk.com,todesk.com,1517,f483c46933a6c284e62d665a250c3e3f9d4582ea8741f67fe88c796e2e9b9472
000002:b7108c6c1218a2f94fa09404,domain,000002,catalog-8f0982dc67fe55d1,BeInSync,rmm,host:beinsync.net,*.beinsync.net,beinsync.net,1517,f483c46933a6c284e62d665a250c3e3f9d4582ea8741f67fe88c796e2e9b9472
000002:b75a564bd5e8133d0f48d493,process,000002,ambiguous-7cad9a0acf615bf7,Ambiguous: Impero Connect / Netop Remote Control (Impero Connect),ambiguous,name:imperoclientsvc.exe,imperoclientsvc.exe,,1517,f483c46933a6c284e62d665a250c3e3f9d4582ea8741f67fe88c796e2e9b9472
000002:b7cb2c2edc7e2b0ebe386bff,process,000002,catalog-16556f79cd2448b7,Laplink Everywhere,rmm,name:llrcservice.exe,llrcservice.exe,,1517,f483c46933a6c284e62d665a250c3e3f9d4582ea8741f67fe88c796e2e9b9472
000002:b7fb53d9108bbaddb1828daf,process,000002,catalog-67558ae5fcbed70e,InvGate,rmm,name:dephlp.exe,dephlp.exe,,1517,f483c46933a6c284e62d665a250c3e3f9d4582ea8741f67fe88c796e2e9b9472
000002:b82a22770b9ffd1eda930629,process,000002,catalog-450e807e8604c49f,FixMe.it,rmm,name:tiexpertstandalone.exe,tiexpertstandalone.exe,,1517,f483c46933a6c284e62d665a250c3e3f9d4582ea8741f67fe88c796e2e9b9472
000002:b87544b512caceb656a60d7c,domain,000002,catalog-2fd814c3858c735c,NinjaRMM,rmm,host:rmmservice.eu,rmmservice.eu,rmmservice.eu,1517,f483c46933a6c284e62d665a250c3e3f9d4582ea8741f67fe88c796e2e9b9472
000002:b87c151d8c5907cebb3b1df1,process,000002,catalog-654a35e6d873af10,RES Automation Manager,rmm,name:wmcsvc.exe,wmcsvc.exe,,1517,f483c46933a6c284e62d665a250c3e3f9d4582ea8741f67fe88c796e2e9b9472
000002:b87d0548eed2701082f14847,process,000002,anydesk,AnyDesk,rmm,name:anydesk,anydesk,,1517,f483c46933a6c284e62d665a250c3e3f9d4582ea8741f67fe88c796e2e9b9472
000002:b88e1104bbc791b838e7bf88,process,000002,catalog-b7d7b78c6d277456,Remote Ripple,rmm,name:remoteripple.exe,remoteripple.exe,,1517,f483c46933a6c284e62d665a250c3e3f9d4582ea8741f67fe88c796e2e9b9472
000002:b895b9d983aacafa37a4599e,domain,000002,catalog-a75e4c9e91678258,FleetDeck.io,rmm,host:fleetdeck.io,fleetdeck.io,fleetdeck.io,1517,f483c46933a6c284e62d665a250c3e3f9d4582ea8741f67fe88c796e2e9b9472
000002:b8ad1ed26ecb8c1881eb55e2,domain,000002,catalog-70e7fa11e2474af8,GetScreen,rmm,host:getscreen.me,*.getscreen.me,getscreen.me,1517,f483c46933a6c284e62d665a250c3e3f9d4582ea8741f67fe88c796e2e9b9472
000002:b8f35ed7df0cb563fbd96c91,process,000002,catalog-8af9b8f9f766bf43,GoToAssist (GoTo Resolve),rmm,name:gotoresolveprocesschecker.exe,gotoresolveprocesschecker.exe,,1517,f483c46933a6c284e62d665a250c3e3f9d4582ea8741f67fe88c796e2e9b9472
000002:b8fe579187f35f73b9c3db58,domain,000002,catalog-67558ae5fcbed70e,InvGate,rmm,host:trust.invgate.com,trust.invgate.com,trust.invgate.com,1517,f483c46933a6c284e62d665a250c3e3f9d4582ea8741f67fe88c796e2e9b9472
000002:b92bce39c24d0d25a56350f0,process,000002,catalog-da546cb1ba31fa12,NTR Remote,rmm,name:ntrsupportpro_en.exe,ntrsupportpro_en.exe,,1517,f483c46933a6c284e62d665a250c3e3f9d4582ea8741f67fe88c796e2e9b9472
000002:b943f89ba138a80b9bc60670,process,000002,catalog-f19dd93e9d27388b,NetMaster,rmm,name:netmaster_client.exe,netmaster_client.exe,,1517,f483c46933a6c284e62d665a250c3e3f9d4582ea8741f67fe88c796e2e9b9472
000002:b97d7ffef631526df750a3e6,process,000002,catalog-02d60382ee6d0dcd,Ninite Pro (Ninite Agent),rmm,name:ninitepro.exe,ninitepro.exe,,1517,f483c46933a6c284e62d665a250c3e3f9d4582ea8741f67fe88c796e2e9b9472
000002:b984084f0ea2864411b3b71b,process,000002,catalog-d1fa137fd100b8a3,RemoteView,rmm,name:rvagtray.exe,rvagtray.exe,,1517,f483c46933a6c284e62d665a250c3e3f9d4582ea8741f67fe88c796e2e9b9472
000002:b9b64e2a65810984abe517bc,process,000002,catalog-8e505bee2a84aaa8,GoToMyPC,rmm,name:g2mchat.exe,g2mchat.exe,,1517,f483c46933a6c284e62d665a250c3e3f9d4582ea8741f67fe88c796e2e9b9472
000002:b9b83b10950fa378a10c35c5,process,000002,ambiguous-1b0cded5e212a256,Ambiguous: ISL Light / ISL Online,ambiguous,name:isllightservice.exe,isllightservice.exe,,1517,f483c46933a6c284e62d665a250c3e3f9d4582ea8741f67fe88c796e2e9b9472
000002:b9c32265d5965f2bdeeba0fd,process,000002,catalog-6a0111a9aab2bcd8,Komari,rmm,name:komari-agent.exe,komari-agent.exe,,1517,f483c46933a6c284e62d665a250c3e3f9d4582ea8741f67fe88c796e2e9b9472
000002:ba31ac5317a7754bc099d95e,process,000002,catalog-b03e13e95b0eda10,Xpra,rmm,name:xpra-launcher.exe,xpra-launcher.exe,,1517,f483c46933a6c284e62d665a250c3e3f9d4582ea8741f67fe88c796e2e9b9472
000002:ba38a0a8928db7cbd5134457,domain,000002,catalog-2fd814c3858c735c,NinjaRMM,rmm,host:ninjarmm.net,ninjarmm.net,ninjarmm.net,1517,f483c46933a6c284e62d665a250c3e3f9d4582ea8741f67fe88c796e2e9b9472
000002:baa5783608488d3fbe273073,domain,000002,catalog-80367b185343ba4e,Senso.cloud,rmm,host:senso.cloud,senso.cloud,senso.cloud,1517,f483c46933a6c284e62d665a250c3e3f9d4582ea8741f67fe88c796e2e9b9472
000002:baaf0153344cfa5135633c4d,domain,000002,catalog-ae851acb9464e734,Iperius Remote,rmm,host:iperiusremote.com,iperiusremote.com,iperiusremote.com,1517,f483c46933a6c284e62d665a250c3e3f9d4582ea8741f67fe88c796e2e9b9472
000002:bacb6043ba013f7cd504af43,domain,000002,catalog-9aa6fcc20ffa26a9,HelpWire,rmm,host:get.helpwire.app,get.helpwire.app,get.helpwire.app,1517,f483c46933a6c284e62d665a250c3e3f9d4582ea8741f67fe88c796e2e9b9472
000002:badacf59a68311622f9fd9c8,domain,000002,catalog-a7a0753bb8051d2b,N-able N-central,rmm,host:swi-rc.cdn-sw.net,swi-rc.cdn-sw.net,swi-rc.cdn-sw.net,1517,f483c46933a6c284e62d665a250c3e3f9d4582ea8741f67fe88c796e2e9b9472
000002:badf7c06e6ed963f181e80c3,process,000002,catalog-8e505bee2a84aaa8,GoToMyPC,rmm,name:g2mrecorder.exe,g2mrecorder.exe,,1517,f483c46933a6c284e62d665a250c3e3f9d4582ea8741f67fe88c796e2e9b9472
000002:bae86159b87fb840d596065c,process,000002,catalog-a048362b91f0d448,MSP360,rmm,name:cloudraservice.exe,cloudraservice.exe,,1517,f483c46933a6c284e62d665a250c3e3f9d4582ea8741f67fe88c796e2e9b9472
000002:baf05eeee1f2464e6b219b16,domain,000002,catalog-9de6935b812ac8af,Duet Display,rmm,host:itagent.com,itagent.com,itagent.com,1517,f483c46933a6c284e62d665a250c3e3f9d4582ea8741f67fe88c796e2e9b9472
000002:bb08b9ac852aea225374acc8,process,000002,catalog-e41a2b6503b00fb4,VNC,rmm,name:winwvc.exe,winwvc.exe,,1517,f483c46933a6c284e62d665a250c3e3f9d4582ea8741f67fe88c796e2e9b9472
000002:bb19c63f2e8a4792cebce745,domain,000002,catalog-fed45d5486df3eda,PDQ Connect,rmm,host:r2.cloudflarestorage.com,pdqinstallers.*.r2.cloudflarestorage.com,r2.cloudflarestorage.com,1517,f483c46933a6c284e62d665a250c3e3f9d4582ea8741f67fe88c796e2e9b9472
000002:bb729d5ddcd8c0fe994e13e5,domain,000002,catalog-2fd814c3858c735c,NinjaRMM,rmm,host:ninja-backup.com,*.ninja-backup.com,ninja-backup.com,1517,f483c46933a6c284e62d665a250c3e3f9d4582ea8741f67fe88c796e2e9b9472
000002:bb9460e774b7d7d2c3c68e71,domain,000002,catalog-bcaaa38f1a847568,Zecurit,rmm,host:d1m8kha1zyjal6.cloudfront.net,d1m8kha1zyjal6.cloudfront.net,d1m8kha1zyjal6.cloudfront.net,1517,f483c46933a6c284e62d665a250c3e3f9d4582ea8741f67fe88c796e2e9b9472
000002:bbc309c7be6310326cccb029,process,000002,catalog-c41e79529432a597,Pcvisit,rmm,name:pcvisit_service_client.exe,pcvisit_service_client.exe,,1517,f483c46933a6c284e62d665a250c3e3f9d4582ea8741f67fe88c796e2e9b9472
000002:bbff24776d61d8db4689054e,process,000002,catalog-a048362b91f0d448,MSP360,rmm,name:cbbackupplan.exe,cbbackupplan.exe,,1517,f483c46933a6c284e62d665a250c3e3f9d4582ea8741f67fe88c796e2e9b9472
000002:bc2481d168a4ba13a2b5b1cf,domain,000002,catalog-e8891772379fac13,Syncro,rmm,host:syncromsp.com,*.syncromsp.com,syncromsp.com,1517,f483c46933a6c284e62d665a250c3e3f9d4582ea8741f67fe88c796e2e9b9472
000002:bc37382450b12f6fe013ffda,domain,000002,catalog-510fd4be305ad43e,Mikogo,rmm,host:mikogo4.com,*.mikogo4.com,mikogo4.com,1517,f483c46933a6c284e62d665a250c3e3f9d4582ea8741f67fe88c796e2e9b9472
000002:bc7f71cb70097c1a2ee96603,domain,000002,catalog-9e62779bf3ea2cee,SkyFex,rmm,host:deskroll.com,*.deskroll.com,deskroll.com,1517,f483c46933a6c284e62d665a250c3e3f9d4582ea8741f67fe88c796e2e9b9472
000002:bcc7b1592adbef58a393de73,process,000002,catalog-5aafcfeba8484447,Net Monitor for Employees,rmm,name:nmep_ctrlagentsvc.exe,nmep_ctrlagentsvc.exe,,1517,f483c46933a6c284e62d665a250c3e3f9d4582ea8741f67fe88c796e2e9b9472
000002:bd0d1597ed382cb378dca7db,process,000002,catalog-79f52aadf000fb06,IntelliAdmin Remote Control,rmm,name:intelliadmin.exe,intelliadmin.exe,,1517,f483c46933a6c284e62d665a250c3e3f9d4582ea8741f67fe88c796e2e9b9472
000002:bd2a778fab33d857672cf338,domain,000002,catalog-c41e79529432a597,Pcvisit,rmm,host:pcvisit.de,pcvisit.de,pcvisit.de,1517,f483c46933a6c284e62d665a250c3e3f9d4582ea8741f67fe88c796e2e9b9472
000002:bd3e1a9b1653a4a51dd8a797,domain,000002,catalog-689d0bf0e5a5a13f,HelpU,rmm,host:helpu.co.kr,*.helpu.co.kr,helpu.co.kr,1517,f483c46933a6c284e62d665a250c3e3f9d4582ea8741f67fe88c796e2e9b9472
000002:bd6c0e71a6bac278651c6da5,process,000002,catalog-fc5e79df91209451,PSEXEC (Clone),rmm,name:xcmd.exe,xcmd.exe,,1517,f483c46933a6c284e62d665a250c3e3f9d4582ea8741f67fe88c796e2e9b9472
000002:bd764db206cb205365028853,domain,000002,catalog-93115f6856c5fec3,NetBird,rmm,host:198.46.178.135,198.46.178.135,198.46.178.135,1517,f483c46933a6c284e62d665a250c3e3f9d4582ea8741f67fe88c796e2e9b9472
000002:bdac504e0eb7c4e7c9591820,domain,000002,catalog-51372b129cf51bda,PiTunnel,rmm,host:pitunnel.com,pitunnel.com,pitunnel.com,1517,f483c46933a6c284e62d665a250c3e3f9d4582ea8741f67fe88c796e2e9b9472
000002:bddd7c5358e018e2e5a67632,process,000002,catalog-fb14f9275329f403,Bitvise SSH Client,rmm,name:bvsshclient-inst.exe,bvsshclient-inst.exe,,1517,f483c46933a6c284e62d665a250c3e3f9d4582ea8741f67fe88c796e2e9b9472
000002:be094e968684332227508db5,domain,000002,catalog-8c39d368ca004ef0,Jump Desktop,rmm,host:jumpdesktop.com,*.jumpdesktop.com,jumpdesktop.com,1517,f483c46933a6c284e62d665a250c3e3f9d4582ea8741f67fe88c796e2e9b9472
000002:be1af7f87bf92786e2e849ed,domain,000002,catalog-156d8f82ee60a049,Faronics Core,rmm,host:upd.faronicslabs.com,upd.faronicslabs.com,upd.faronicslabs.com,1517,f483c46933a6c284e62d665a250c3e3f9d4582ea8741f67fe88c796e2e9b9472
000002:be458dc682aa9496856a2418,domain,000002,catalog-b4e25d2c726f0d96,baramundi Management Suite,rmm,host:baramundi.com,*.baramundi.com,baramundi.com,1517,f483c46933a6c284e62d665a250c3e3f9d4582ea8741f67fe88c796e2e9b9472
000002:befc5e31b7bbabf2064f9d5b,domain,000002,catalog-c612721a1545c8f7,Domotz,rmm,host:domotz.co,*.domotz.co,domotz.co,1517,f483c46933a6c284e62d665a250c3e3f9d4582ea8741f67fe88c796e2e9b9472
000002:bf058aaab3f692b4b15e94fc,process,000002,catalog-1af53446e9d2b695,Controlio,rmm,name:weinstsvc.exe,weinstsvc.exe,,1517,f483c46933a6c284e62d665a250c3e3f9d4582ea8741f67fe88c796e2e9b9472
000002:bf146be90fb8480b1017b1ec,domain,000002,catalog-690bc94bb57a5bc3,Parallels Access,rmm,host:parallels.com,*.parallels.com,parallels.com,1517,f483c46933a6c284e62d665a250c3e3f9d4582ea8741f67fe88c796e2e9b9472
000002:bf3f410d592947f118b3b14f,process,000002,ambiguous-53edf1455ad1838c,Ambiguous: Laplink Everywhere / Laplink Gold,ambiguous,name:laplink.exe,laplink.exe,,1517,f483c46933a6c284e62d665a250c3e3f9d4582ea8741f67fe88c796e2e9b9472
000002:bf414249668ab3fa2f5d8810,domain,000002,catalog-de04c50288dafa94,Kaseya (VSA),rmm,host:managedsupport.kaseya.net,*.managedsupport.kaseya.net,managedsupport.kaseya.net,1517,f483c46933a6c284e62d665a250c3e3f9d4582ea8741f67fe88c796e2e9b9472
000002:bf48aa5b18e0bf6e334ba1dc,domain,000002,catalog-1d0ad89444a3845d,Netop Remote Control (Impero Connect),rmm,host:netop.com,*.netop.com,netop.com,1517,f483c46933a6c284e62d665a250c3e3f9d4582ea8741f67fe88c796e2e9b9472
000002:bf5b730ccdb5af4fc320b8e8,domain,000002,catalog-ef056b508ae76713,Absolute (Computrace),rmm,host:server.absolute.com,server.absolute.com,server.absolute.com,1517,f483c46933a6c284e62d665a250c3e3f9d4582ea8741f67fe88c796e2e9b9472
000002:bf6840098938535e028846b4,domain,000002,catalog-48eae8f12dce9ed7,MyIVO,rmm,host:myivo-server.software.informer.com,myivo-server.software.informer.com,myivo-server.software.informer.com,1517,f483c46933a6c284e62d665a250c3e3f9d4582ea8741f67fe88c796e2e9b9472
000002:bf825ce3482e185f08717680,domain,000002,anydesk,AnyDesk,rmm,host:boot.net.anydesk.com,boot.net.anydesk.com,boot.net.anydesk.com,1517,f483c46933a6c284e62d665a250c3e3f9d4582ea8741f67fe88c796e2e9b9472
000002:c0489cf2a25e4ad1e3ad4fc7,domain,000002,catalog-3ebdfee426cceb46,Atera,rmm,host:atera-agent-heartbeat.servicebus.windows.net,atera-agent-heartbeat.servicebus.windows.net,atera-agent-heartbeat.servicebus.windows.net,1517,f483c46933a6c284e62d665a250c3e3f9d4582ea8741f67fe88c796e2e9b9472
000002:c08cd14610ab0e09d759952a,process,000002,catalog-b55eae1cba3b4cb9,UltraViewer,rmm,name:ultraviewer_service.exe,ultraviewer_service.exe,,1517,f483c46933a6c284e62d665a250c3e3f9d4582ea8741f67fe88c796e2e9b9472
000002:c0a260bb50d1b59c21ce2a5d,domain,000002,catalog-2fd814c3858c735c,NinjaRMM,rmm,host:ninja-backup.com,ninja-backup.com,ninja-backup.com,1517,f483c46933a6c284e62d665a250c3e3f9d4582ea8741f67fe88c796e2e9b9472
000002:c0eda98d829904b86569150b,domain,000002,catalog-0a9c5247767ece06,MeshCentral,rmm,host:meshcentral.com,meshcentral.com,meshcentral.com,1517,f483c46933a6c284e62d665a250c3e3f9d4582ea8741f67fe88c796e2e9b9472
000002:c0f3964810ef5535b2dfe401,domain,000002,catalog-3e93ab9fa5a4e67f,Itarian,rmm,host:remoteaccess.itarian.com,remoteaccess.itarian.com,remoteaccess.itarian.com,1517,f483c46933a6c284e62d665a250c3e3f9d4582ea8741f67fe88c796e2e9b9472
000002:c107045d04258b8a9b1358e0,process,000002,catalog-67f32f8dbc3ac29f,Royal Apps,rmm,name:royalserver.exe,royalserver.exe,,1517,f483c46933a6c284e62d665a250c3e3f9d4582ea8741f67fe88c796e2e9b9472
000002:c1882c80a08f863be1b696d0,domain,000002,catalog-55116adb99b0850d,ShellHub,rmm,host:cloud.shellhub.io,cloud.shellhub.io,cloud.shellhub.io,1517,f483c46933a6c284e62d665a250c3e3f9d4582ea8741f67fe88c796e2e9b9472
000002:c1bdc045ae3b9e690ab220b7,process,000002,catalog-70e7fc94525e2c66,NVDA (Non-Visual Desktop Access),rmm,name:nvda.exe,nvda.exe,,1517,f483c46933a6c284e62d665a250c3e3f9d4582ea8741f67fe88c796e2e9b9472
000002:c1eda5f7e83e8627bbedb25b,process,000002,catalog-b17d66fb261be877,Ammyy Admin,rmm,name:aa_v3.exe,aa_v3.exe,,1517,f483c46933a6c284e62d665a250c3e3f9d4582ea8741f67fe88c796e2e9b9472
000002:c20f3f3c50fc8a7291235f2e,domain,000002,catalog-3bd7ddf55954f6f4,Naverisk,rmm,host:naverisk.com,naverisk.com,naverisk.com,1517,f483c46933a6c284e62d665a250c3e3f9d4582ea8741f67fe88c796e2e9b9472
000002:c219fbfe7d6ee23844a0342d,process,000002,catalog-26fa64ab84197880,RMMmax,rmm,name:rmmmaxagentservice.exe,rmmmaxagentservice.exe,,1517,f483c46933a6c284e62d665a250c3e3f9d4582ea8741f67fe88c796e2e9b9472
000002:c21f41ff98d765c1dee0ba03,process,000002,catalog-6a096d2757224f84,Distant Desktop,rmm,name:distant-desktop.exe,distant-desktop.exe,,1517,f483c46933a6c284e62d665a250c3e3f9d4582ea8741f67fe88c796e2e9b9472
000002:c2245689de0e4389079d714b,process,000002,catalog-33a7ed21a570d883,GatherPlace-desktop sharing,rmm,name:gp4.exe,gp4.exe,,1517,f483c46933a6c284e62d665a250c3e3f9d4582ea8741f67fe88c796e2e9b9472
000002:c248b3471d81ac030277599c,domain,000002,catalog-614d0b95c9d90bb6,Netviewer (GoToMeet),rmm,host:netviewer.com,netviewer.com,netviewer.com,1517,f483c46933a6c284e62d665a250c3e3f9d4582ea8741f67fe88c796e2e9b9472
000002:c267cbd5409452c1b7c93eea,domain,000002,catalog-6fb0db047c3a739e,Vicarius vRx,rmm,host:vicarius-eu-central-1-installer.s3.eu-central-1.amazonaws.com,vicarius-eu-central-1-installer.s3.eu-central-1.amazonaws.com,vicarius-eu-central-1-installer.s3.eu-central-1.amazonaws.com,1517,f483c46933a6c284e62d665a250c3e3f9d4582ea8741f67fe88c796e2e9b9472
000002:c28b48fa6b62ce160e5ed282,process,000002,catalog-19b198de7105fe49,Freshservice,rmm,name:fswmiscanner.exe,fswmiscanner.exe,,1517,f483c46933a6c284e62d665a250c3e3f9d4582ea8741f67fe88c796e2e9b9472
000002:c2c60fef2f7bba7d7da0df6e,domain,000002,catalog-a7a0753bb8051d2b,N-able N-central,rmm,host:comserver.us2.mspa.n-able.com,comserver.us2.mspa.n-able.com,comserver.us2.mspa.n-able.com,1517,f483c46933a6c284e62d665a250c3e3f9d4582ea8741f67fe88c796e2e9b9472
000002:c2dece2f79fe3986f5bd512f,domain,000002,catalog-4ff6a47a34b0e00c,GoToAssist,rmm,host:goto.com,goto.com,goto.com,1517,f483c46933a6c284e62d665a250c3e3f9d4582ea8741f67fe88c796e2e9b9472
000002:c341e729128d24399084a18d,domain,000002,catalog-932e1d256f604d98,Nezha,rmm,host:rism.pages.dev,rism.pages.dev,rism.pages.dev,1517,f483c46933a6c284e62d665a250c3e3f9d4582ea8741f67fe88c796e2e9b9472
000002:c3b388c84e9f2a72e68eff8a,process,000002,catalog-3694a3d7392f1b09,Faronics Insight,rmm,name:insightinstaller.exe,insightinstaller.exe,,1517,f483c46933a6c284e62d665a250c3e3f9d4582ea8741f67fe88c796e2e9b9472
000002:c3b72ae3766bafc7a17fabbd,process,000002,catalog-53b6d6d5420e470d,VIZOR,rmm,name:lulogon.exe,lulogon.exe,,1517,f483c46933a6c284e62d665a250c3e3f9d4582ea8741f67fe88c796e2e9b9472
000002:c3c76983194e9262fe65c582,process,000002,catalog-932e1d256f604d98,Nezha,rmm,name:dashboard-windows-amd64.exe,dashboard-windows-amd64.exe,,1517,f483c46933a6c284e62d665a250c3e3f9d4582ea8741f67fe88c796e2e9b9472
000002:c3e32c7d182af48500098435,domain,000002,catalog-84528ff11283bf06,TightVNC,rmm,host:tightvnc.com,tightvnc.com,tightvnc.com,1517,f483c46933a6c284e62d665a250c3e3f9d4582ea8741f67fe88c796e2e9b9472
000002:c3f0cdc868abcae4903b62ed,domain,000002,catalog-19b198de7105fe49,Freshservice,rmm,host:www.freshservice.com,www.freshservice.com,www.freshservice.com,1517,f483c46933a6c284e62d665a250c3e3f9d4582ea8741f67fe88c796e2e9b9472
000002:c410338c1db02b44623d95b4,domain,000002,catalog-492214590d1d2ef4,Remote.it,rmm,host:remote.it,remote.it,remote.it,1517,f483c46933a6c284e62d665a250c3e3f9d4582ea8741f67fe88c796e2e9b9472
000002:c4165f09876d89acf112d56d,domain,000002,catalog-eac2e347232421be,SimpleHelp,rmm,host:51.255.19.178,51.255.19.178,51.255.19.178,1517,f483c46933a6c284e62d665a250c3e3f9d4582ea8741f67fe88c796e2e9b9472
000002:c42ce23afab334bbc340710e,process,000002,catalog-de04c50288dafa94,Kaseya (VSA),rmm,name:kaupdhlp.exe,kaupdhlp.exe,,1517,f483c46933a6c284e62d665a250c3e3f9d4582ea8741f67fe88c796e2e9b9472
000002:c46d4d34dd6ae146b94a97f9,process,000002,catalog-fb535f7336732657,RAdmin,rmm,name:radmin.exe,radmin.exe,,1517,f483c46933a6c284e62d665a250c3e3f9d4582ea8741f67fe88c796e2e9b9472
000002:c46e9578eff74d0f21589e8b,process,000002,catalog-1af53446e9d2b695,Controlio,rmm,name:wecliboardlistener.exe,wecliboardlistener.exe,,1517,f483c46933a6c284e62d665a250c3e3f9d4582ea8741f67fe88c796e2e9b9472
000002:c48e35c90e4303541d1da667,domain,000002,catalog-02d60382ee6d0dcd,Ninite Pro (Ninite Agent),rmm,host:ninite.com,ninite.com,ninite.com,1517,f483c46933a6c284e62d665a250c3e3f9d4582ea8741f67fe88c796e2e9b9472
000002:c4cd71091fdc72a2c5dd703a,process,000002,catalog-19b198de7105fe49,Freshservice,rmm,name:fsagentautoupdate.exe,fsagentautoupdate.exe,,1517,f483c46933a6c284e62d665a250c3e3f9d4582ea8741f67fe88c796e2e9b9472
000002:c4edbc540a46c69a53c62123,process,000002,catalog-4fe99ff3103f206e,DeskShare,rmm,name:teamtaskmanager.exe,teamtaskmanager.exe,,1517,f483c46933a6c284e62d665a250c3e3f9d4582ea8741f67fe88c796e2e9b9472
000002:c4f15c1e679dd9c9e4613854,domain,000002,sunlogin,SunLogin,rmm,host:client.oray.net,client.oray.net,client.oray.net,1517,f483c46933a6c284e62d665a250c3e3f9d4582ea8741f67fe88c796e2e9b9472
000002:c500c0c9bac41db85f0d2679,domain,000002,catalog-67558ae5fcbed70e,InvGate,rmm,host:lb-insight-001.invgate.net,lb-insight-001.invgate.net,lb-insight-001.invgate.net,1517,f483c46933a6c284e62d665a250c3e3f9d4582ea8741f67fe88c796e2e9b9472
000002:c50b7e5d8ddfc2a475afb8b1,process,000002,catalog-7275ecb7bf70b179,Remote Manipulator System,rmm,name:rfusclient.exe,rfusclient.exe,,1517,f483c46933a6c284e62d665a250c3e3f9d4582ea8741f67fe88c796e2e9b9472
000002:c547fc6187dda1face9da5a5,domain,000002,catalog-e8891772379fac13,Syncro,rmm,host:kabuto.io,kabuto.io,kabuto.io,1517,f483c46933a6c284e62d665a250c3e3f9d4582ea8741f67fe88c796e2e9b9472
000002:c56663fa9be0f6da2d2a5799,process,000002,catalog-8e505bee2a84aaa8,GoToMyPC,rmm,name:g2tray.exe,g2tray.exe,,1517,f483c46933a6c284e62d665a250c3e3f9d4582ea8741f67fe88c796e2e9b9472
000002:c5f985dbb884b75fc002dad9,domain,000002,catalog-51372b129cf51bda,PiTunnel,rmm,host:pitunnel.com,*.pitunnel.com,pitunnel.com,1517,f483c46933a6c284e62d665a250c3e3f9d4582ea8741f67fe88c796e2e9b9472
000002:c61471ca8927c755a1eed188,process,000002,catalog-21e65df4e86b4b08,Neturo,rmm,name:ntrntservice.exe,ntrntservice.exe,,1517,f483c46933a6c284e62d665a250c3e3f9d4582ea8741f67fe88c796e2e9b9472
000002:c621be9e63f4b085b1181e61,domain,000002,catalog-9a56c56eb4d47199,RemoteCall,rmm,host:remotecall.com,remotecall.com,remotecall.com,1517,f483c46933a6c284e62d665a250c3e3f9d4582ea8741f67fe88c796e2e9b9472
000002:c62c88a2aca3b4d0d821f2a3,domain,000002,catalog-a7a0753bb8051d2b,N-able N-central,rmm,host:releases.n-able.com,releases.n-able.com,releases.n-able.com,1517,f483c46933a6c284e62d665a250c3e3f9d4582ea8741f67fe88c796e2e9b9472
000002:c644343460c61e3aceb26fb5,process,000002,catalog-c612721a1545c8f7,Domotz,rmm,name:domotz_bash.exe,domotz_bash.exe,,1517,f483c46933a6c284e62d665a250c3e3f9d4582ea8741f67fe88c796e2e9b9472
000002:c6d2ee7c30816bf5aa7c7044,process,000002,catalog-60de39a68a770323,Xeox,rmm,name:xeox-agent_x86.exe,xeox-agent_x86.exe,,1517,f483c46933a6c284e62d665a250c3e3f9d4582ea8741f67fe88c796e2e9b9472
000002:c6d8fde9ec86144f38a8c8d0,domain,000002,catalog-b11823ea2cb74c56,N-Able Advanced Monitoring Agent,rmm,host:systemmonitor.us.cdn.cloudflare.net,systemmonitor.us.cdn.cloudflare.net,systemmonitor.us.cdn.cloudflare.net,1517,f483c46933a6c284e62d665a250c3e3f9d4582ea8741f67fe88c796e2e9b9472
000002:c6e565d2ef4eebf824210165,domain,000002,catalog-5bdf60e20c459eed,KickIdler,rmm,host:my.kickidler.com,my.kickidler.com,my.kickidler.com,1517,f483c46933a6c284e62d665a250c3e3f9d4582ea8741f67fe88c796e2e9b9472
000002:c6f8f6d74b7410b2b7fc9ae1,domain,000002,qq,QQ / TIM (dual use),dual_use,host:mdt.qq.com,*.mdt.qq.com,mdt.qq.com,1517,f483c46933a6c284e62d665a250c3e3f9d4582ea8741f67fe88c796e2e9b9472
000002:c70733c1f367354d8acb5e84,process,000002,catalog-19b198de7105fe49,Freshservice,rmm,name:fsprobereporter.exe,fsprobereporter.exe,,1517,f483c46933a6c284e62d665a250c3e3f9d4582ea8741f67fe88c796e2e9b9472
000002:c7196929a0e7e597c68c2128,domain,000002,catalog-b11823ea2cb74c56,N-Able Advanced Monitoring Agent,rmm,host:systemmonitor.co.uk,systemmonitor.co.uk,systemmonitor.co.uk,1517,f483c46933a6c284e62d665a250c3e3f9d4582ea8741f67fe88c796e2e9b9472
000002:c73335ae3c2ce8613dadeaf7,domain,000002,catalog-17f3b459e9f40378,Sophos-Remote Management System,rmm,host:sophos.com,*.sophos.com,sophos.com,1517,f483c46933a6c284e62d665a250c3e3f9d4582ea8741f67fe88c796e2e9b9472
000002:c7600b003c888fa9ace27040,domain,000002,catalog-19b198de7105fe49,Freshservice,rmm,host:freshservice.com,freshservice.com,freshservice.com,1517,f483c46933a6c284e62d665a250c3e3f9d4582ea8741f67fe88c796e2e9b9472
000002:c766a4467b28da7b2390896f,process,000002,catalog-ba32653cf5191163,ImmyBot,rmm,name:immyagent.exe,immyagent.exe,,1517,f483c46933a6c284e62d665a250c3e3f9d4582ea8741f67fe88c796e2e9b9472
000002:c77208b5f078fd7f977b6a78,domain,000002,catalog-2f5e4a56a693ca5e,HelpBeam,rmm,host:helpbeam.software.informer.com,helpbeam.software.informer.com,helpbeam.software.informer.com,1517,f483c46933a6c284e62d665a250c3e3f9d4582ea8741f67fe88c796e2e9b9472
000002:c82d8032b4bf5bd81d795ce0,domain,000002,catalog-84b6f03ebe1a7594,ngrok,rmm,host:connect.jp.ngrok-agent.com,connect.jp.ngrok-agent.com,connect.jp.ngrok-agent.com,1517,f483c46933a6c284e62d665a250c3e3f9d4582ea8741f67fe88c796e2e9b9472
000002:c85278643c7d16ff59348a75,domain,000002,catalog-2fd814c3858c735c,NinjaRMM,rmm,host:ninjaone.com,ninjaone.com,ninjaone.com,1517,f483c46933a6c284e62d665a250c3e3f9d4582ea8741f67fe88c796e2e9b9472
000002:c87d0a28a073b030a45f18a6,process,000002,catalog-9a56c56eb4d47199,RemoteCall,rmm,name:rcengmgru.exe,rcengmgru.exe,,1517,f483c46933a6c284e62d665a250c3e3f9d4582ea8741f67fe88c796e2e9b9472
000002:c87f0d14c891be4cfff77f3f,process,000002,catalog-60de39a68a770323,Xeox,rmm,name:xeox-agent_x64.exe,xeox-agent_x64.exe,,1517,f483c46933a6c284e62d665a250c3e3f9d4582ea8741f67fe88c796e2e9b9472
000002:c8d0ca07f7f85461673e796c,process,000002,catalog-ba32653cf5191163,ImmyBot,rmm,name:immyupdater.exe,immyupdater.exe,,1517,f483c46933a6c284e62d665a250c3e3f9d4582ea8741f67fe88c796e2e9b9472
000002:c8d2ddd181c6b995f3d7d719,process,000002,catalog-8bb0e13358b13690,Tanium,rmm,name:taniumfileinfo.exe,taniumfileinfo.exe,,1517,f483c46933a6c284e62d665a250c3e3f9d4582ea8741f67fe88c796e2e9b9472
000002:c9312142258a02ee639b7af4,domain,000002,catalog-d1fa137fd100b8a3,RemoteView,rmm,host:content.rview.com,content.rview.com,content.rview.com,1517,f483c46933a6c284e62d665a250c3e3f9d4582ea8741f67fe88c796e2e9b9472
000002:c957d106ccbb7d5878287f2b,domain,000002,qq,QQ / TIM (dual use),dual_use,host:desktop.qq.com,*.desktop.qq.com,desktop.qq.com,1517,f483c46933a6c284e62d665a250c3e3f9d4582ea8741f67fe88c796e2e9b9472
000002:c95893e8ab4da3d1c12b1509,process,000002,catalog-edc77597bb699a1d,Faronics Deploy,rmm,name:fssinstaller.exe,fssinstaller.exe,,1517,f483c46933a6c284e62d665a250c3e3f9d4582ea8741f67fe88c796e2e9b9472
000002:c959a8662f9112ae742e2516,domain,000002,catalog-0ef104fa1ae80a26,LogMeIn,rmm,host:logmeinrescue.com,logmeinrescue.com,logmeinrescue.com,1517,f483c46933a6c284e62d665a250c3e3f9d4582ea8741f67fe88c796e2e9b9472
000002:c96067a16dbd4bb62ad65df5,process,000002,catalog-edc77597bb699a1d,Faronics Deploy,rmm,name:faronicssa.exe,faronicssa.exe,,1517,f483c46933a6c284e62d665a250c3e3f9d4582ea8741f67fe88c796e2e9b9472
000002:c9798356563e44c4dfe68081,domain,000002,zoho-assist,Zoho Assist,rmm,host:zohoassist.com,*.zohoassist.com,zohoassist.com,1517,f483c46933a6c284e62d665a250c3e3f9d4582ea8741f67fe88c796e2e9b9472
000002:c97b00e8b3771cb1cfae6fee,domain,000002,catalog-9d9b2e68f4aa1513,RG System (RG Supervision),rmm,host:dashboard.rg-supervision.com,dashboard.rg-supervision.com,dashboard.rg-supervision.com,1517,f483c46933a6c284e62d665a250c3e3f9d4582ea8741f67fe88c796e2e9b9472
000002:c9959d2fd1e4310342826bde,domain,000002,catalog-6a0111a9aab2bcd8,Komari,rmm,host:komari-document.pages.dev,komari-document.pages.dev,komari-document.pages.dev,1517,f483c46933a6c284e62d665a250c3e3f9d4582ea8741f67fe88c796e2e9b9472
000002:c9a6ca9a3ad92e710af63122,domain,000002,catalog-70e7fc94525e2c66,NVDA (Non-Visual Desktop Access),rmm,host:nvaccess.org,nvaccess.org,nvaccess.org,1517,f483c46933a6c284e62d665a250c3e3f9d4582ea8741f67fe88c796e2e9b9472
000002:c9f9bcb97fc7dd9376735261,process,000002,catalog-53b6d6d5420e470d,VIZOR,rmm,name:vecwait.exe,vecwait.exe,,1517,f483c46933a6c284e62d665a250c3e3f9d4582ea8741f67fe88c796e2e9b9472
000002:ca46b4b0c62b80ff80b92ca3,process,000002,catalog-8e505bee2a84aaa8,GoToMyPC,rmm,name:g2svc.exe,g2svc.exe,,1517,f483c46933a6c284e62d665a250c3e3f9d4582ea8741f67fe88c796e2e9b9472
000002:ca4ae3a32bdae1e9fc2c84b6,process,000002,catalog-b03e13e95b0eda10,Xpra,rmm,name:xpra-x86_64_setup.exe,xpra-x86_64_setup.exe,,1517,f483c46933a6c284e62d665a250c3e3f9d4582ea8741f67fe88c796e2e9b9472
000002:ca7af8cf2e47df5bef338c84,process,000002,catalog-63161cd474be006f,LiteManager,rmm,name:romviewer.exe,romviewer.exe,,1517,f483c46933a6c284e62d665a250c3e3f9d4582ea8741f67fe88c796e2e9b9472
000002:caed3a2892c28a8ff4bce50c,domain,000002,catalog-e8891772379fac13,Syncro,rmm,host:syncromsp.com,syncromsp.com,syncromsp.com,1517,f483c46933a6c284e62d665a250c3e3f9d4582ea8741f67fe88c796e2e9b9472
000002:cb131c0ded68a64ed946aaa7,process,000002,catalog-3d1ade013018456b,RemotePulse,rmm,name:installcore.exe,installcore.exe,,1517,f483c46933a6c284e62d665a250c3e3f9d4582ea8741f67fe88c796e2e9b9472
000002:cb1bb3f0460cbbe1b3ab16ca,domain,000002,screenconnect,ScreenConnect / ConnectWise Control,rmm,host:screenconnect.com,*.screenconnect.com,screenconnect.com,1517,f483c46933a6c284e62d665a250c3e3f9d4582ea8741f67fe88c796e2e9b9472
000002:cb26f0c24965fb69815093aa,domain,000002,catalog-8f5492f7abd355d2,KHelpDesk,rmm,host:khelpdesk.com.br,*.khelpdesk.com.br,khelpdesk.com.br,1517,f483c46933a6c284e62d665a250c3e3f9d4582ea8741f67fe88c796e2e9b9472
000002:cb627671fbcb7f482fe73c87,domain,000002,screenconnect,ScreenConnect / ConnectWise Control,rmm,host:live.screenconnect.com,live.screenconnect.com,live.screenconnect.com,1517,f483c46933a6c284e62d665a250c3e3f9d4582ea8741f67fe88c796e2e9b9472
000002:cb9759f5bc2cc5024baf56ba,domain,000002,catalog-a7a0753bb8051d2b,N-able N-central,rmm,host:a33d8yamkwy4nx-ats.iot.eu-central-1.amazonaws.com,a33d8yamkwy4nx-ats.iot.eu-central-1.amazonaws.com,a33d8yamkwy4nx-ats.iot.eu-central-1.amazonaws.com,1517,f483c46933a6c284e62d665a250c3e3f9d4582ea8741f67fe88c796e2e9b9472
000002:cbbd81b17d484dd428a01b26,domain,000002,catalog-75c050028a47742e,Lunixar,rmm,host:downloads.lunixar.com,downloads.lunixar.com,downloads.lunixar.com,1517,f483c46933a6c284e62d665a250c3e3f9d4582ea8741f67fe88c796e2e9b9472
000002:cc030e5d460e3e98cc12c2da,process,000002,catalog-b66e7473b4817e6f,Total Software Deployment,rmm,name:tniwinagent.exe,tniwinagent.exe,,1517,f483c46933a6c284e62d665a250c3e3f9d4582ea8741f67fe88c796e2e9b9472
000002:cc1bfb341ac82c566d6700ff,domain,000002,catalog-e8891772379fac13,Syncro,rmm,host:attachments.servably.com,attachments.servably.com,attachments.servably.com,1517,f483c46933a6c284e62d665a250c3e3f9d4582ea8741f67fe88c796e2e9b9472
000002:cc1d502909128316d4411f19,domain,000002,catalog-3e93ab9fa5a4e67f,Itarian,rmm,host:itsm-us1.comodo.com,*.itsm-us1.comodo.com,itsm-us1.comodo.com,1517,f483c46933a6c284e62d665a250c3e3f9d4582ea8741f67fe88c796e2e9b9472
000002:cc6e4c491a0f42661b2c3ff1,process,000002,catalog-8e505bee2a84aaa8,GoToMyPC,rmm,name:g2mmatchmaking.exe,g2mmatchmaking.exe,,1517,f483c46933a6c284e62d665a250c3e3f9d4582ea8741f67fe88c796e2e9b9472
000002:cd4f0fb26bd2c84a32791b7f,domain,000002,catalog-19b198de7105fe49,Freshservice,rmm,host:freshworks.com,*.freshworks.com,freshworks.com,1517,f483c46933a6c284e62d665a250c3e3f9d4582ea8741f67fe88c796e2e9b9472
000002:cd5fa2c784959f13f92e0e7f,domain,000002,catalog-4ff6a47a34b0e00c,GoToAssist,rmm,host:getgo.com,*.getgo.com,getgo.com,1517,f483c46933a6c284e62d665a250c3e3f9d4582ea8741f67fe88c796e2e9b9472
000002:cd738213d99704ebd9168f40,domain,000002,catalog-f1188a5d1f1ab490,GotoHTTP,rmm,host:gotohttp.com,*.gotohttp.com,gotohttp.com,1517,f483c46933a6c284e62d665a250c3e3f9d4582ea8741f67fe88c796e2e9b9472
000002:cd7ffbafc0f8f5f4cb392140,domain,000002,catalog-9aa6fcc20ffa26a9,HelpWire,rmm,host:stunserver.stunprotocol.org,stunserver.stunprotocol.org,stunserver.stunprotocol.org,1517,f483c46933a6c284e62d665a250c3e3f9d4582ea8741f67fe88c796e2e9b9472
000002:cdab17c4fee03af7865b7b2a,process,000002,catalog-e8891772379fac13,Syncro,rmm,name:syncro.service.exe,syncro.service.exe,,1517,f483c46933a6c284e62d665a250c3e3f9d4582ea8741f67fe88c796e2e9b9472
000002:cdb40ede06218566e62579dd,process,000002,catalog-8e505bee2a84aaa8,GoToMyPC,rmm,name:g2mainh.exe,g2mainh.exe,,1517,f483c46933a6c284e62d665a250c3e3f9d4582ea8741f67fe88c796e2e9b9472
000002:ce22725f01b1a29c61a0ff5d,process,000002,catalog-ddedc734b77a167f,Nexus RMM (Scogo),rmm,name:nexusrmm.exe,nexusrmm.exe,,1517,f483c46933a6c284e62d665a250c3e3f9d4582ea8741f67fe88c796e2e9b9472
000002:ce323ef7e1bf424501557bcf,domain,000002,catalog-fdcb34403e278be7,247ithelp.com (ConnectWise),rmm,host:247ithelp.com,*.247ithelp.com,247ithelp.com,1517,f483c46933a6c284e62d665a250c3e3f9d4582ea8741f67fe88c796e2e9b9472
000002:ce55c10c624b337ebf3a5eb9,domain,000002,catalog-16556f79cd2448b7,Laplink Everywhere,rmm,host:everywhere.laplink.com,everywhere.laplink.com,everywhere.laplink.com,1517,f483c46933a6c284e62d665a250c3e3f9d4582ea8741f67fe88c796e2e9b9472
000002:ce847c54a4e234cd6d467f55,domain,000002,catalog-04b0540266845c60,Weezo,rmm,host:weezo.me,*.weezo.me,weezo.me,1517,f483c46933a6c284e62d665a250c3e3f9d4582ea8741f67fe88c796e2e9b9472
000002:ce8969077b338295e907bf6e,process,000002,catalog-5aafcfeba8484447,Net Monitor for Employees,rmm,name:winpty-agent.exe,winpty-agent.exe,,1517,f483c46933a6c284e62d665a250c3e3f9d4582ea8741f67fe88c796e2e9b9472
000002:ced9acc23152c7a848c5d22c,process,000002,catalog-9a56c56eb4d47199,RemoteCall,rmm,name:rcstartsupport.exe,rcstartsupport.exe,,1517,f483c46933a6c284e62d665a250c3e3f9d4582ea8741f67fe88c796e2e9b9472
000002:cf539d96c54e82f2ab77b07a,domain,000002,catalog-6fb0db047c3a739e,Vicarius vRx,rmm,host:vicarius-eu-central-1-release.s3.eu-central-1.amazonaws.com,vicarius-eu-central-1-release.s3.eu-central-1.amazonaws.com,vicarius-eu-central-1-release.s3.eu-central-1.amazonaws.com,1517,f483c46933a6c284e62d665a250c3e3f9d4582ea8741f67fe88c796e2e9b9472
000002:cf5ff2a845e538f614be0239,process,000002,catalog-204a2955235e9ab1,Solar-PuTTY,rmm,name:solar-putty.exe,solar-putty.exe,,1517,f483c46933a6c284e62d665a250c3e3f9d4582ea8741f67fe88c796e2e9b9472
000002:cf7ce41d02e0c850f45de230,process,000002,catalog-e56b9821adb88d0d,Pocket Controller (Soti Xsight),rmm,name:xsightservice.exe,xsightservice.exe,,1517,f483c46933a6c284e62d665a250c3e3f9d4582ea8741f67fe88c796e2e9b9472
000002:cf9b680b54660cd74c10c97a,domain,000002,catalog-df65e7533d62a81a,Faronics Deep Freeze,rmm,host:deepfreeze.com,deepfreeze.com,deepfreeze.com,1517,f483c46933a6c284e62d665a250c3e3f9d4582ea8741f67fe88c796e2e9b9472
000002:cfa96f807ebe212bf0c2ee33,process,000002,catalog-d96fc5f7a4b802b5,DameWare,rmm,name:dwrcst.exe,dwrcst.exe,,1517,f483c46933a6c284e62d665a250c3e3f9d4582ea8741f67fe88c796e2e9b9472
000002:cfb5b6241f1614ef76b57f41,process,000002,catalog-713da567a4855b61,Opale,rmm,name:opale-agent.exe,opale-agent.exe,,1517,f483c46933a6c284e62d665a250c3e3f9d4582ea8741f67fe88c796e2e9b9472
000002:cfc82fe932706d650262786a,domain,000002,catalog-df65e7533d62a81a,Faronics Deep Freeze,rmm,host:faronicscloud.com,faronicscloud.com,faronicscloud.com,1517,f483c46933a6c284e62d665a250c3e3f9d4582ea8741f67fe88c796e2e9b9472
000002:d00fd547a9bc34b8deea6e37,process,000002,catalog-ef6ed0c235fac5a6,Pcnow,rmm,name:pcnmgr.exe,pcnmgr.exe,,1517,f483c46933a6c284e62d665a250c3e3f9d4582ea8741f67fe88c796e2e9b9472
000002:d023f04d1030f86f5849839a,process,000002,rustdesk,RustDesk,rmm,name:rustdesk.exe,rustdesk.exe,,1517,f483c46933a6c284e62d665a250c3e3f9d4582ea8741f67fe88c796e2e9b9472
000002:d03501a2e6a62dfa4436ad2a,domain,000002,catalog-df65e7533d62a81a,Faronics Deep Freeze,rmm,host:upd.faronicslabs.com,upd.faronicslabs.com,upd.faronicslabs.com,1517,f483c46933a6c284e62d665a250c3e3f9d4582ea8741f67fe88c796e2e9b9472
000002:d03fd3e76b2a1a3eb5f3d464,domain,000002,catalog-6fb0db047c3a739e,Vicarius vRx,rmm,host:vicarius-eu-central-1-patches.s3.amazonaws.com,vicarius-eu-central-1-patches.s3.amazonaws.com,vicarius-eu-central-1-patches.s3.amazonaws.com,1517,f483c46933a6c284e62d665a250c3e3f9d4582ea8741f67fe88c796e2e9b9472
000002:d041a6a1dbad6ad8b8861f00,process,000002,catalog-450e807e8604c49f,FixMe.it,rmm,name:fixmeit expert setup.exe,fixmeit expert setup.exe,,1517,f483c46933a6c284e62d665a250c3e3f9d4582ea8741f67fe88c796e2e9b9472
000002:d05ff9c1c4e2e39b4c5525ae,domain,000002,catalog-1e56767c5f9119ca,Overlord,rmm,host:ngrok.io,*.ngrok.io,ngrok.io,1517,f483c46933a6c284e62d665a250c3e3f9d4582ea8741f67fe88c796e2e9b9472
000002:d0cd630de7582376277a8159,process,000002,catalog-93115f6856c5fec3,NetBird,rmm,name:netbird_installer.exe,netbird_installer.exe,,1517,f483c46933a6c284e62d665a250c3e3f9d4582ea8741f67fe88c796e2e9b9472
000002:d0d3246bc9fe4580c6197181,domain,000002,catalog-c41e79529432a597,Pcvisit,rmm,host:pcvisit.de,*.pcvisit.de,pcvisit.de,1517,f483c46933a6c284e62d665a250c3e3f9d4582ea8741f67fe88c796e2e9b9472
000002:d0ff8ba2e827221ccf5e986c,process,000002,catalog-8af9b8f9f766bf43,GoToAssist (GoTo Resolve),rmm,name:gotoresolveunattendedui.exe,gotoresolveunattendedui.exe,,1517,f483c46933a6c284e62d665a250c3e3f9d4582ea8741f67fe88c796e2e9b9472
000002:d1096b12e66e9fc9efb524a4,domain,000002,catalog-30dc308a2792e1e2,BeAnyWhere,rmm,host:beanywhere.com,beanywhere.com,beanywhere.com,1517,f483c46933a6c284e62d665a250c3e3f9d4582ea8741f67fe88c796e2e9b9472
000002:d10cad8d812532addb54886c,process,000002,catalog-b417d531a0a34211,Veyon,rmm,name:veyon-worker.exe,veyon-worker.exe,,1517,f483c46933a6c284e62d665a250c3e3f9d4582ea8741f67fe88c796e2e9b9472
000002:d112b76998b8567f7f50bb39,domain,000002,catalog-70e7fa11e2474af8,GetScreen,rmm,host:getscreen.me,getscreen.me,getscreen.me,1517,f483c46933a6c284e62d665a250c3e3f9d4582ea8741f67fe88c796e2e9b9472
000002:d117d86e7d591ae3e3adbb20,process,000002,catalog-8e505bee2a84aaa8,GoToMyPC,rmm,name:g2minsthigh.exe,g2minsthigh.exe,,1517,f483c46933a6c284e62d665a250c3e3f9d4582ea8741f67fe88c796e2e9b9472
000002:d132c7f768f62a3dfe6f5b27,domain,000002,catalog-b11823ea2cb74c56,N-Able Advanced Monitoring Agent,rmm,host:remote.management,remote.management,remote.management,1517,f483c46933a6c284e62d665a250c3e3f9d4582ea8741f67fe88c796e2e9b9472
000002:d1455fd1f2e0b95c97a6b083,domain,000002,catalog-19b198de7105fe49,Freshservice,rmm,host:freshworksapi.com,*.freshworksapi.com,freshworksapi.com,1517,f483c46933a6c284e62d665a250c3e3f9d4582ea8741f67fe88c796e2e9b9472
000002:d15a5d027bd554d72083319a,process,000002,ambiguous-2a3f6a2ac5cee50c,Ambiguous: Netop Remote Control (Impero Connect) / Netop Remote Control (aka Impero Connect),ambiguous,name:nhstw32.exe,nhstw32.exe,,1517,f483c46933a6c284e62d665a250c3e3f9d4582ea8741f67fe88c796e2e9b9472
000002:d16e77b592b17ec51d99cc77,domain,000002,catalog-5a475a9e2cdfe5c4,Miradore,rmm,host:miradore.com,miradore.com,miradore.com,1517,f483c46933a6c284e62d665a250c3e3f9d4582ea8741f67fe88c796e2e9b9472
000002:d224b9082c9f0e558df0353b,domain,000002,catalog-1c45fe4ccd8a65c2,Basecamp,rmm,host:basecamp.com,basecamp.com,basecamp.com,1517,f483c46933a6c284e62d665a250c3e3f9d4582ea8741f67fe88c796e2e9b9472
000002:d22d7fb4f9053485edf045fe,domain,000002,catalog-93115f6856c5fec3,NetBird,rmm,host:app.netbird.io,app.netbird.io,app.netbird.io,1517,f483c46933a6c284e62d665a250c3e3f9d4582ea8741f67fe88c796e2e9b9472
000002:d241660f492694b54f47cc78,process,000002,catalog-156d8f82ee60a049,Faronics Core,rmm,name:coreagentservice.exe,coreagentservice.exe,,1517,f483c46933a6c284e62d665a250c3e3f9d4582ea8741f67fe88c796e2e9b9472
000002:d2ca86ffe96a03063e842394,process,000002,catalog-53943ad052783090,RMMCRAT,rmm,name:rmm.exe,rmm.exe,,1517,f483c46933a6c284e62d665a250c3e3f9d4582ea8741f67fe88c796e2e9b9472
000002:d30bf9cef0d7bb852dbc0fcc,process,000002,catalog-8e505bee2a84aaa8,GoToMyPC,rmm,name:g2minstaller.exe,g2minstaller.exe,,1517,f483c46933a6c284e62d665a250c3e3f9d4582ea8741f67fe88c796e2e9b9472
000002:d328ed90d7fbec3f818ef337,domain,000002,catalog-242c79e740f62c4e,Remmon,rmm,host:remmon.hu,*.remmon.hu,remmon.hu,1517,f483c46933a6c284e62d665a250c3e3f9d4582ea8741f67fe88c796e2e9b9472
000002:d37a5dfd965371a5ec9a49d1,process,000002,catalog-e1b9fdfb07f0a1b6,AeroAdmin,rmm,name:aeroadmin.exe,aeroadmin.exe,,1517,f483c46933a6c284e62d665a250c3e3f9d4582ea8741f67fe88c796e2e9b9472
000002:d3be5875007eb39aa2110db0,process,000002,catalog-6f90b491913c9019,LS RMM,rmm,name:ls rmm worker.exe,ls rmm worker.exe,,1517,f483c46933a6c284e62d665a250c3e3f9d4582ea8741f67fe88c796e2e9b9472
000002:d3ccd4c1c81320fc94acced4,process,000002,zoho-assist,Zoho Assist,rmm,name:zohours.exe,zohours.exe,,1517,f483c46933a6c284e62d665a250c3e3f9d4582ea8741f67fe88c796e2e9b9472
000002:d3d6d748bc0ba09e0e240e79,process,000002,catalog-b537055995d73100,OCS inventory,rmm,name:ocsinventory.exe,ocsinventory.exe,,1517,f483c46933a6c284e62d665a250c3e3f9d4582ea8741f67fe88c796e2e9b9472
000002:d3d6ef58aaf98fafec1fc0f4,process,000002,catalog-d1fa137fd100b8a3,RemoteView,rmm,name:rv.exe,rv.exe,,1517,f483c46933a6c284e62d665a250c3e3f9d4582ea8741f67fe88c796e2e9b9472
000002:d44a849b7ab4ddf438cb99b0,process,000002,catalog-53b6d6d5420e470d,VIZOR,rmm,name:winchk32.exe,winchk32.exe,,1517,f483c46933a6c284e62d665a250c3e3f9d4582ea8741f67fe88c796e2e9b9472
000002:d465fbf296e3a72cf83ac130,domain,000002,splashtop,Splashtop,rmm,host:splashtop.com,*.splashtop.com,splashtop.com,1517,f483c46933a6c284e62d665a250c3e3f9d4582ea8741f67fe88c796e2e9b9472
000002:d4857bea8a04fb63f2408372,process,000002,catalog-279efe93ccb7d9eb,Goverlan,rmm,name:govagentx64.exe,govagentx64.exe,,1517,f483c46933a6c284e62d665a250c3e3f9d4582ea8741f67fe88c796e2e9b9472
000002:d4a870e074dac860cef1519a,process,000002,catalog-19b198de7105fe49,Freshservice,rmm,name:iprangecalculator.exe,iprangecalculator.exe,,1517,f483c46933a6c284e62d665a250c3e3f9d4582ea8741f67fe88c796e2e9b9472
000002:d4dcc1f5b96ae951cf09ebc6,process,000002,catalog-9069d02d6915095e,Yandex.Disk,rmm,name:yandexdisk2.exe,yandexdisk2.exe,,1517,f483c46933a6c284e62d665a250c3e3f9d4582ea8741f67fe88c796e2e9b9472
000002:d4e72db3a21dbfcdfcfc7309,process,000002,catalog-0ef104fa1ae80a26,LogMeIn,rmm,name:lmiguardiansvc.exe,lmiguardiansvc.exe,,1517,f483c46933a6c284e62d665a250c3e3f9d4582ea8741f67fe88c796e2e9b9472
000002:d5386ebdceea386d3c558dce,domain,000002,catalog-eac2e347232421be,SimpleHelp,rmm,host:dronemaker.org,dronemaker.org,dronemaker.org,1517,f483c46933a6c284e62d665a250c3e3f9d4582ea8741f67fe88c796e2e9b9472
000002:d5a072856ef4a296a0fd7335,process,000002,ambiguous-ef6a3ff4bbe8ba5e,Ambiguous: BeAnyWhere / N-Able Advanced Monitoring Agent,ambiguous,name:basupapp.exe,basupapp.exe,,1517,f483c46933a6c284e62d665a250c3e3f9d4582ea8741f67fe88c796e2e9b9472
000002:d5b666ea38b9bc5569b71682,process,000002,catalog-5463f7cb4814e95b,Syspectr,rmm,name:syspectr.exe,syspectr.exe,,1517,f483c46933a6c284e62d665a250c3e3f9d4582ea8741f67fe88c796e2e9b9472
000002:d607df57ba5bc8079e86b037,process,000002,catalog-8af9b8f9f766bf43,GoToAssist (GoTo Resolve),rmm,name:gotoresolveremotecontrol.exe,gotoresolveremotecontrol.exe,,1517,f483c46933a6c284e62d665a250c3e3f9d4582ea8741f67fe88c796e2e9b9472
000002:d618e27cd13d4ff5ba82a3f3,process,000002,catalog-d6c2b40eb8a4b01c,HeartbeatRM,rmm,name:hbrm-x64.exe,hbrm-x64.exe,,1517,f483c46933a6c284e62d665a250c3e3f9d4582ea8741f67fe88c796e2e9b9472
000002:d66bc2f9bcbf728c2206e410,process,000002,catalog-dc6f3e6eb98fbaae,TrustConnect,rmm,name:trustconnectagent.exe,trustconnectagent.exe,,1517,f483c46933a6c284e62d665a250c3e3f9d4582ea8741f67fe88c796e2e9b9472
000002:d67289ed1e9ac3be2c85356f,process,000002,catalog-9d9b2e68f4aa1513,RG System (RG Supervision),rmm,name:rg_supervision.exe,rg_supervision.exe,,1517,f483c46933a6c284e62d665a250c3e3f9d4582ea8741f67fe88c796e2e9b9472
000002:d674a4d8aae73f92ede65055,domain,000002,catalog-2fd814c3858c735c,NinjaRMM,rmm,host:rmmservice.com.au,rmmservice.com.au,rmmservice.com.au,1517,f483c46933a6c284e62d665a250c3e3f9d4582ea8741f67fe88c796e2e9b9472
000002:d6785af56d32948f4127aca2,process,000002,catalog-330f157fda7ff1b7,Insync,rmm,name:insync.exe,insync.exe,,1517,f483c46933a6c284e62d665a250c3e3f9d4582ea8741f67fe88c796e2e9b9472
000002:d67a80cbb251015385b7d3e1,process,000002,sunlogin,SunLogin,rmm,name:sunloginclient_desktop.exe,sunloginclient_desktop.exe,,1517,f483c46933a6c284e62d665a250c3e3f9d4582ea8741f67fe88c796e2e9b9472
000002:d67d1ccb98f05eea65728331,process,000002,catalog-c08465e36ce01e50,BeamYourScreen,rmm,name:beamyourscreen.exe,beamyourscreen.exe,,1517,f483c46933a6c284e62d665a250c3e3f9d4582ea8741f67fe88c796e2e9b9472
000002:d69da161284d0361ebdd371b,domain,000002,catalog-9aa6fcc20ffa26a9,HelpWire,rmm,host:helpwire.app,helpwire.app,helpwire.app,1517,f483c46933a6c284e62d665a250c3e3f9d4582ea8741f67fe88c796e2e9b9472
000002:d6e84af23efd84961719140c,process,000002,teamviewer,TeamViewer,rmm,name:teamviewer.exe,teamviewer.exe,,1517,f483c46933a6c284e62d665a250c3e3f9d4582ea8741f67fe88c796e2e9b9472
000002:d6fe4c27330ddbf2e7c822a3,process,000002,catalog-53b6d6d5420e470d,VIZOR,rmm,name:vnldriverinstaller.exe,vnldriverinstaller.exe,,1517,f483c46933a6c284e62d665a250c3e3f9d4582ea8741f67fe88c796e2e9b9472
000002:d72ca42324fec6520dbf78fa,process,000002,catalog-6a096d2757224f84,Distant Desktop,rmm,name:ddsystem.exe,ddsystem.exe,,1517,f483c46933a6c284e62d665a250c3e3f9d4582ea8741f67fe88c796e2e9b9472
000002:d75724dfff7a0b9d67354d6d,domain,000002,catalog-6fb0db047c3a739e,Vicarius vRx,rmm,host:vicarius-ap-southeast-3-installer.s3.amazonaws.com,vicarius-ap-southeast-3-installer.s3.amazonaws.com,vicarius-ap-southeast-3-installer.s3.amazonaws.com,1517,f483c46933a6c284e62d665a250c3e3f9d4582ea8741f67fe88c796e2e9b9472
000002:d76aab9cfdd3c8deb0ffaaca,process,000002,catalog-3e93ab9fa5a4e67f,Itarian,rmm,name:comodoremotecontrol.exe,comodoremotecontrol.exe,,1517,f483c46933a6c284e62d665a250c3e3f9d4582ea8741f67fe88c796e2e9b9472
000002:d77e69cf9fdff9eb6de7a171,domain,000002,catalog-93115f6856c5fec3,NetBird,rmm,host:login.netbird.io,login.netbird.io,login.netbird.io,1517,f483c46933a6c284e62d665a250c3e3f9d4582ea8741f67fe88c796e2e9b9472
000002:d7b812dd4b34e1792818aa95,domain,000002,catalog-7caae9f3cece9eff,DeskDay,rmm,host:app.deskday.ai,app.deskday.ai,app.deskday.ai,1517,f483c46933a6c284e62d665a250c3e3f9d4582ea8741f67fe88c796e2e9b9472
000002:d80734ecb6531f65b4792160,process,000002,catalog-53b6d6d5420e470d,VIZOR,rmm,name:lutinfow32.exe,lutinfow32.exe,,1517,f483c46933a6c284e62d665a250c3e3f9d4582ea8741f67fe88c796e2e9b9472
000002:d83614bd1175ada9030891c6,process,000002,catalog-0ef104fa1ae80a26,LogMeIn,rmm,name:logmeinsystray.exe,logmeinsystray.exe,,1517,f483c46933a6c284e62d665a250c3e3f9d4582ea8741f67fe88c796e2e9b9472
000002:d83cb3102f3e0470eb8bd96c,domain,000002,catalog-2fa9a945d0d121d9,Instant Housecall,rmm,host:instanthousecall.com,*.instanthousecall.com,instanthousecall.com,1517,f483c46933a6c284e62d665a250c3e3f9d4582ea8741f67fe88c796e2e9b9472
000002:d840e4e3f045361feb618768,domain,000002,catalog-93115f6856c5fec3,NetBird,rmm,host:netbird.io,*.netbird.io,netbird.io,1517,f483c46933a6c284e62d665a250c3e3f9d4582ea8741f67fe88c796e2e9b9472
000002:d8818f52f27193ddabb12af4,process,000002,catalog-61b1d2fa61d24490,PSEXEC,rmm,name:psexec64.exe,psexec64.exe,,1517,f483c46933a6c284e62d665a250c3e3f9d4582ea8741f67fe88c796e2e9b9472
000002:d8b06363b2fb305b606cec19,process,000002,catalog-c9131c873766f2a1,OptiTune,rmm,name:otservice.exe,otservice.exe,,1517,f483c46933a6c284e62d665a250c3e3f9d4582ea8741f67fe88c796e2e9b9472
000002:d8bcdc86d585afba1f548c36,domain,000002,catalog-b11823ea2cb74c56,N-Able Advanced Monitoring Agent,rmm,host:remote.management,*.remote.management,remote.management,1517,f483c46933a6c284e62d665a250c3e3f9d4582ea8741f67fe88c796e2e9b9472
000002:d8bdc4f1968f8c49006034e3,domain,000002,catalog-60849355f54453bc,Supremo,rmm,host:supremocontrol.com,*.supremocontrol.com,supremocontrol.com,1517,f483c46933a6c284e62d665a250c3e3f9d4582ea8741f67fe88c796e2e9b9472
000002:d8e089f42a90dacec2432755,process,000002,catalog-b417d531a0a34211,Veyon,rmm,name:veyon-server.exe,veyon-server.exe,,1517,f483c46933a6c284e62d665a250c3e3f9d4582ea8741f67fe88c796e2e9b9472
000002:d8f90291f4167a114ba7603c,process,000002,catalog-ad52052eb74268d4,NoteOn-desktop sharing,rmm,name:nateonmain.exe,nateonmain.exe,,1517,f483c46933a6c284e62d665a250c3e3f9d4582ea8741f67fe88c796e2e9b9472
000002:d90ea585314625996cbcd42b,process,000002,catalog-743b1b461002fbdb,Auvik,rmm,name:auvik.agent.exe,auvik.agent.exe,,1517,f483c46933a6c284e62d665a250c3e3f9d4582ea8741f67fe88c796e2e9b9472
000002:d9453521eaee28044d2952d3,domain,000002,splashtop,Splashtop,rmm,host:api.splashtop.com,*.api.splashtop.com,api.splashtop.com,1517,f483c46933a6c284e62d665a250c3e3f9d4582ea8741f67fe88c796e2e9b9472
000002:d9852d657bdf4dfa83fcf807,process,000002,ambiguous-319c074b1ea5e205,Ambiguous: Netop Remote Control (Impero Connect) / Netop Remote Control (aka Impero Connect),ambiguous,name:nhostsvc.exe,nhostsvc.exe,,1517,f483c46933a6c284e62d665a250c3e3f9d4582ea8741f67fe88c796e2e9b9472
000002:d9b75691bd2ef0f91842fd1e,domain,000002,catalog-0c04e115d9103dc6,tmate,rmm,host:tmate.io,*.tmate.io,tmate.io,1517,f483c46933a6c284e62d665a250c3e3f9d4582ea8741f67fe88c796e2e9b9472
000002:d9d5fd6bcb489d7be209e4e6,domain,000002,catalog-93b3a8cca654478e,Remote Desktop Plus,rmm,host:donkz.nl,donkz.nl,donkz.nl,1517,f483c46933a6c284e62d665a250c3e3f9d4582ea8741f67fe88c796e2e9b9472
000002:da26adb39d8f999609df849e,domain,000002,catalog-f97fd28a28d4e8c5,Gorelo RMM,rmm,host:gw.usw.gorelo.tech,gw.usw.gorelo.tech,gw.usw.gorelo.tech,1517,f483c46933a6c284e62d665a250c3e3f9d4582ea8741f67fe88c796e2e9b9472
000002:daa458415fa710ada14d4af9,process,000002,catalog-1d0ad89444a3845d,Netop Remote Control (Impero Connect),rmm,name:netop ondemand.exe,netop ondemand.exe,,1517,f483c46933a6c284e62d665a250c3e3f9d4582ea8741f67fe88c796e2e9b9472
000002:db08e63919af9f75274ed34d,domain,000002,catalog-c52e6b18e0f32d9f,CloudFlare Tunnel,rmm,host:trycloudflare.com,*.trycloudflare.com,trycloudflare.com,1517,f483c46933a6c284e62d665a250c3e3f9d4582ea8741f67fe88c796e2e9b9472
000002:db2d6fcf9d0f0357cc7f059a,domain,000002,catalog-a75e4c9e91678258,FleetDeck.io,rmm,host:checkip.zmazonaws.com,checkip.zmazonaws.com,checkip.zmazonaws.com,1517,f483c46933a6c284e62d665a250c3e3f9d4582ea8741f67fe88c796e2e9b9472
000002:db800f75b62516e92ca406c2,domain,000002,catalog-702e2cee7c16eaf7,Dataplicity,rmm,host:dataplicity.com,dataplicity.com,dataplicity.com,1517,f483c46933a6c284e62d665a250c3e3f9d4582ea8741f67fe88c796e2e9b9472
000002:dbea39bb79e25bdefe3c9af6,process,000002,catalog-df65e7533d62a81a,Faronics Deep Freeze,rmm,name:dfinst.exe,dfinst.exe,,1517,f483c46933a6c284e62d665a250c3e3f9d4582ea8741f67fe88c796e2e9b9472
000002:dbeb5a5f4bcb2555ac7d69a0,process,000002,catalog-b65c5d5d98d6ebfc,BreezeRMM,rmm,name:breeze-backup.exe,breeze-backup.exe,,1517,f483c46933a6c284e62d665a250c3e3f9d4582ea8741f67fe88c796e2e9b9472
000002:dc19a646bf2206d35ed7dd11,process,000002,catalog-e320fa2669c88f4f,LogMeIn rescue,rmm,name:lmi_rescue_srv.exe,lmi_rescue_srv.exe,,1517,f483c46933a6c284e62d665a250c3e3f9d4582ea8741f67fe88c796e2e9b9472
000002:dc22a1a0364c77a28b3033bf,process,000002,catalog-689d0bf0e5a5a13f,HelpU,rmm,name:helpu_install.exe,helpu_install.exe,,1517,f483c46933a6c284e62d665a250c3e3f9d4582ea8741f67fe88c796e2e9b9472
000002:dc31abf42bd09c33562477e7,domain,000002,catalog-60de39a68a770323,Xeox,rmm,host:xeox.com,xeox.com,xeox.com,1517,f483c46933a6c284e62d665a250c3e3f9d4582ea8741f67fe88c796e2e9b9472
000002:dc5b484fb1a1ebb667cdb249,domain,000002,catalog-c9131c873766f2a1,OptiTune,rmm,host:opti-tune.com,*.opti-tune.com,opti-tune.com,1517,f483c46933a6c284e62d665a250c3e3f9d4582ea8741f67fe88c796e2e9b9472
000002:dc6875eff8553bfc313f10d8,domain,000002,catalog-93115f6856c5fec3,NetBird,rmm,host:cloud-ed980.firebaseapp.com,cloud-ed980.firebaseapp.com,cloud-ed980.firebaseapp.com,1517,f483c46933a6c284e62d665a250c3e3f9d4582ea8741f67fe88c796e2e9b9472
000002:dc87f51932b54ab61ab0276c,domain,000002,catalog-a7a0753bb8051d2b,N-able N-central,rmm,host:comserver.eu1.mspa.n-able.com,comserver.eu1.mspa.n-able.com,comserver.eu1.mspa.n-able.com,1517,f483c46933a6c284e62d665a250c3e3f9d4582ea8741f67fe88c796e2e9b9472
000002:dc96d307f62818b802924271,domain,000002,catalog-a7a0753bb8051d2b,N-able N-central,rmm,host:feeds.n-able.com,feeds.n-able.com,feeds.n-able.com,1517,f483c46933a6c284e62d665a250c3e3f9d4582ea8741f67fe88c796e2e9b9472
000002:dcedb2816ec510f05edd079c,process,000002,catalog-a75e4c9e91678258,FleetDeck.io,rmm,name:fleetdeck_agent_svc.exe,fleetdeck_agent_svc.exe,,1517,f483c46933a6c284e62d665a250c3e3f9d4582ea8741f67fe88c796e2e9b9472
000002:dcedea8fc8c99c9355d7bd4e,process,000002,catalog-29fc52e7e8a4177c,ESET Remote Administrator,rmm,name:era.exe,era.exe,,1517,f483c46933a6c284e62d665a250c3e3f9d4582ea8741f67fe88c796e2e9b9472
000002:dcf81270d25c728d6f47ef91,process,000002,screenconnect,ScreenConnect / ConnectWise Control,rmm,name:screenconnect.windowsclient.exe,screenconnect.windowsclient.exe,,1517,f483c46933a6c284e62d665a250c3e3f9d4582ea8741f67fe88c796e2e9b9472
000002:dd3ba9b1edfa2cc9e83b5e6c,process,000002,catalog-3e93ab9fa5a4e67f,Itarian,rmm,name:rhost.exe,rhost.exe,,1517,f483c46933a6c284e62d665a250c3e3f9d4582ea8741f67fe88c796e2e9b9472
000002:dd455fc4c99b59cb26f47887,domain,000002,catalog-2fd814c3858c735c,NinjaRMM,rmm,host:ninjarmm.net,*.ninjarmm.net,ninjarmm.net,1517,f483c46933a6c284e62d665a250c3e3f9d4582ea8741f67fe88c796e2e9b9472
000002:dd54848e532788f8750b002f,process,000002,splashtop,Splashtop,rmm,name:strwinclt.exe,strwinclt.exe,,1517,f483c46933a6c284e62d665a250c3e3f9d4582ea8741f67fe88c796e2e9b9472
000002:dd630f6b428b4c22936b1266,domain,000002,catalog-375d1adaba7f0c4d,Barracuda,rmm,host:barracudamsp.com,barracudamsp.com,barracudamsp.com,1517,f483c46933a6c284e62d665a250c3e3f9d4582ea8741f67fe88c796e2e9b9472
000002:dd81ba7b2278065ffa182981,process,000002,catalog-614d0b95c9d90bb6,Netviewer (GoToMeet),rmm,name:nvconsole.exe,nvconsole.exe,,1517,f483c46933a6c284e62d665a250c3e3f9d4582ea8741f67fe88c796e2e9b9472
000002:ddabb749b7abf78b4e8e9e60,process,000002,catalog-e320fa2669c88f4f,LogMeIn rescue,rmm,name:lmi_rescue.exe,lmi_rescue.exe,,1517,f483c46933a6c284e62d665a250c3e3f9d4582ea8741f67fe88c796e2e9b9472
000002:ddaf8c897a8f18807d841198,domain,000002,catalog-999190b03999bb15,Any Support,rmm,host:anysupport.net,*.anysupport.net,anysupport.net,1517,f483c46933a6c284e62d665a250c3e3f9d4582ea8741f67fe88c796e2e9b9472
000002:de08a0b61b1db6bf1d54026c,process,000002,catalog-19b198de7105fe49,Freshservice,rmm,name:fsagentservice.exe,fsagentservice.exe,,1517,f483c46933a6c284e62d665a250c3e3f9d4582ea8741f67fe88c796e2e9b9472
000002:de31d867d49b8a814eb9ed59,process,000002,catalog-8e505bee2a84aaa8,GoToMyPC,rmm,name:g2fileh.exe,g2fileh.exe,,1517,f483c46933a6c284e62d665a250c3e3f9d4582ea8741f67fe88c796e2e9b9472
000002:de9e17ba9f725b7255ebd6f6,domain,000002,catalog-8902bceb12b18d52,LANDesk,rmm,host:ivanti.com,*.ivanti.com,ivanti.com,1517,f483c46933a6c284e62d665a250c3e3f9d4582ea8741f67fe88c796e2e9b9472
000002:ded2c89ffb92ea4f3df016ca,process,000002,catalog-510fd4be305ad43e,Mikogo,rmm,name:mikogo-screen-service.exe,mikogo-screen-service.exe,,1517,f483c46933a6c284e62d665a250c3e3f9d4582ea8741f67fe88c796e2e9b9472
000002:dedaed6832db42460ce1af9e,process,000002,catalog-654a35e6d873af10,RES Automation Manager,rmm,name:wmc.exe,wmc.exe,,1517,f483c46933a6c284e62d665a250c3e3f9d4582ea8741f67fe88c796e2e9b9472
000002:df324b0b3319c4c11f6d566d,process,000002,catalog-4003b1ba00e39c78,FastViewer,rmm,name:fastmaster.exe,fastmaster.exe,,1517,f483c46933a6c284e62d665a250c3e3f9d4582ea8741f67fe88c796e2e9b9472
000002:df3fdfe7503668293d034aed,process,000002,ambiguous-127609c9fdd77b1c,Ambiguous: Kabuto / Syncro,ambiguous,name:kabuto.app.runner.exe,kabuto.app.runner.exe,,1517,f483c46933a6c284e62d665a250c3e3f9d4582ea8741f67fe88c796e2e9b9472
000002:df80d60f66366cf4977558c3,process,000002,catalog-1e085f489fa06707,Teramind,rmm,name:teramind.setup.updater.exe,teramind.setup.updater.exe,,1517,f483c46933a6c284e62d665a250c3e3f9d4582ea8741f67fe88c796e2e9b9472
000002:df9dee066540028b4a6bd32a,domain,000002,catalog-23e83aebc0d2d846,RemotePC,rmm,host:remotedesktop.com,*.remotedesktop.com,remotedesktop.com,1517,f483c46933a6c284e62d665a250c3e3f9d4582ea8741f67fe88c796e2e9b9472
000002:dfa7cfe7a50720a75b3a7d50,process,000002,todesk,ToDesk,rmm,name:todesk.exe,todesk.exe,,1517,f483c46933a6c284e62d665a250c3e3f9d4582ea8741f67fe88c796e2e9b9472
000002:dfbf9c85a0eab8e4b0360bcb,process,000002,catalog-4ff6a47a34b0e00c,GoToAssist,rmm,name:goto assist opener.exe,goto assist opener.exe,,1517,f483c46933a6c284e62d665a250c3e3f9d4582ea8741f67fe88c796e2e9b9472
000002:e0479c2d963ed381bfc417c6,domain,000002,catalog-1e085f489fa06707,Teramind,rmm,host:teramind.co,teramind.co,teramind.co,1517,f483c46933a6c284e62d665a250c3e3f9d4582ea8741f67fe88c796e2e9b9472
000002:e099dd9beaa0ec5b9e58c313,domain,000002,catalog-7886a9002d0be970,Centurion,rmm,host:centuriontech.com,centuriontech.com,centuriontech.com,1517,f483c46933a6c284e62d665a250c3e3f9d4582ea8741f67fe88c796e2e9b9472
000002:e0fa8c14f14d9cb10c947aca,process,000002,catalog-63161cd474be006f,LiteManager,rmm,name:romfusclient.exe,romfusclient.exe,,1517,f483c46933a6c284e62d665a250c3e3f9d4582ea8741f67fe88c796e2e9b9472
000002:e1579f03c1f25518732ab54f,domain,000002,catalog-67558ae5fcbed70e,InvGate,rmm,host:help.invgate.com,help.invgate.com,help.invgate.com,1517,f483c46933a6c284e62d665a250c3e3f9d4582ea8741f67fe88c796e2e9b9472
000002:e1a122b72b675b88cb25d8e3,process,000002,catalog-41e6ecd214d4ffc0,Endar,rmm,name:endar.exe,endar.exe,,1517,f483c46933a6c284e62d665a250c3e3f9d4582ea8741f67fe88c796e2e9b9472
000002:e1b4b65e2e304cf20a07e8a1,process,000002,catalog-ef056b508ae76713,Absolute (Computrace),rmm,name:rpcnet.exe,rpcnet.exe,,1517,f483c46933a6c284e62d665a250c3e3f9d4582ea8741f67fe88c796e2e9b9472
000002:e1d9c03d24e71335d5010377,process,000002,catalog-8e505bee2a84aaa8,GoToMyPC,rmm,name:g2printh.exe,g2printh.exe,,1517,f483c46933a6c284e62d665a250c3e3f9d4582ea8741f67fe88c796e2e9b9472
000002:e302c99349dd9baeb2b980d7,domain,000002,catalog-93115f6856c5fec3,NetBird,rmm,host:cloud-233f9.firebaseapp.com,cloud-233f9.firebaseapp.com,cloud-233f9.firebaseapp.com,1517,f483c46933a6c284e62d665a250c3e3f9d4582ea8741f67fe88c796e2e9b9472
000002:e308285c4b341f0ccbe5809e,domain,000002,catalog-e56b9821adb88d0d,Pocket Controller (Soti Xsight),rmm,host:soti.net,soti.net,soti.net,1517,f483c46933a6c284e62d665a250c3e3f9d4582ea8741f67fe88c796e2e9b9472
000002:e341bf9f3a82761ed7535a54,domain,000002,catalog-93115f6856c5fec3,NetBird,rmm,host:api.netbird.io,api.netbird.io,api.netbird.io,1517,f483c46933a6c284e62d665a250c3e3f9d4582ea8741f67fe88c796e2e9b9472
000002:e34f2d7969007c128bac9eba,process,000002,ambiguous-aefee206b2564606,Ambiguous: DameWare / RDPView,ambiguous,name:dwrcs.exe,dwrcs.exe,,1517,f483c46933a6c284e62d665a250c3e3f9d4582ea8741f67fe88c796e2e9b9472
000002:e3f7beb93ed0ea4f7573b9b1,process,000002,sunlogin,SunLogin,rmm,name:sunloginclient.exe,sunloginclient.exe,,1517,f483c46933a6c284e62d665a250c3e3f9d4582ea8741f67fe88c796e2e9b9472
000002:e3fc986c8fe476cac55a2393,process,000002,endpoint-central,ManageEngine Endpoint Central,management,name:uems_agent.exe,uems_agent.exe,,1517,f483c46933a6c284e62d665a250c3e3f9d4582ea8741f67fe88c796e2e9b9472
000002:e434dd0841a563ee2dfc4a8b,domain,000002,chrome-remote-desktop,Chrome Remote Desktop,rmm,host:chromoting-host.talkgadget.google.com,chromoting-host.talkgadget.google.com,chromoting-host.talkgadget.google.com,1517,f483c46933a6c284e62d665a250c3e3f9d4582ea8741f67fe88c796e2e9b9472
000002:e465e228e8094782eb70112a,domain,000002,catalog-40fe2d02c1ca14b5,Addigy,rmm,host:grtmprod.addigy.com,grtmprod.addigy.com,grtmprod.addigy.com,1517,f483c46933a6c284e62d665a250c3e3f9d4582ea8741f67fe88c796e2e9b9472
000002:e47e4f7e1aec821d3ca2225b,process,000002,catalog-9b7c9820ef5da6fc,AnyViewer,rmm,name:anyviewer.exe,anyviewer.exe,,1517,f483c46933a6c284e62d665a250c3e3f9d4582ea8741f67fe88c796e2e9b9472
000002:e485d5b56a077544a4a55d2c,domain,000002,catalog-53b6d6d5420e470d,VIZOR,rmm,host:vizor.cloud,vizor.cloud,vizor.cloud,1517,f483c46933a6c284e62d665a250c3e3f9d4582ea8741f67fe88c796e2e9b9472
000002:e4c016e6da9d1a9ff752f06d,domain,000002,catalog-5463f7cb4814e95b,Syspectr,rmm,host:syspectr.com,*.syspectr.com,syspectr.com,1517,f483c46933a6c284e62d665a250c3e3f9d4582ea8741f67fe88c796e2e9b9472
000002:e51ac5be326295c789ea53e2,process,000002,catalog-88d90e2eef3374ce,Tailscale,rmm,name:tailscale-ipn.exe,tailscale-ipn.exe,,1517,f483c46933a6c284e62d665a250c3e3f9d4582ea8741f67fe88c796e2e9b9472
000002:e53e8d57c3aa4ace3fc6c457,process,000002,chrome-remote-desktop,Chrome Remote Desktop,rmm,name:remoting_me2me_host,remoting_me2me_host,,1517,f483c46933a6c284e62d665a250c3e3f9d4582ea8741f67fe88c796e2e9b9472
000002:e59239368787ab6af3ed337d,process,000002,screenconnect,ScreenConnect / ConnectWise Control,rmm,name:connectwisechat-customer.exe,connectwisechat-customer.exe,,1517,f483c46933a6c284e62d665a250c3e3f9d4582ea8741f67fe88c796e2e9b9472
000002:e5b0a07a99bed7761990d20c,domain,000002,catalog-f65437dbbc085dab,Netreo,rmm,host:api.netreo.com,*.api.netreo.com,api.netreo.com,1517,f483c46933a6c284e62d665a250c3e3f9d4582ea8741f67fe88c796e2e9b9472
000002:e5bc8a27a3365076722ae8b4,domain,000002,catalog-2fa9a945d0d121d9,Instant Housecall,rmm,host:instanthousecall.com,instanthousecall.com,instanthousecall.com,1517,f483c46933a6c284e62d665a250c3e3f9d4582ea8741f67fe88c796e2e9b9472
000002:e5d212e1dbb335b7fb27ec2b,domain,000002,catalog-543a001c2a608d33,Quest KACE Agent (formerly Dell KACE),rmm,host:kace.com,*.kace.com,kace.com,1517,f483c46933a6c284e62d665a250c3e3f9d4582ea8741f67fe88c796e2e9b9472
000002:e618d213d4a961003e039d42,domain,000002,catalog-8b882387e1d3b844,Guacamole,rmm,host:guacamole.apache.org,guacamole.apache.org,guacamole.apache.org,1517,f483c46933a6c284e62d665a250c3e3f9d4582ea8741f67fe88c796e2e9b9472
000002:e63aa85b6e190ab414740310,domain,000002,catalog-75c050028a47742e,Lunixar,rmm,host:lunixar.com,*.lunixar.com,lunixar.com,1517,f483c46933a6c284e62d665a250c3e3f9d4582ea8741f67fe88c796e2e9b9472
000002:e63e5974c66c8bf0569c4856,domain,000002,catalog-84b6f03ebe1a7594,ngrok,rmm,host:ngrok.dev,*.ngrok.dev,ngrok.dev,1517,f483c46933a6c284e62d665a250c3e3f9d4582ea8741f67fe88c796e2e9b9472
000002:e64134cb9cb5ee9ec836ffa5,process,000002,catalog-4e45bb06c9d03ab3,eHorus,rmm,name:ehorus_uit.exe,ehorus_uit.exe,,1517,f483c46933a6c284e62d665a250c3e3f9d4582ea8741f67fe88c796e2e9b9472
000002:e68f2a34ef5dd91d315bc611,domain,000002,chrome-remote-desktop,Chrome Remote Desktop,rmm,host:remotedesktop.google.com,*.remotedesktop.google.com,remotedesktop.google.com,1517,f483c46933a6c284e62d665a250c3e3f9d4582ea8741f67fe88c796e2e9b9472
000002:e6ac10a8279283693166376c,domain,000002,rustdesk,RustDesk,rmm,host:rustdesk.com,rustdesk.com,rustdesk.com,1517,f483c46933a6c284e62d665a250c3e3f9d4582ea8741f67fe88c796e2e9b9472
000002:e6c3d59e8d662e1bdca6eb96,domain,000002,catalog-30df9fd6fc6cb0bc,Connectwise Automate (LabTech),rmm,host:hostedrmm.com,*.hostedrmm.com,hostedrmm.com,1517,f483c46933a6c284e62d665a250c3e3f9d4582ea8741f67fe88c796e2e9b9472
000002:e6eef8662fd8b88f85d3308c,domain,000002,catalog-edc77597bb699a1d,Faronics Deploy,rmm,host:faronics-deploy-na-production-installers.s3.us-west-2.amazonaws.com,faronics-deploy-na-production-installers.s3.us-west-2.amazonaws.com,faronics-deploy-na-production-installers.s3.us-west-2.amazonaws.com,1517,f483c46933a6c284e62d665a250c3e3f9d4582ea8741f67fe88c796e2e9b9472
000002:e6f1d62f9f4b6d2818dde22d,domain,000002,catalog-c612721a1545c8f7,Domotz,rmm,host:cell-1.domotz.com,*.cell-1.domotz.com,cell-1.domotz.com,1517,f483c46933a6c284e62d665a250c3e3f9d4582ea8741f67fe88c796e2e9b9472
000002:e72811cd3b4f6c423941238d,domain,000002,screenconnect,ScreenConnect / ConnectWise Control,rmm,host:connectwise.com,*.connectwise.com,connectwise.com,1517,f483c46933a6c284e62d665a250c3e3f9d4582ea8741f67fe88c796e2e9b9472
000002:e75b91a78c68d30f8d41e711,process,000002,catalog-edc77597bb699a1d,Faronics Deploy,rmm,name:migrationhelper_64.exe,migrationhelper_64.exe,,1517,f483c46933a6c284e62d665a250c3e3f9d4582ea8741f67fe88c796e2e9b9472
000002:e77532d7f6ad7381278284c8,process,000002,ambiguous-84516b922ec2e599,Ambiguous: TigerVNC / TightVNC,ambiguous,name:tvnserver.exe,tvnserver.exe,,1517,f483c46933a6c284e62d665a250c3e3f9d4582ea8741f67fe88c796e2e9b9472
000002:e785adbc8f9017b90e012e89,process,000002,catalog-5aafcfeba8484447,Net Monitor for Employees,rmm,name:nmep_ctrlagent.exe,nmep_ctrlagent.exe,,1517,f483c46933a6c284e62d665a250c3e3f9d4582ea8741f67fe88c796e2e9b9472
000002:e78d10a386a01b3c96b497dc,domain,000002,catalog-cf6d58d43a488002,MyGreenPC,rmm,host:mygreenpc.com,mygreenpc.com,mygreenpc.com,1517,f483c46933a6c284e62d665a250c3e3f9d4582ea8741f67fe88c796e2e9b9472
000002:e7a5ffc88a8c24968c264516,process,000002,catalog-53b6d6d5420e470d,VIZOR,rmm,name:vnlselfupdate.exe,vnlselfupdate.exe,,1517,f483c46933a6c284e62d665a250c3e3f9d4582ea8741f67fe88c796e2e9b9472
000002:e7a880f8977930b2daf57a0e,process,000002,catalog-edc77597bb699a1d,Faronics Deploy,rmm,prefix:fwawebinstaller,fwawebinstaller_*.exe,,1517,f483c46933a6c284e62d665a250c3e3f9d4582ea8741f67fe88c796e2e9b9472
000002:e7be0c617b22d3e7e50afc8f,process,000002,catalog-8c39d368ca004ef0,Jump Desktop,rmm,name:jumpupdater.exe,jumpupdater.exe,,1517,f483c46933a6c284e62d665a250c3e3f9d4582ea8741f67fe88c796e2e9b9472
000002:e7ff10655e8be27ec7fec3f8,domain,000002,catalog-dc6f3e6eb98fbaae,TrustConnect,rmm,host:networkservice.cyou,networkservice.cyou,networkservice.cyou,1517,f483c46933a6c284e62d665a250c3e3f9d4582ea8741f67fe88c796e2e9b9472
000002:e81159e1d5e48c6efae86cb8,domain,000002,catalog-e8891772379fac13,Syncro,rmm,host:repairshopr.com,repairshopr.com,repairshopr.com,1517,f483c46933a6c284e62d665a250c3e3f9d4582ea8741f67fe88c796e2e9b9472
000002:e8119d9c9b9600bb5670b97b,domain,000002,catalog-932e1d256f604d98,Nezha,rmm,host:nezhahq.github.io,nezhahq.github.io,nezhahq.github.io,1517,f483c46933a6c284e62d665a250c3e3f9d4582ea8741f67fe88c796e2e9b9472
000002:e81799393340362b48b78c20,domain,000002,qq,QQ / TIM (dual use),dual_use,host:qq-messenger.en.softonic.com,qq-messenger.en.softonic.com,qq-messenger.en.softonic.com,1517,f483c46933a6c284e62d665a250c3e3f9d4582ea8741f67fe88c796e2e9b9472
000002:e82d9e3ded12acd20e8a217d,process,000002,catalog-2fd814c3858c735c,NinjaRMM,rmm,name:ninjarmmagent.exe,ninjarmmagent.exe,,1517,f483c46933a6c284e62d665a250c3e3f9d4582ea8741f67fe88c796e2e9b9472
000002:e8531d6e7770d7118268ef0e,domain,000002,catalog-492214590d1d2ef4,Remote.it,rmm,host:auth.api.remote.it,auth.api.remote.it,auth.api.remote.it,1517,f483c46933a6c284e62d665a250c3e3f9d4582ea8741f67fe88c796e2e9b9472
000002:e87a1185907c9c9cdfb729e8,domain,000002,catalog-ef056b508ae76713,Absolute (Computrace),rmm,host:server.absolute.com,*.server.absolute.com,server.absolute.com,1517,f483c46933a6c284e62d665a250c3e3f9d4582ea8741f67fe88c796e2e9b9472
000002:e90a8f4cf6fe51d7fecc9377,domain,000002,site24x7,Site24x7,management,host:site24x7.net.au,plus*.site24x7.net.au,site24x7.net.au,1517,f483c46933a6c284e62d665a250c3e3f9d4582ea8741f67fe88c796e2e9b9472
000002:e9195fb98872afad95d42875,domain,000002,catalog-450e807e8604c49f,FixMe.it,rmm,host:fixme.it,*.fixme.it,fixme.it,1517,f483c46933a6c284e62d665a250c3e3f9d4582ea8741f67fe88c796e2e9b9472
000002:e944986f74c560a5f7279b9b,process,000002,site24x7,Site24x7,management,name:meagenthelper.exe,meagenthelper.exe,,1517,f483c46933a6c284e62d665a250c3e3f9d4582ea8741f67fe88c796e2e9b9472
000002:e96ec119de5e5361e40b242d,domain,000002,catalog-edc77597bb699a1d,Faronics Deploy,rmm,host:29qoj3q0yf.execute-api.us-west-2.amazonaws.com,29qoj3q0yf.execute-api.us-west-2.amazonaws.com,29qoj3q0yf.execute-api.us-west-2.amazonaws.com,1517,f483c46933a6c284e62d665a250c3e3f9d4582ea8741f67fe88c796e2e9b9472
000002:ea3c7097d69f147b11ca7cdf,domain,000002,catalog-e1b93a7e9b0871a2,RemoteAgentAgent,rmm,host:app-af-agent-prod-009.azurewebsites.net,app-af-agent-prod-009.azurewebsites.net,app-af-agent-prod-009.azurewebsites.net,1517,f483c46933a6c284e62d665a250c3e3f9d4582ea8741f67fe88c796e2e9b9472
000002:ea5ac38bd5aa2f93d73d47dd,process,000002,catalog-4aa53e7ac73606db,RemSupp,rmm,name:uninstall remsupp.exe,uninstall remsupp.exe,,1517,f483c46933a6c284e62d665a250c3e3f9d4582ea8741f67fe88c796e2e9b9472
000002:ea97b34baedb5392278f5672,domain,000002,catalog-6fb0db047c3a739e,Vicarius vRx,rmm,host:vicarius-ap-southeast-3-release.s3.amazonaws.com,vicarius-ap-southeast-3-release.s3.amazonaws.com,vicarius-ap-southeast-3-release.s3.amazonaws.com,1517,f483c46933a6c284e62d665a250c3e3f9d4582ea8741f67fe88c796e2e9b9472
000002:eab6a0e457f6e6399fa03455,process,000002,catalog-8e505bee2a84aaa8,GoToMyPC,rmm,name:g2mview.exe,g2mview.exe,,1517,f483c46933a6c284e62d665a250c3e3f9d4582ea8741f67fe88c796e2e9b9472
000002:eb2112331cf353d9f35832ac,process,000002,catalog-19b198de7105fe49,Freshservice,rmm,name:fsagentcrashstatusupdater.exe,fsagentcrashstatusupdater.exe,,1517,f483c46933a6c284e62d665a250c3e3f9d4582ea8741f67fe88c796e2e9b9472
000002:eb41ce41cef0f586d65d385e,process,000002,catalog-8af9b8f9f766bf43,GoToAssist (GoTo Resolve),rmm,name:gotoresolvequickview.exe,gotoresolvequickview.exe,,1517,f483c46933a6c284e62d665a250c3e3f9d4582ea8741f67fe88c796e2e9b9472
000002:eb6a7ecc11046ceb7c45c115,process,000002,catalog-edc77597bb699a1d,Faronics Deploy,rmm,name:fwaservice.exe,fwaservice.exe,,1517,f483c46933a6c284e62d665a250c3e3f9d4582ea8741f67fe88c796e2e9b9472
000002:eb6f1288c81fb210c8ae0adf,domain,000002,catalog-fed45d5486df3eda,PDQ Connect,rmm,host:app.pdq.com,app.pdq.com,app.pdq.com,1517,f483c46933a6c284e62d665a250c3e3f9d4582ea8741f67fe88c796e2e9b9472
000002:eb828d09820b33f5bc74f9d0,domain,000002,catalog-a75e4c9e91678258,FleetDeck.io,rmm,host:agentmqtt.fleetdeck.io,agentmqtt.fleetdeck.io,agentmqtt.fleetdeck.io,1517,f483c46933a6c284e62d665a250c3e3f9d4582ea8741f67fe88c796e2e9b9472
000002:eb9347f33853af59aa62f806,process,000002,catalog-19b198de7105fe49,Freshservice,rmm,name:plink.exe,plink.exe,,1517,f483c46933a6c284e62d665a250c3e3f9d4582ea8741f67fe88c796e2e9b9472
000002:ebc188e6c6c05a17e469124b,process,000002,catalog-4434ac3173d24efc,Ericom Connect,rmm,name:ericomconnectconfigurationtool.exe,ericomconnectconfigurationtool.exe,,1517,f483c46933a6c284e62d665a250c3e3f9d4582ea8741f67fe88c796e2e9b9472
000002:ebc3230ba16d34841a598432,process,000002,catalog-eac2e347232421be,SimpleHelp,rmm,name:simplegatewayservice.exe,simplegatewayservice.exe,,1517,f483c46933a6c284e62d665a250c3e3f9d4582ea8741f67fe88c796e2e9b9472
000002:ec2decb61bad7e23242d2436,domain,000002,catalog-19b198de7105fe49,Freshservice,rmm,host:fstools.freshasset.com,fstools.freshasset.com,fstools.freshasset.com,1517,f483c46933a6c284e62d665a250c3e3f9d4582ea8741f67fe88c796e2e9b9472
000002:ec391b58c58e10be47833394,domain,000002,catalog-dc6f3e6eb98fbaae,TrustConnect,rmm,host:trustconnectsoftware.com,trustconnectsoftware.com,trustconnectsoftware.com,1517,f483c46933a6c284e62d665a250c3e3f9d4582ea8741f67fe88c796e2e9b9472
000002:ec5b9a68cfc9247b6e51f168,domain,000002,catalog-b34ff75330fc58c8,OpsBridge Agent,rmm,host:opsbridge.digital,opsbridge.digital,opsbridge.digital,1517,f483c46933a6c284e62d665a250c3e3f9d4582ea8741f67fe88c796e2e9b9472
000002:ec797b9bf22fa29d59c8c577,process,000002,catalog-a75e4c9e91678258,FleetDeck.io,rmm,name:fleetdeck_commander_svc.exe,fleetdeck_commander_svc.exe,,1517,f483c46933a6c284e62d665a250c3e3f9d4582ea8741f67fe88c796e2e9b9472
000002:ec87addb08f6808adf26f0c3,domain,000002,catalog-1e085f489fa06707,Teramind,rmm,host:teramind.co,*.teramind.co,teramind.co,1517,f483c46933a6c284e62d665a250c3e3f9d4582ea8741f67fe88c796e2e9b9472
000002:ecc3c5e7dcabacd85922ae2a,process,000002,catalog-f2b83343b98112e8,Level.io,rmm,name:level-remote-control-ffmpeg.exe,level-remote-control-ffmpeg.exe,,1517,f483c46933a6c284e62d665a250c3e3f9d4582ea8741f67fe88c796e2e9b9472
000002:ecc8c83fd6a20c288e849823,process,000002,catalog-b65c5d5d98d6ebfc,BreezeRMM,rmm,name:breeze-user-helper.exe,breeze-user-helper.exe,,1517,f483c46933a6c284e62d665a250c3e3f9d4582ea8741f67fe88c796e2e9b9472
000002:ed097bc7a7bfd92538a1b175,process,000002,catalog-b8017c88d461ac1f,SysAid,rmm,name:ilias.exe,ilias.exe,,1517,f483c46933a6c284e62d665a250c3e3f9d4582ea8741f67fe88c796e2e9b9472
000002:ed0b7e385b3c5488f483c9e2,domain,000002,catalog-375d1adaba7f0c4d,Barracuda,rmm,host:islonline.net,*.islonline.net,islonline.net,1517,f483c46933a6c284e62d665a250c3e3f9d4582ea8741f67fe88c796e2e9b9472
000002:ed1e233c2c5be2485e66df20,domain,000002,catalog-e320fa2669c88f4f,LogMeIn rescue,rmm,host:logmeinrescue.com,logmeinrescue.com,logmeinrescue.com,1517,f483c46933a6c284e62d665a250c3e3f9d4582ea8741f67fe88c796e2e9b9472
000002:ed2d4afe5066749befaa0436,domain,000002,catalog-19b198de7105fe49,Freshservice,rmm,host:freshdev.io,*.freshdev.io,freshdev.io,1517,f483c46933a6c284e62d665a250c3e3f9d4582ea8741f67fe88c796e2e9b9472
000002:edb33d28edf29d6c9b0cab1b,domain,000002,catalog-c612721a1545c8f7,Domotz,rmm,host:domotz.com,domotz.com,domotz.com,1517,f483c46933a6c284e62d665a250c3e3f9d4582ea8741f67fe88c796e2e9b9472
000002:edc74e98bc51e6dfaca5d6fe,process,000002,awesun,AweSun,rmm,name:awesun.exe,awesun.exe,,1517,f483c46933a6c284e62d665a250c3e3f9d4582ea8741f67fe88c796e2e9b9472
000002:ede874c9e4f0675f85c75675,domain,000002,catalog-510fd4be305ad43e,Mikogo,rmm,host:real-time-collaboration.com,*.real-time-collaboration.com,real-time-collaboration.com,1517,f483c46933a6c284e62d665a250c3e3f9d4582ea8741f67fe88c796e2e9b9472
000002:ee1a2991123b9b7b90fd649f,domain,000002,catalog-42e50b829f949d47,Monitic,rmm,host:turn.monitic.com,turn.monitic.com,turn.monitic.com,1517,f483c46933a6c284e62d665a250c3e3f9d4582ea8741f67fe88c796e2e9b9472
000002:ee9c58a77b38b9b37b0cc79f,domain,000002,catalog-19b198de7105fe49,Freshservice,rmm,host:in-freshbots.ai,*.in-freshbots.ai,in-freshbots.ai,1517,f483c46933a6c284e62d665a250c3e3f9d4582ea8741f67fe88c796e2e9b9472
000002:eea9c860258c8f7fc1cb0b19,domain,000002,catalog-117455c3b09c8245,Rapid7,rmm,host:endpoint.ingress.rapid7.com,*.endpoint.ingress.rapid7.com,endpoint.ingress.rapid7.com,1517,f483c46933a6c284e62d665a250c3e3f9d4582ea8741f67fe88c796e2e9b9472
000002:eebae7683fa794880d498829,domain,000002,catalog-9d9b2e68f4aa1513,RG System (RG Supervision),rmm,host:lisa.rg-supervision.com,lisa.rg-supervision.com,lisa.rg-supervision.com,1517,f483c46933a6c284e62d665a250c3e3f9d4582ea8741f67fe88c796e2e9b9472
000002:eebcb3e2ca84c73f68677e10,process,000002,catalog-f97fd28a28d4e8c5,Gorelo RMM,rmm,name:gorelo.rmm.setup.exe,gorelo.rmm.setup.exe,,1517,f483c46933a6c284e62d665a250c3e3f9d4582ea8741f67fe88c796e2e9b9472
000002:eec46096f27ae3e64c4951d6,domain,000002,catalog-b11823ea2cb74c56,N-Able Advanced Monitoring Agent,rmm,host:systemmonitor.eu.com,systemmonitor.eu.com,systemmonitor.eu.com,1517,f483c46933a6c284e62d665a250c3e3f9d4582ea8741f67fe88c796e2e9b9472
000002:ef0f8c12f3d4ef9b170064d3,domain,000002,catalog-9d9b2e68f4aa1513,RG System (RG Supervision),rmm,host:api.rg-supervision.com,api.rg-supervision.com,api.rg-supervision.com,1517,f483c46933a6c284e62d665a250c3e3f9d4582ea8741f67fe88c796e2e9b9472
000002:ef14d565b81231c581021f95,domain,000002,catalog-70e7fa11e2474af8,GetScreen,rmm,host:getscreen.me,px-*.getscreen.me,getscreen.me,1517,f483c46933a6c284e62d665a250c3e3f9d4582ea8741f67fe88c796e2e9b9472
000002:ef2d5db27f2cff91608bfbf5,process,000002,catalog-29fc52e7e8a4177c,ESET Remote Administrator,rmm,name:einstaller.exe,einstaller.exe,,1517,f483c46933a6c284e62d665a250c3e3f9d4582ea8741f67fe88c796e2e9b9472
000002:ef48e075e5a4a99d80ae7106,process,000002,ambiguous-e451749d49a0a282,Ambiguous: Comodo RMM / Itarian,ambiguous,name:rviewer.exe,rviewer.exe,,1517,f483c46933a6c284e62d665a250c3e3f9d4582ea8741f67fe88c796e2e9b9472
000002:ef55508e907524cef6e5face,domain,000002,catalog-edc77597bb699a1d,Faronics Deploy,rmm,host:remotepro-ap-southeast-1.faronicsdeploy.com,remotepro-ap-southeast-1.faronicsdeploy.com,remotepro-ap-southeast-1.faronicsdeploy.com,1517,f483c46933a6c284e62d665a250c3e3f9d4582ea8741f67fe88c796e2e9b9472
000002:ef5cb63a196b4468882abecc,process,000002,ambiguous-715b768fe92231b1,Ambiguous: Pocket Cloud (Wyse) / Pocket Controller,ambiguous,name:pocketcloudservice.exe,pocketcloudservice.exe,,1517,f483c46933a6c284e62d665a250c3e3f9d4582ea8741f67fe88c796e2e9b9472
000002:f048fe6476a5adde3e08c063,domain,000002,catalog-16556f79cd2448b7,Laplink Everywhere,rmm,host:atled.syspectr.com,atled.syspectr.com,atled.syspectr.com,1517,f483c46933a6c284e62d665a250c3e3f9d4582ea8741f67fe88c796e2e9b9472
000002:f069035beabe190252d584ec,domain,000002,catalog-54d05f68342f7b10,GLPI Agent,rmm,host:glpi-network.com,glpi-network.com,glpi-network.com,1517,f483c46933a6c284e62d665a250c3e3f9d4582ea8741f67fe88c796e2e9b9472
000002:f08e71d679f1d870991428e5,process,000002,catalog-9a56c56eb4d47199,RemoteCall,rmm,name:agentu.exe,agentu.exe,,1517,f483c46933a6c284e62d665a250c3e3f9d4582ea8741f67fe88c796e2e9b9472
000002:f09e67828289bef644579017,domain,000002,catalog-e320fa2669c88f4f,LogMeIn rescue,rmm,host:logmein-gateway.com,rescue-list.*.logmein-gateway.com,logmein-gateway.com,1517,f483c46933a6c284e62d665a250c3e3f9d4582ea8741f67fe88c796e2e9b9472
000002:f0a8f11ec31086574fb9dcf4,domain,000002,catalog-87bcdcc84dd22d1d,ShowMyPC,rmm,host:showmypc.com,showmypc.com,showmypc.com,1517,f483c46933a6c284e62d665a250c3e3f9d4582ea8741f67fe88c796e2e9b9472
000002:f0b69ab72a6995b6a3272665,domain,000002,catalog-a048362b91f0d448,MSP360,rmm,host:msp360.com,*.msp360.com,msp360.com,1517,f483c46933a6c284e62d665a250c3e3f9d4582ea8741f67fe88c796e2e9b9472
000002:f0c2137bf12cc2454123187e,process,000002,catalog-f2b83343b98112e8,Level.io,rmm,name:level-windows-amd64.exe,level-windows-amd64.exe,,1517,f483c46933a6c284e62d665a250c3e3f9d4582ea8741f67fe88c796e2e9b9472
000002:f0c4bd1cb303fda4d096b5ba,domain,000002,catalog-ef056b508ae76713,Absolute (Computrace),rmm,host:search.namequery.com,search.namequery.com,search.namequery.com,1517,f483c46933a6c284e62d665a250c3e3f9d4582ea8741f67fe88c796e2e9b9472
000002:f0d804690acc5c80804a7c42,domain,000002,catalog-9de6935b812ac8af,Duet Display,rmm,host:duetdisplay.com,*.duetdisplay.com,duetdisplay.com,1517,f483c46933a6c284e62d665a250c3e3f9d4582ea8741f67fe88c796e2e9b9472
000002:f0f6211127f126d00e41fe9d,domain,000002,catalog-c52e6b18e0f32d9f,CloudFlare Tunnel,rmm,host:_v2-origintunneld._tcp.argotunnel.com,_v2-origintunneld._tcp.argotunnel.com,_v2-origintunneld._tcp.argotunnel.com,1517,f483c46933a6c284e62d665a250c3e3f9d4582ea8741f67fe88c796e2e9b9472
000002:f0feb89e282485eaaa395263,process,000002,catalog-690bc94bb57a5bc3,Parallels Access,rmm,prefix:parallelsaccess,parallelsaccess-*.exe,,1517,f483c46933a6c284e62d665a250c3e3f9d4582ea8741f67fe88c796e2e9b9472
000002:f11fc066f4a6df929fd9377b,process,000002,catalog-edc77597bb699a1d,Faronics Deploy,rmm,name:usernotificationhelper.exe,usernotificationhelper.exe,,1517,f483c46933a6c284e62d665a250c3e3f9d4582ea8741f67fe88c796e2e9b9472
000002:f12a20fb804aaae66163fc28,process,000002,catalog-8e505bee2a84aaa8,GoToMyPC,rmm,name:g2mmaterials.exe,g2mmaterials.exe,,1517,f483c46933a6c284e62d665a250c3e3f9d4582ea8741f67fe88c796e2e9b9472
000002:f15c5a292842f9236afd0570,domain,000002,catalog-3694a3d7392f1b09,Faronics Insight,rmm,host:www.faronics.com,www.faronics.com,www.faronics.com,1517,f483c46933a6c284e62d665a250c3e3f9d4582ea8741f67fe88c796e2e9b9472
000002:f178037cdec7c6583c01cfc4,domain,000002,catalog-3ebdfee426cceb46,Atera,rmm,host:ps.atera.com,ps.atera.com,ps.atera.com,1517,f483c46933a6c284e62d665a250c3e3f9d4582ea8741f67fe88c796e2e9b9472
000002:f1aaa1d679f26cc08fc7d7e3,process,000002,catalog-bcaaa38f1a847568,Zecurit,rmm,name:zecuritagenttray.exe,zecuritagenttray.exe,,1517,f483c46933a6c284e62d665a250c3e3f9d4582ea8741f67fe88c796e2e9b9472
000002:f1c6aa971609507a5a020782,process,000002,catalog-b17d66fb261be877,Ammyy Admin,rmm,name:ammyy_admin.exe,ammyy_admin.exe,,1517,f483c46933a6c284e62d665a250c3e3f9d4582ea8741f67fe88c796e2e9b9472
000002:f1db6c05b055d6711e127e3f,process,000002,catalog-5463f7cb4814e95b,Syspectr,rmm,name:oosyspectr.exe,oosyspectr.exe,,1517,f483c46933a6c284e62d665a250c3e3f9d4582ea8741f67fe88c796e2e9b9472
000002:f1f5ae7d6aff0125bd2ec855,process,000002,catalog-4ff6a47a34b0e00c,GoToAssist,rmm,name:g2ax_comm_customer.exe,g2ax_comm_customer.exe,,1517,f483c46933a6c284e62d665a250c3e3f9d4582ea8741f67fe88c796e2e9b9472
000002:f200495b825e04fc2de3094c,process,000002,catalog-9de6935b812ac8af,Duet Display,rmm,name:duet.exe,duet.exe,,1517,f483c46933a6c284e62d665a250c3e3f9d4582ea8741f67fe88c796e2e9b9472
000002:f24a3ec964d6edf72cd2d16f,process,000002,catalog-86010c046ccf8107,KiTTY,rmm,name:kitty.exe,kitty.exe,,1517,f483c46933a6c284e62d665a250c3e3f9d4582ea8741f67fe88c796e2e9b9472
000002:f35798ffea63282716bd8baf,process,000002,catalog-8e505bee2a84aaa8,GoToMyPC,rmm,name:g2quick.exe,g2quick.exe,,1517,f483c46933a6c284e62d665a250c3e3f9d4582ea8741f67fe88c796e2e9b9472
000002:f36abb99d80ade9dee4d2839,process,000002,catalog-a75e4c9e91678258,FleetDeck.io,rmm,name:fleetdeck_agent.exe,fleetdeck_agent.exe,,1517,f483c46933a6c284e62d665a250c3e3f9d4582ea8741f67fe88c796e2e9b9472
000002:f36afd1d03e084c3a707326d,process,000002,catalog-8e505bee2a84aaa8,GoToMyPC,rmm,name:g2mcoreinstextractor.exe,g2mcoreinstextractor.exe,,1517,f483c46933a6c284e62d665a250c3e3f9d4582ea8741f67fe88c796e2e9b9472
000002:f37051183b9878f7a6ba9719,process,000002,catalog-7886a9002d0be970,Centurion,rmm,name:ctiserv.exe,ctiserv.exe,,1517,f483c46933a6c284e62d665a250c3e3f9d4582ea8741f67fe88c796e2e9b9472
000002:f3d250fbfe2c034ee13e30e3,process,000002,ambiguous-2be5dcedee84507b,Ambiguous: Connectwise Automate (LabTech) / LabTeach (Connectwise Automate) / LabTech RMM (Now ConnectWise Automate),ambiguous,name:ltsvc.exe,ltsvc.exe,,1517,f483c46933a6c284e62d665a250c3e3f9d4582ea8741f67fe88c796e2e9b9472
000002:f3dc006a5a559dc2bc650fcf,process,000002,catalog-efa8e08b880acd8b,Action1,rmm,name:action1_remote.exe,action1_remote.exe,,1517,f483c46933a6c284e62d665a250c3e3f9d4582ea8741f67fe88c796e2e9b9472
000002:f3e1abbd868bc62c2d67093b,process,000002,catalog-9767aa2170601b2d,RemotePass,rmm,name:remotepass-access.exe,remotepass-access.exe,,1517,f483c46933a6c284e62d665a250c3e3f9d4582ea8741f67fe88c796e2e9b9472
000002:f3e1e0df7e8ee9b56fd138d1,domain,000002,catalog-51372b129cf51bda,PiTunnel,rmm,host:www.pitunnel.com,www.pitunnel.com,www.pitunnel.com,1517,f483c46933a6c284e62d665a250c3e3f9d4582ea8741f67fe88c796e2e9b9472
000002:f4166ddfd5054a824d9715a7,domain,000002,catalog-b4e25d2c726f0d96,baramundi Management Suite,rmm,host:docs.baramundi.com,docs.baramundi.com,docs.baramundi.com,1517,f483c46933a6c284e62d665a250c3e3f9d4582ea8741f67fe88c796e2e9b9472
000002:f43c4e94b0d197d756065a94,domain,000002,catalog-84b6f03ebe1a7594,ngrok,rmm,host:connect.sa.ngrok-agent.com,connect.sa.ngrok-agent.com,connect.sa.ngrok-agent.com,1517,f483c46933a6c284e62d665a250c3e3f9d4582ea8741f67fe88c796e2e9b9472
000002:f443b5391aaec5521ebc48a7,domain,000002,catalog-1709305c9fa966d1,Level,rmm,host:level.io,level.io,level.io,1517,f483c46933a6c284e62d665a250c3e3f9d4582ea8741f67fe88c796e2e9b9472
000002:f48889cc8d9fd28d7234ddfb,domain,000002,catalog-9aa6fcc20ffa26a9,HelpWire,rmm,host:staging.helpwire.app,staging.helpwire.app,staging.helpwire.app,1517,f483c46933a6c284e62d665a250c3e3f9d4582ea8741f67fe88c796e2e9b9472
000002:f48dddd00a17c69ab80823d8,domain,000002,catalog-ae851acb9464e734,Iperius Remote,rmm,host:iperius-rs.com,*.iperius-rs.com,iperius-rs.com,1517,f483c46933a6c284e62d665a250c3e3f9d4582ea8741f67fe88c796e2e9b9472
000002:f4a31e8b8899be530554ed67,process,000002,catalog-450e807e8604c49f,FixMe.it,rmm,name:fixmeit client.exe,fixmeit client.exe,,1517,f483c46933a6c284e62d665a250c3e3f9d4582ea8741f67fe88c796e2e9b9472
000002:f4a8372f7824efa67d6fe65d,domain,000002,catalog-88d90e2eef3374ce,Tailscale,rmm,host:tailscale.com,*.tailscale.com,tailscale.com,1517,f483c46933a6c284e62d665a250c3e3f9d4582ea8741f67fe88c796e2e9b9472
000002:f4eff274c4872dda47bc569a,domain,000002,catalog-748871b38df3c11d,LocalXpose,rmm,host:localxpose.io,*.localxpose.io,localxpose.io,1517,f483c46933a6c284e62d665a250c3e3f9d4582ea8741f67fe88c796e2e9b9472
000002:f50a8312536f132f68fb1aa1,domain,000002,catalog-3e93ab9fa5a4e67f,Itarian,rmm,host:servicedesk.itarian.com,servicedesk.itarian.com,servicedesk.itarian.com,1517,f483c46933a6c284e62d665a250c3e3f9d4582ea8741f67fe88c796e2e9b9472
000002:f541ab368e4a4fe51a700e64,process,000002,anydesk,AnyDesk,rmm,name:anydesk.exe,anydesk.exe,,1517,f483c46933a6c284e62d665a250c3e3f9d4582ea8741f67fe88c796e2e9b9472
000002:f55af03b0217d7619c7c8a16,domain,000002,catalog-c52e6b18e0f32d9f,CloudFlare Tunnel,rmm,host:cfargotunnel.com,*.cfargotunnel.com,cfargotunnel.com,1517,f483c46933a6c284e62d665a250c3e3f9d4582ea8741f67fe88c796e2e9b9472
000002:f62547fb122b2a55fe7f2039,domain,000002,catalog-a2673ad890233845,BlackCrypt RMM Agent,rmm,host:blackcryptknight.com,blackcryptknight.com,blackcryptknight.com,1517,f483c46933a6c284e62d665a250c3e3f9d4582ea8741f67fe88c796e2e9b9472
000002:f62f05305ffd4eee0d9146d6,domain,000002,catalog-eac2e347232421be,SimpleHelp,rmm,host:microuptime.com,microuptime.com,microuptime.com,1517,f483c46933a6c284e62d665a250c3e3f9d4582ea8741f67fe88c796e2e9b9472
000002:f6497430731b2e6454e02d57,process,000002,catalog-02d60382ee6d0dcd,Ninite Pro (Ninite Agent),rmm,name:niniteagent.exe,niniteagent.exe,,1517,f483c46933a6c284e62d665a250c3e3f9d4582ea8741f67fe88c796e2e9b9472
000002:f64fdbf4379f1bd040a2f6aa,domain,000002,catalog-47d751a25665480e,TiFLUX,rmm,host:www.tiflux.com,www.tiflux.com,www.tiflux.com,1517,f483c46933a6c284e62d665a250c3e3f9d4582ea8741f67fe88c796e2e9b9472
000002:f658919da5b0a1e164849838,process,000002,catalog-8af9b8f9f766bf43,GoToAssist (GoTo Resolve),rmm,name:gotoresolveservicemanager.exe,gotoresolveservicemanager.exe,,1517,f483c46933a6c284e62d665a250c3e3f9d4582ea8741f67fe88c796e2e9b9472
000002:f67e0ac8d52fbfde047e1db3,process,000002,catalog-c9131c873766f2a1,OptiTune,rmm,name:otpowershell.exe,otpowershell.exe,,1517,f483c46933a6c284e62d665a250c3e3f9d4582ea8741f67fe88c796e2e9b9472
000002:f68896550dce011bc2434bfd,process,000002,catalog-279efe93ccb7d9eb,Goverlan,rmm,name:goverrmc.exe,goverrmc.exe,,1517,f483c46933a6c284e62d665a250c3e3f9d4582ea8741f67fe88c796e2e9b9472
000002:f6aa4b27cc135796b49b73d9,domain,000002,catalog-9de6935b812ac8af,Duet Display,rmm,host:itagent.com,*.itagent.com,itagent.com,1517,f483c46933a6c284e62d665a250c3e3f9d4582ea8741f67fe88c796e2e9b9472
000002:f6ac7140ee83b2a4825a412f,domain,000002,catalog-3ebdfee426cceb46,Atera,rmm,host:agentreporting.atera.com,agentreporting.atera.com,agentreporting.atera.com,1517,f483c46933a6c284e62d665a250c3e3f9d4582ea8741f67fe88c796e2e9b9472
000002:f6fbddc1d6c550316cef32cf,process,000002,sunlogin,SunLogin,rmm,name:orayremoteshell.exe,orayremoteshell.exe,,1517,f483c46933a6c284e62d665a250c3e3f9d4582ea8741f67fe88c796e2e9b9472
000002:f6ffdffa322735ef88cbce47,process,000002,catalog-53b6d6d5420e470d,VIZOR,rmm,name:closeapp.exe,closeapp.exe,,1517,f483c46933a6c284e62d665a250c3e3f9d4582ea8741f67fe88c796e2e9b9472
000002:f71b5779148c06692af068aa,domain,000002,catalog-9aa6fcc20ffa26a9,HelpWire,rmm,host:account.flexihub.com,account.flexihub.com,account.flexihub.com,1517,f483c46933a6c284e62d665a250c3e3f9d4582ea8741f67fe88c796e2e9b9472
000002:f72f007a31618ea12f949b3a,domain,000002,catalog-4003b1ba00e39c78,FastViewer,rmm,host:fastviewer.com,*.fastviewer.com,fastviewer.com,1517,f483c46933a6c284e62d665a250c3e3f9d4582ea8741f67fe88c796e2e9b9472
000002:f741802fdbc7e02f1743750f,domain,000002,catalog-330dd78fc312f0b0,ManageEngine ServiceDesk Plus,rmm,host:manageengine.com,*.manageengine.com,manageengine.com,1517,f483c46933a6c284e62d665a250c3e3f9d4582ea8741f67fe88c796e2e9b9472
000002:f77e59b458feed3ac682895c,process,000002,catalog-a048362b91f0d448,MSP360,rmm,name:rmm.agent.exe,rmm.agent.exe,,1517,f483c46933a6c284e62d665a250c3e3f9d4582ea8741f67fe88c796e2e9b9472
000002:f7b3554b8e4000065042f784,process,000002,catalog-67558ae5fcbed70e,InvGate,rmm,name:invgateassetsrd.exe,invgateassetsrd.exe,,1517,f483c46933a6c284e62d665a250c3e3f9d4582ea8741f67fe88c796e2e9b9472
000002:f80583cc78b0299eb52c098d,domain,000002,catalog-6f5b168023747424,Fortra,rmm,host:fortra.com,fortra.com,fortra.com,1517,f483c46933a6c284e62d665a250c3e3f9d4582ea8741f67fe88c796e2e9b9472
000002:f84c915040217fe68c06bb50,process,000002,todesk,ToDesk,rmm,name:todesk_setup.exe,todesk_setup.exe,,1517,f483c46933a6c284e62d665a250c3e3f9d4582ea8741f67fe88c796e2e9b9472
000002:f879ba89d49f232cb3f946f2,domain,000002,catalog-53b6d6d5420e470d,VIZOR,rmm,host:www.vizor.cloud,www.vizor.cloud,www.vizor.cloud,1517,f483c46933a6c284e62d665a250c3e3f9d4582ea8741f67fe88c796e2e9b9472
000002:f8c448e941034c1c47da7cd2,process,000002,catalog-9b7c9820ef5da6fc,AnyViewer,rmm,name:avcore.exe,avcore.exe,,1517,f483c46933a6c284e62d665a250c3e3f9d4582ea8741f67fe88c796e2e9b9472
000002:f8db2e78f4735f8727fb9a41,domain,000002,catalog-47d751a25665480e,TiFLUX,rmm,host:tiflux.com.br,tiflux.com.br,tiflux.com.br,1517,f483c46933a6c284e62d665a250c3e3f9d4582ea8741f67fe88c796e2e9b9472
000002:f937455fdcc95cc4ee01c982,process,000002,zoho-assist,Zoho Assist,rmm,name:zaservice.exe,zaservice.exe,,1517,f483c46933a6c284e62d665a250c3e3f9d4582ea8741f67fe88c796e2e9b9472
000002:f93a8380987d6850bcc8c25d,process,000002,catalog-4020a3bc9c75baaa,Laplink Gold,rmm,name:tsircusr.exe,tsircusr.exe,,1517,f483c46933a6c284e62d665a250c3e3f9d4582ea8741f67fe88c796e2e9b9472
000002:f947dd664c97204ef753adc1,process,000002,catalog-8af9b8f9f766bf43,GoToAssist (GoTo Resolve),rmm,name:gotoresolvetools64.exe,gotoresolvetools64.exe,,1517,f483c46933a6c284e62d665a250c3e3f9d4582ea8741f67fe88c796e2e9b9472
000002:f96b14ad590944e249d54e8c,domain,000002,catalog-b11823ea2cb74c56,N-Able Advanced Monitoring Agent,rmm,host:system-monitor.com,*.system-monitor.com,system-monitor.com,1517,f483c46933a6c284e62d665a250c3e3f9d4582ea8741f67fe88c796e2e9b9472
000002:f975e6af68da0a681ce57605,domain,000002,catalog-2c2952a69bb8f27e,RemoteUtilities,rmm,host:remoteutilities.com,remoteutilities.com,remoteutilities.com,1517,f483c46933a6c284e62d665a250c3e3f9d4582ea8741f67fe88c796e2e9b9472
000002:f9797ffc4e37aedb22fd52e4,process,000002,catalog-218c9157d7523e5e,rdpwrap,rmm,name:rdpconf.exe,rdpconf.exe,,1517,f483c46933a6c284e62d665a250c3e3f9d4582ea8741f67fe88c796e2e9b9472
000002:f9874ecb67f79c5f63b44731,process,000002,catalog-02a58e4503fc1f09,DW Service,rmm,name:dwagent.exe,dwagent.exe,,1517,f483c46933a6c284e62d665a250c3e3f9d4582ea8741f67fe88c796e2e9b9472
000002:f9a091251eb9c5a03b47da5b,domain,000002,catalog-edc77597bb699a1d,Faronics Deploy,rmm,host:faronics-deploy-int-production-installers.s3.eu-west-1.amazonaws.com,faronics-deploy-int-production-installers.s3.eu-west-1.amazonaws.com,faronics-deploy-int-production-installers.s3.eu-west-1.amazonaws.com,1517,f483c46933a6c284e62d665a250c3e3f9d4582ea8741f67fe88c796e2e9b9472
000002:f9c92b379d91166cb6b69bbf,process,000002,catalog-218c9157d7523e5e,rdpwrap,rmm,name:rdpwinst.exe,rdpwinst.exe,,1517,f483c46933a6c284e62d665a250c3e3f9d4582ea8741f67fe88c796e2e9b9472
000002:f9dad2e2ba918a6b338b367a,domain,000002,catalog-93115f6856c5fec3,NetBird,rmm,host:192.3.95.152,192.3.95.152,192.3.95.152,1517,f483c46933a6c284e62d665a250c3e3f9d4582ea8741f67fe88c796e2e9b9472
000002:fa26051a09fa02d33a1657cc,domain,000002,catalog-af4e78c4cbaaae34,Pandora RC (eHorus),rmm,host:portal.ehorus.com,portal.ehorus.com,portal.ehorus.com,1517,f483c46933a6c284e62d665a250c3e3f9d4582ea8741f67fe88c796e2e9b9472
000002:fa368ce601816b6a28af745a,domain,000002,catalog-fb833f5663bf1c70,I'm InTouch,rmm,host:01com.com,*.01com.com,01com.com,1517,f483c46933a6c284e62d665a250c3e3f9d4582ea8741f67fe88c796e2e9b9472
000002:fa597d9e587f29b4868498e5,domain,000002,catalog-bf2638a75793a7b8,ezHelp,rmm,host:ezhelp.co.kr,ezhelp.co.kr,ezhelp.co.kr,1517,f483c46933a6c284e62d665a250c3e3f9d4582ea8741f67fe88c796e2e9b9472
000002:fa8b095c5382540f7ee4a5d8,process,000002,catalog-74d3c028dbb300fc,NetSupport Manager,rmm,name:pcictlui.exe,pcictlui.exe,,1517,f483c46933a6c284e62d665a250c3e3f9d4582ea8741f67fe88c796e2e9b9472
000002:faa53c6550eb0f8db743bba8,process,000002,catalog-60849355f54453bc,Supremo,rmm,name:supremoservice.exe,supremoservice.exe,,1517,f483c46933a6c284e62d665a250c3e3f9d4582ea8741f67fe88c796e2e9b9472
000002:fac8f0a67352acd783ce7f2b,process,000002,catalog-c99866fa3bf72d26,Mremote,rmm,name:mremote-agent.exe,mremote-agent.exe,,1517,f483c46933a6c284e62d665a250c3e3f9d4582ea8741f67fe88c796e2e9b9472
000002:faf8accb296b708d45dcc6da,domain,000002,catalog-ae851acb9464e734,Iperius Remote,rmm,host:iperius.com,*.iperius.com,iperius.com,1517,f483c46933a6c284e62d665a250c3e3f9d4582ea8741f67fe88c796e2e9b9472
000002:fb3193976ac422720778f4aa,process,000002,catalog-21e65df4e86b4b08,Neturo,rmm,name:neturo.exe,neturo.exe,,1517,f483c46933a6c284e62d665a250c3e3f9d4582ea8741f67fe88c796e2e9b9472
000002:fb50aa43d63a7e6fcd349849,process,000002,catalog-75c050028a47742e,Lunixar,rmm,name:lunixarremote.exe,lunixarremote.exe,,1517,f483c46933a6c284e62d665a250c3e3f9d4582ea8741f67fe88c796e2e9b9472
000002:fb6abca418c4a8e6fe4cbc59,domain,000002,catalog-b55eae1cba3b4cb9,UltraViewer,rmm,host:ultraviewer.net,*.ultraviewer.net,ultraviewer.net,1517,f483c46933a6c284e62d665a250c3e3f9d4582ea8741f67fe88c796e2e9b9472
000002:fb83b4a79ac6e8a8603bb73c,domain,000002,catalog-1e56767c5f9119ca,Overlord,rmm,host:pandoramods.top,pandoramods.top,pandoramods.top,1517,f483c46933a6c284e62d665a250c3e3f9d4582ea8741f67fe88c796e2e9b9472
000002:fbaa179bca3b5263ffe205da,process,000002,endpoint-central,ManageEngine Endpoint Central,management,name:manageengine_remote_access_plus.exe,manageengine_remote_access_plus.exe,,1517,f483c46933a6c284e62d665a250c3e3f9d4582ea8741f67fe88c796e2e9b9472
000002:fbbf7b0aff0cfd5281ceeb09,domain,000002,catalog-2fd814c3858c735c,NinjaRMM,rmm,host:rmmservice.ca,rmmservice.ca,rmmservice.ca,1517,f483c46933a6c284e62d665a250c3e3f9d4582ea8741f67fe88c796e2e9b9472
000002:fbefffe69f453857f4375ff5,process,000002,catalog-9e62779bf3ea2cee,SkyFex,rmm,name:deskroll.exe,deskroll.exe,,1517,f483c46933a6c284e62d665a250c3e3f9d4582ea8741f67fe88c796e2e9b9472
000002:fbf8b3492fc7eb43f52c16b0,domain,000002,catalog-8c39d368ca004ef0,Jump Desktop,rmm,host:jumpto.me,*.jumpto.me,jumpto.me,1517,f483c46933a6c284e62d665a250c3e3f9d4582ea8741f67fe88c796e2e9b9472
000002:fcab991ef5139115fe61b0ba,domain,000002,teamviewer,TeamViewer,rmm,host:router15.teamviewer.com,router15.teamviewer.com,router15.teamviewer.com,1517,f483c46933a6c284e62d665a250c3e3f9d4582ea8741f67fe88c796e2e9b9472
000002:fcc9a3d5e206fb4f8bea7c02,process,000002,ambiguous-35798296b3a04aee,Ambiguous: Connectwise Automate (LabTech) / LabTech RMM (Now ConnectWise Automate),ambiguous,name:ltsvcmon.exe,ltsvcmon.exe,,1517,f483c46933a6c284e62d665a250c3e3f9d4582ea8741f67fe88c796e2e9b9472
000002:fcccec608cd823ad6827bcac,domain,000002,zoho-assist,Zoho Assist,rmm,host:downloads.zohodl.com.cn,downloads.zohodl.com.cn,downloads.zohodl.com.cn,1517,f483c46933a6c284e62d665a250c3e3f9d4582ea8741f67fe88c796e2e9b9472
000002:fd3868c20f326af500968d6d,process,000002,catalog-9b7c9820ef5da6fc,AnyViewer,rmm,name:screancap.exe,screancap.exe,,1517,f483c46933a6c284e62d665a250c3e3f9d4582ea8741f67fe88c796e2e9b9472
000002:fd4a0f0b7978e4ef30d1288d,domain,000002,catalog-84b6f03ebe1a7594,ngrok,rmm,host:connect.au.ngrok-agent.com,connect.au.ngrok-agent.com,connect.au.ngrok-agent.com,1517,f483c46933a6c284e62d665a250c3e3f9d4582ea8741f67fe88c796e2e9b9472
000002:fd90d254d900d7247efa998b,domain,000002,catalog-d6c2b40eb8a4b01c,HeartbeatRM,rmm,host:heartbeatrm.com,*.heartbeatrm.com,heartbeatrm.com,1517,f483c46933a6c284e62d665a250c3e3f9d4582ea8741f67fe88c796e2e9b9472
000002:fdf9f2af43492309e305af46,process,000002,catalog-08c83cfffb942f65,Devolutions Remote Desktop Manager,rmm,name:remotedesktopmanager.exe,remotedesktopmanager.exe,,1517,f483c46933a6c284e62d665a250c3e3f9d4582ea8741f67fe88c796e2e9b9472
000002:fe06b2a7fe1381c1fe873cd9,domain,000002,catalog-298f0633da0496bf,Visual Studio Dev Tunnel,rmm,host:rel.tunnels.api.visualstudio.com,*.rel.tunnels.api.visualstudio.com,rel.tunnels.api.visualstudio.com,1517,f483c46933a6c284e62d665a250c3e3f9d4582ea8741f67fe88c796e2e9b9472
000002:fe281fe5863115874f7cc48c,domain,000002,catalog-47d751a25665480e,TiFLUX,rmm,host:tiflux.com,*.tiflux.com,tiflux.com,1517,f483c46933a6c284e62d665a250c3e3f9d4582ea8741f67fe88c796e2e9b9472
000002:fe85fc8aab3d4ef99806ac32,process,000002,catalog-a048362b91f0d448,MSP360,rmm,name:remote desktop.exe,remote desktop.exe,,1517,f483c46933a6c284e62d665a250c3e3f9d4582ea8741f67fe88c796e2e9b9472
000002:fe93a66cbfe255ab85cdd217,process,000002,catalog-8e505bee2a84aaa8,GoToMyPC,rmm,name:goto.exe,goto.exe,,1517,f483c46933a6c284e62d665a250c3e3f9d4582ea8741f67fe88c796e2e9b9472
000002:ff0bf8a756cda31d2377012d,process,000002,catalog-7caae9f3cece9eff,DeskDay,rmm,prefix:ultimate,ultimate_*.exe,,1517,f483c46933a6c284e62d665a250c3e3f9d4582ea8741f67fe88c796e2e9b9472
000002:ff23f268b96a31488c5fc419,process,000002,catalog-53b6d6d5420e470d,VIZOR,rmm,name:pidupdater.exe,pidupdater.exe,,1517,f483c46933a6c284e62d665a250c3e3f9d4582ea8741f67fe88c796e2e9b9472
000002:ff2f432295012409ad398b2b,domain,000002,catalog-edc77597bb699a1d,Faronics Deploy,rmm,host:remotepro-ca-central-1.faronics.com,remotepro-ca-central-1.faronics.com,remotepro-ca-central-1.faronics.com,1517,f483c46933a6c284e62d665a250c3e3f9d4582ea8741f67fe88c796e2e9b9472
000002:ff373d0b4c56032f07d39740,process,000002,zoho-assist,Zoho Assist,rmm,name:toolsiq.exe,toolsiq.exe,,1517,f483c46933a6c284e62d665a250c3e3f9d4582ea8741f67fe88c796e2e9b9472
000002:ff87ea0e8bc3e3402e971584,domain,000002,catalog-9a56c56eb4d47199,RemoteCall,rmm,host:remotecall.com,*.remotecall.com,remotecall.com,1517,f483c46933a6c284e62d665a250c3e3f9d4582ea8741f67fe88c796e2e9b9472
000002:ffa8f9b85811023c422da0f2,domain,000002,catalog-097f802b72a90b59,CentraStage (Now Datto),rmm,host:cc.centrastage.net,cc.centrastage.net,cc.centrastage.net,1517,f483c46933a6c284e62d665a250c3e3f9d4582ea8741f67fe88c796e2e9b9472
000002:ffaa83efe1e260e05b7f4e75,process,000002,catalog-93115f6856c5fec3,NetBird,rmm,name:netbird-ui.exe,netbird-ui.exe,,1517,f483c46933a6c284e62d665a250c3e3f9d4582ea8741f67fe88c796e2e9b9472
000002:ffbb7f41e41068f40ebef5f2,process,000002,catalog-1e085f489fa06707,Teramind,rmm,name:teramind.setup.uiarm.exe,teramind.setup.uiarm.exe,,1517,f483c46933a6c284e62d665a250c3e3f9d4582ea8741f67fe88c796e2e9b9472
000002:fff246ed189694f76793d10d,domain,000002,catalog-67558ae5fcbed70e,InvGate,rmm,host:docs.invgate.net,docs.invgate.net,docs.invgate.net,1517,f483c46933a6c284e62d665a250c3e3f9d4582ea8741f67fe88c796e2e9b9472
000002:manifest,manifest,000002,,,,,,,1517,f483c46933a6c284e62d665a250c3e3f9d4582ea8741f67fe88c796e2e9b9472
